<?xml version="1.0" encoding="utf-8"?>
<COLLADA xmlns="http://www.collada.org/2005/11/COLLADASchema" version="1.4.1" xmlns:xsi="http://www.w3.org/2001/XMLSchema-instance">
  <asset>
    <contributor>
      <author>Blender User</author>
      <authoring_tool>Blender 3.0.1</authoring_tool>
    </contributor>
    <created>2026-05-24T07:44:24</created>
    <modified>2026-05-24T07:44:24</modified>
    <unit name="meter" meter="1"/>
    <up_axis>Z_UP</up_axis>
  </asset>
  <library_cameras>
    <camera id="Camera_002-camera" name="Camera.002">
      <optics>
        <technique_common>
          <perspective>
            <xfov sid="xfov">39.59775</xfov>
            <aspect_ratio>1.777778</aspect_ratio>
            <znear sid="znear">0.1</znear>
            <zfar sid="zfar">100</zfar>
          </perspective>
        </technique_common>
      </optics>
      <extra>
        <technique profile="blender">
          <shiftx sid="shiftx" type="float">0</shiftx>
          <shifty sid="shifty" type="float">0</shifty>
          <dof_distance sid="dof_distance" type="float">10</dof_distance>
        </technique>
      </extra>
    </camera>
    <camera id="Camera_001-camera" name="Camera.001">
      <optics>
        <technique_common>
          <perspective>
            <xfov sid="xfov">39.59775</xfov>
            <aspect_ratio>1.777778</aspect_ratio>
            <znear sid="znear">0.1</znear>
            <zfar sid="zfar">100</zfar>
          </perspective>
        </technique_common>
      </optics>
      <extra>
        <technique profile="blender">
          <shiftx sid="shiftx" type="float">0</shiftx>
          <shifty sid="shifty" type="float">0</shifty>
          <dof_distance sid="dof_distance" type="float">10</dof_distance>
        </technique>
      </extra>
    </camera>
    <camera id="Camera-camera" name="Camera">
      <optics>
        <technique_common>
          <perspective>
            <xfov sid="xfov">39.59775</xfov>
            <aspect_ratio>1.777778</aspect_ratio>
            <znear sid="znear">0.1</znear>
            <zfar sid="zfar">100</zfar>
          </perspective>
        </technique_common>
      </optics>
      <extra>
        <technique profile="blender">
          <shiftx sid="shiftx" type="float">0</shiftx>
          <shifty sid="shifty" type="float">0</shifty>
          <dof_distance sid="dof_distance" type="float">10</dof_distance>
        </technique>
      </extra>
    </camera>
  </library_cameras>
  <library_lights>
    <light id="Light_002-light" name="Light.002">
      <technique_common>
        <point>
          <color sid="color">1000 1000 1000</color>
          <constant_attenuation>1</constant_attenuation>
          <linear_attenuation>0</linear_attenuation>
          <quadratic_attenuation>0.00111109</quadratic_attenuation>
        </point>
      </technique_common>
      <extra>
        <technique profile="blender">
          <type sid="type" type="int">0</type>
          <flag sid="flag" type="int">0</flag>
          <mode sid="mode" type="int">1</mode>
          <gamma sid="blender_gamma" type="float">1</gamma>
          <red sid="red" type="float">1</red>
          <green sid="green" type="float">1</green>
          <blue sid="blue" type="float">1</blue>
          <shadow_r sid="blender_shadow_r" type="float">0</shadow_r>
          <shadow_g sid="blender_shadow_g" type="float">0</shadow_g>
          <shadow_b sid="blender_shadow_b" type="float">0</shadow_b>
          <energy sid="blender_energy" type="float">1000</energy>
          <dist sid="blender_dist" type="float">29.99998</dist>
          <spotsize sid="spotsize" type="float">75</spotsize>
          <spotblend sid="spotblend" type="float">0.15</spotblend>
          <att1 sid="att1" type="float">0</att1>
          <att2 sid="att2" type="float">1</att2>
          <falloff_type sid="falloff_type" type="int">2</falloff_type>
          <clipsta sid="clipsta" type="float">0.04999995</clipsta>
          <clipend sid="clipend" type="float">30.002</clipend>
          <bias sid="bias" type="float">1</bias>
          <soft sid="soft" type="float">3</soft>
          <bufsize sid="bufsize" type="int">2880</bufsize>
          <samp sid="samp" type="int">3</samp>
          <buffers sid="buffers" type="int">1</buffers>
          <area_shape sid="area_shape" type="int">1</area_shape>
          <area_size sid="area_size" type="float">0.1</area_size>
          <area_sizey sid="area_sizey" type="float">0.1</area_sizey>
          <area_sizez sid="area_sizez" type="float">1</area_sizez>
        </technique>
      </extra>
    </light>
    <light id="Light_001-light" name="Light.001">
      <technique_common>
        <point>
          <color sid="color">1000 1000 1000</color>
          <constant_attenuation>1</constant_attenuation>
          <linear_attenuation>0</linear_attenuation>
          <quadratic_attenuation>0.00111109</quadratic_attenuation>
        </point>
      </technique_common>
      <extra>
        <technique profile="blender">
          <type sid="type" type="int">0</type>
          <flag sid="flag" type="int">0</flag>
          <mode sid="mode" type="int">1</mode>
          <gamma sid="blender_gamma" type="float">1</gamma>
          <red sid="red" type="float">1</red>
          <green sid="green" type="float">1</green>
          <blue sid="blue" type="float">1</blue>
          <shadow_r sid="blender_shadow_r" type="float">0</shadow_r>
          <shadow_g sid="blender_shadow_g" type="float">0</shadow_g>
          <shadow_b sid="blender_shadow_b" type="float">0</shadow_b>
          <energy sid="blender_energy" type="float">1000</energy>
          <dist sid="blender_dist" type="float">29.99998</dist>
          <spotsize sid="spotsize" type="float">75</spotsize>
          <spotblend sid="spotblend" type="float">0.15</spotblend>
          <att1 sid="att1" type="float">0</att1>
          <att2 sid="att2" type="float">1</att2>
          <falloff_type sid="falloff_type" type="int">2</falloff_type>
          <clipsta sid="clipsta" type="float">0.04999995</clipsta>
          <clipend sid="clipend" type="float">30.002</clipend>
          <bias sid="bias" type="float">1</bias>
          <soft sid="soft" type="float">3</soft>
          <bufsize sid="bufsize" type="int">2880</bufsize>
          <samp sid="samp" type="int">3</samp>
          <buffers sid="buffers" type="int">1</buffers>
          <area_shape sid="area_shape" type="int">1</area_shape>
          <area_size sid="area_size" type="float">0.1</area_size>
          <area_sizey sid="area_sizey" type="float">0.1</area_sizey>
          <area_sizez sid="area_sizez" type="float">1</area_sizez>
        </technique>
      </extra>
    </light>
    <light id="Light-light" name="Light">
      <technique_common>
        <point>
          <color sid="color">1000 1000 1000</color>
          <constant_attenuation>1</constant_attenuation>
          <linear_attenuation>0</linear_attenuation>
          <quadratic_attenuation>0.00111109</quadratic_attenuation>
        </point>
      </technique_common>
      <extra>
        <technique profile="blender">
          <type sid="type" type="int">0</type>
          <flag sid="flag" type="int">0</flag>
          <mode sid="mode" type="int">1</mode>
          <gamma sid="blender_gamma" type="float">1</gamma>
          <red sid="red" type="float">1</red>
          <green sid="green" type="float">1</green>
          <blue sid="blue" type="float">1</blue>
          <shadow_r sid="blender_shadow_r" type="float">0</shadow_r>
          <shadow_g sid="blender_shadow_g" type="float">0</shadow_g>
          <shadow_b sid="blender_shadow_b" type="float">0</shadow_b>
          <energy sid="blender_energy" type="float">1000</energy>
          <dist sid="blender_dist" type="float">29.99998</dist>
          <spotsize sid="spotsize" type="float">75</spotsize>
          <spotblend sid="spotblend" type="float">0.15</spotblend>
          <att1 sid="att1" type="float">0</att1>
          <att2 sid="att2" type="float">1</att2>
          <falloff_type sid="falloff_type" type="int">2</falloff_type>
          <clipsta sid="clipsta" type="float">0.04999995</clipsta>
          <clipend sid="clipend" type="float">30.002</clipend>
          <bias sid="bias" type="float">1</bias>
          <soft sid="soft" type="float">3</soft>
          <bufsize sid="bufsize" type="int">2880</bufsize>
          <samp sid="samp" type="int">3</samp>
          <buffers sid="buffers" type="int">1</buffers>
          <area_shape sid="area_shape" type="int">1</area_shape>
          <area_size sid="area_size" type="float">0.1</area_size>
          <area_sizey sid="area_sizey" type="float">0.1</area_sizey>
          <area_sizez sid="area_sizez" type="float">1</area_sizez>
        </technique>
      </extra>
    </light>
  </library_lights>
  <library_effects>
    <effect id="Material_001-effect">
      <profile_COMMON>
        <technique sid="common">
          <lambert>
            <emission>
              <color sid="emission">0 0 0 1</color>
            </emission>
            <diffuse>
              <color sid="diffuse">0.25 0.25 0.25 1</color>
            </diffuse>
            <reflectivity>
              <float sid="specular">1</float>
            </reflectivity>
            <index_of_refraction>
              <float sid="ior">1.45</float>
            </index_of_refraction>
          </lambert>
        </technique>
      </profile_COMMON>
    </effect>
    <effect id="Material_002-effect">
      <profile_COMMON>
        <technique sid="common">
          <lambert>
            <emission>
              <color sid="emission">0 0 0 1</color>
            </emission>
            <diffuse>
              <color sid="diffuse">0.03106355 0.03106355 0.03106355 1</color>
            </diffuse>
            <reflectivity>
              <float sid="specular">1</float>
            </reflectivity>
            <index_of_refraction>
              <float sid="ior">1.45</float>
            </index_of_refraction>
          </lambert>
        </technique>
      </profile_COMMON>
    </effect>
  </library_effects>
  <library_images/>
  <library_materials>
    <material id="Material_001-material" name="Material.001">
      <instance_effect url="#Material_001-effect"/>
    </material>
    <material id="Material_002-material" name="Material.002">
      <instance_effect url="#Material_002-effect"/>
    </material>
  </library_materials>
  <library_geometries>
    <geometry id="Body2-mesh" name="Body2">
      <mesh>
        <source id="Body2-mesh-positions">
          <float_array id="Body2-mesh-positions-array" count="9219">0 2.0875 0.975 0.174093 2.0875 0.9593313 0.3425905 2.0875 0.912829 0.5000768 2.0875 0.8369876 0.6414903 2.0875 0.7342447 0.7622857 2.0875 0.6079026 0.8585807 2.0875 0.462022 0.9272801 2.0875 0.3012915 0.966176 2.0875 0.1308774 0.9740182 2.0875 -0.04374319 0.9505547 2.0875 -0.2169579 0.8965396 2.0875 -0.3831994 0.8137089 2.0875 -0.5371246 0.704725 2.0875 -0.6737861 0.5730906 2.0875 -0.7887916 0.4230366 2.0875 -0.8784447 0.2593859 2.0875 -0.9398638 0.08739829 2.0875 -0.9710749 -0.08739829 2.0875 -0.9710749 -0.2593859 2.0875 -0.9398638 -0.4230366 2.0875 -0.8784447 -0.5730906 2.0875 -0.7887916 -0.704725 2.0875 -0.6737861 -0.8137089 2.0875 -0.5371246 -0.8965396 2.0875 -0.3831994 -0.9505547 2.0875 -0.2169579 -0.9740182 2.0875 -0.04374319 -0.966176 2.0875 0.1308774 -0.9272801 2.0875 0.3012915 -0.8585807 2.0875 0.462022 -0.7622857 2.0875 0.6079026 -0.6414903 2.0875 0.7342447 -0.5000768 2.0875 0.8369876 -0.3425905 2.0875 0.912829 -0.174093 2.0875 0.9593313 0 2.1 0.9625 -0.1718609 2.1 0.9470322 -0.3381983 2.1 0.9011261 -0.4936655 2.1 0.826257 -0.633266 2.1 0.7248313 -0.7525128 2.1 0.6001089 -0.8475732 2.1 0.4560986 -0.9153919 2.1 0.2974289 -0.9537892 2.1 0.1291995 -0.9615308 2.1 -0.04318237 -0.9383682 2.1 -0.2141764 -0.8850455 2.1 -0.3782866 -0.8032768 2.1 -0.5302383 -0.69569 2.1 -0.6651478 -0.5657433 2.1 -0.7786788 -0.4176131 2.1 -0.8671826 -0.2560604 2.1 -0.9278143 -0.08627784 2.1 -0.9586253 0.08627784 2.1 -0.9586253 0.2560604 2.1 -0.9278143 0.4176131 2.1 -0.8671826 0.5657433 2.1 -0.7786788 0.69569 2.1 -0.6651478 0.8032768 2.1 -0.5302383 0.8850455 2.1 -0.3782866 0.9383682 2.1 -0.2141764 0.9615308 2.1 -0.04318237 0.9537892 2.1 0.1291995 0.9153919 2.1 0.2974289 0.8475732 2.1 0.4560986 0.7525128 2.1 0.6001089 0.633266 2.1 0.7248313 0.4936655 2.1 0.826257 0.3381983 2.1 0.9011261 0.1718609 2.1 0.9470322 0 2.0875 0.975 0 2.1 0.9625 0 2 0.975 0.174093 2 0.9593313 0.3425905 2 0.912829 0.5000768 2 0.8369876 0.6414903 2 0.7342447 0.7622857 2 0.6079026 0.8585807 2 0.462022 0.9272801 2 0.3012915 0.966176 2 0.1308774 0.9740182 2 -0.04374319 0.9505547 2 -0.2169579 0.8965396 2 -0.3831994 0.8137089 2 -0.5371246 0.704725 2 -0.6737861 0.5730906 2 -0.7887916 0.4230366 2 -0.8784447 0.2593859 2 -0.9398638 0.08739829 2 -0.9710749 -0.08739829 2 -0.9710749 -0.2593859 2 -0.9398638 -0.4230366 2 -0.8784447 -0.5730906 2 -0.7887916 -0.704725 2 -0.6737861 -0.8137089 2 -0.5371246 -0.8965396 2 -0.3831994 -0.9505547 2 -0.2169579 -0.9740182 2 -0.04374319 -0.966176 2 0.1308774 -0.9272801 2 0.3012915 -0.8585807 2 0.462022 -0.7622857 2 0.6079026 -0.6414903 2 0.7342447 -0.5000768 2 0.8369876 -0.3425905 2 0.912829 -0.174093 2 0.9593313 0 2.0875 0.975 -0.174093 2.0875 0.9593313 -0.3425905 2.0875 0.912829 -0.5000768 2.0875 0.8369876 -0.6414903 2.0875 0.7342447 -0.7622857 2.0875 0.6079026 -0.8585807 2.0875 0.462022 -0.9272801 2.0875 0.3012915 -0.966176 2.0875 0.1308774 -0.9740182 2.0875 -0.04374319 -0.9505547 2.0875 -0.2169579 -0.8965396 2.0875 -0.3831994 -0.8137089 2.0875 -0.5371246 -0.704725 2.0875 -0.6737861 -0.5730906 2.0875 -0.7887916 -0.4230366 2.0875 -0.8784447 -0.2593859 2.0875 -0.9398638 -0.08739829 2.0875 -0.9710749 0.08739829 2.0875 -0.9710749 0.2593859 2.0875 -0.9398638 0.4230366 2.0875 -0.8784447 0.5730906 2.0875 -0.7887916 0.704725 2.0875 -0.6737861 0.8137089 2.0875 -0.5371246 0.8965396 2.0875 -0.3831994 0.9505547 2.0875 -0.2169579 0.9740182 2.0875 -0.04374319 0.966176 2.0875 0.1308774 0.9272801 2.0875 0.3012915 0.8585807 2.0875 0.462022 0.7622857 2.0875 0.6079026 0.6414903 2.0875 0.7342447 0.5000768 2.0875 0.8369876 0.3425905 2.0875 0.912829 0.174093 2.0875 0.9593313 -0.08739829 2 -0.9710749 -0.08739829 2.0875 -0.9710749 0 2.1 0.9625 0.1718609 2.1 0.9470322 0.3381983 2.1 0.9011261 0.4936655 2.1 0.826257 0.633266 2.1 0.7248313 0.7525128 2.1 0.6001089 0.8475732 2.1 0.4560986 0.9153919 2.1 0.2974289 0.9537892 2.1 0.1291995 0.9615308 2.1 -0.04318237 0.9383682 2.1 -0.2141764 0.8850455 2.1 -0.3782866 0.8032768 2.1 -0.5302383 0.69569 2.1 -0.6651478 0.5657433 2.1 -0.7786788 0.4176131 2.1 -0.8671826 0.2560604 2.1 -0.9278143 0.08627784 2.1 -0.9586253 -0.08627784 2.1 -0.9586253 -0.2560604 2.1 -0.9278143 -0.4176131 2.1 -0.8671826 -0.5657433 2.1 -0.7786788 -0.69569 2.1 -0.6651478 -0.8032768 2.1 -0.5302383 -0.8850455 2.1 -0.3782866 -0.9383682 2.1 -0.2141764 -0.9615308 2.1 -0.04318237 -0.9537892 2.1 0.1291995 -0.9153919 2.1 0.2974289 -0.8475732 2.1 0.4560986 -0.7525128 2.1 0.6001089 -0.633266 2.1 0.7248313 -0.4936655 2.1 0.826257 -0.3381983 2.1 0.9011261 -0.1718609 2.1 0.9470322 0 1.3 2.9375 0.3070524 1.3 2.921408 0.6107406 1.3 2.873309 0.9077374 1.3 2.793729 1.194789 1.3 2.68354 1.46875 1.3 2.54395 1.726619 1.3 2.376487 1.965571 1.3 2.182988 2.182988 1.3 1.965571 2.376487 1.3 1.726619 2.54395 1.3 1.46875 2.68354 1.3 1.194789 2.793729 1.3 0.9077374 2.873309 1.3 0.6107406 2.921408 1.3 0.3070524 2.9375 1.3 0 2.921408 1.3 -0.3070524 2.873309 1.3 -0.6107406 2.793729 1.3 -0.9077374 2.68354 1.3 -1.194789 2.54395 1.3 -1.46875 2.376487 1.3 -1.726619 2.182988 1.3 -1.965571 1.965571 1.3 -2.182988 1.726619 1.3 -2.376487 1.46875 1.3 -2.54395 1.194789 1.3 -2.68354 0.9077374 1.3 -2.793729 0.6107406 1.3 -2.873309 0.3070524 1.3 -2.921408 0 1.3 -2.9375 -0.3070524 1.3 -2.921408 -0.6107406 1.3 -2.873309 -0.9077374 1.3 -2.793729 -1.194789 1.3 -2.68354 -1.46875 1.3 -2.54395 -1.726619 1.3 -2.376487 -1.965571 1.3 -2.182988 -2.182988 1.3 -1.965571 -2.376487 1.3 -1.726619 -2.54395 1.3 -1.46875 -2.68354 1.3 -1.194789 -2.793729 1.3 -0.9077374 -2.873309 1.3 -0.6107406 -2.921408 1.3 -0.3070524 -2.9375 1.3 0 -2.921408 1.3 0.3070524 -2.873309 1.3 0.6107406 -2.793729 1.3 0.9077374 -2.68354 1.3 1.194789 -2.54395 1.3 1.46875 -2.376487 1.3 1.726619 -2.182988 1.3 1.965571 -1.965571 1.3 2.182988 -1.726619 1.3 2.376487 -1.46875 1.3 2.54395 -1.194789 1.3 2.68354 -0.9077374 1.3 2.793729 -0.6107406 1.3 2.873309 -0.3070524 1.3 2.921408 0 1.3125 2.95 -0.308359 1.3125 2.93384 -0.6133395 1.3125 2.885535 -0.9116001 1.3125 2.805617 -1.199873 1.3125 2.694959 -1.475 1.3125 2.554775 -1.733966 1.3125 2.3866 -1.973935 1.3125 2.192277 -2.192277 1.3125 1.973935 -2.3866 1.3125 1.733966 -2.554775 1.3125 1.475 -2.694959 1.3125 1.199873 -2.805617 1.3125 0.9116001 -2.885535 1.3125 0.6133395 -2.93384 1.3125 0.308359 -2.95 1.3125 0 -2.93384 1.3125 -0.308359 -2.885535 1.3125 -0.6133395 -2.805617 1.3125 -0.9116001 -2.694959 1.3125 -1.199873 -2.554775 1.3125 -1.475 -2.3866 1.3125 -1.733966 -2.192277 1.3125 -1.973935 -1.973935 1.3125 -2.192277 -1.733966 1.3125 -2.3866 -1.475 1.3125 -2.554775 -1.199873 1.3125 -2.694959 -0.9116001 1.3125 -2.805617 -0.6133395 1.3125 -2.885535 -0.308359 1.3125 -2.93384 0 1.3125 -2.95 0.308359 1.3125 -2.93384 0.6133395 1.3125 -2.885535 0.9116001 1.3125 -2.805617 1.199873 1.3125 -2.694959 1.475 1.3125 -2.554775 1.733966 1.3125 -2.3866 1.973935 1.3125 -2.192277 2.192277 1.3125 -1.973935 2.3866 1.3125 -1.733966 2.554775 1.3125 -1.475 2.694959 1.3125 -1.199873 2.805617 1.3125 -0.9116001 2.885535 1.3125 -0.6133395 2.93384 1.3125 -0.308359 2.95 1.3125 0 2.93384 1.3125 0.308359 2.885535 1.3125 0.6133395 2.805617 1.3125 0.9116001 2.694959 1.3125 1.199873 2.554775 1.3125 1.475 2.3866 1.3125 1.733966 2.192277 1.3125 1.973935 1.973935 1.3125 2.192277 1.733966 1.3125 2.3866 1.475 1.3125 2.554775 1.199873 1.3125 2.694959 0.9116001 1.3125 2.805617 0.6133395 1.3125 2.885535 0.308359 1.3125 2.93384 0 1.3 2.9375 0 1.3125 2.95 0 1.43469 2.95 -0.308359 1.43469 2.93384 -0.6133395 1.43469 2.885535 -0.9116001 1.43469 2.805617 -1.199873 1.43469 2.694959 -1.475 1.43469 2.554775 -1.733966 1.43469 2.3866 -1.973935 1.43469 2.192277 -2.192277 1.43469 1.973935 -2.3866 1.43469 1.733966 -2.554775 1.43469 1.475 -2.694959 1.43469 1.199873 -2.805617 1.43469 0.9116001 -2.885535 1.43469 0.6133395 -2.93384 1.43469 0.308359 -2.95 1.43469 0 -2.93384 1.43469 -0.308359 -2.885535 1.43469 -0.6133395 -2.805617 1.43469 -0.9116001 -2.694959 1.43469 -1.199873 -2.554775 1.43469 -1.475 -2.3866 1.43469 -1.733966 -2.192277 1.43469 -1.973935 -1.973935 1.43469 -2.192277 -1.733966 1.43469 -2.3866 -1.475 1.43469 -2.554775 -1.199873 1.43469 -2.694959 -0.9116001 1.43469 -2.805617 -0.6133395 1.43469 -2.885535 -0.308359 1.43469 -2.93384 0 1.43469 -2.95 0.308359 1.43469 -2.93384 0.6133395 1.43469 -2.885535 0.9116001 1.43469 -2.805617 1.199873 1.43469 -2.694959 1.475 1.43469 -2.554775 1.733966 1.43469 -2.3866 1.973935 1.43469 -2.192277 2.192277 1.43469 -1.973935 2.3866 1.43469 -1.733966 2.554775 1.43469 -1.475 2.694959 1.43469 -1.199873 2.805617 1.43469 -0.9116001 2.885535 1.43469 -0.6133395 2.93384 1.43469 -0.308359 2.95 1.43469 0 2.93384 1.43469 0.308359 2.885535 1.43469 0.6133395 2.805617 1.43469 0.9116001 2.694959 1.43469 1.199873 2.554775 1.43469 1.475 2.3866 1.43469 1.733966 2.192277 1.43469 1.973935 1.973935 1.43469 2.192277 1.733966 1.43469 2.3866 1.475 1.43469 2.554775 1.199873 1.43469 2.694959 0.9116001 1.43469 2.805617 0.6133395 1.43469 2.885535 0.308359 1.43469 2.93384 0 1.3125 2.95 0.308359 1.3125 2.93384 0.6133395 1.3125 2.885535 0.9116001 1.3125 2.805617 1.199873 1.3125 2.694959 1.475 1.3125 2.554775 1.733966 1.3125 2.3866 1.973935 1.3125 2.192277 2.192277 1.3125 1.973935 2.3866 1.3125 1.733966 2.554775 1.3125 1.475 2.694959 1.3125 1.199873 2.805617 1.3125 0.9116001 2.885535 1.3125 0.6133395 2.93384 1.3125 0.308359 2.95 1.3125 0 2.93384 1.3125 -0.308359 2.885535 1.3125 -0.6133395 2.805617 1.3125 -0.9116001 2.694959 1.3125 -1.199873 2.554775 1.3125 -1.475 2.3866 1.3125 -1.733966 2.192277 1.3125 -1.973935 1.973935 1.3125 -2.192277 1.733966 1.3125 -2.3866 1.475 1.3125 -2.554775 1.199873 1.3125 -2.694959 0.9116001 1.3125 -2.805617 0.6133395 1.3125 -2.885535 0.308359 1.3125 -2.93384 0 1.3125 -2.95 -0.308359 1.3125 -2.93384 -0.6133395 1.3125 -2.885535 -0.9116001 1.3125 -2.805617 -1.199873 1.3125 -2.694959 -1.475 1.3125 -2.554775 -1.733966 1.3125 -2.3866 -1.973935 1.3125 -2.192277 -2.192277 1.3125 -1.973935 -2.3866 1.3125 -1.733966 -2.554775 1.3125 -1.475 -2.694959 1.3125 -1.199873 -2.805617 1.3125 -0.9116001 -2.885535 1.3125 -0.6133395 -2.93384 1.3125 -0.308359 -2.95 1.3125 0 -2.93384 1.3125 0.308359 -2.885535 1.3125 0.6133395 -2.805617 1.3125 0.9116001 -2.694959 1.3125 1.199873 -2.554775 1.3125 1.475 -2.3866 1.3125 1.733966 -2.192277 1.3125 1.973935 -1.973935 1.3125 2.192277 -1.733966 1.3125 2.3866 -1.475 1.3125 2.554775 -1.199873 1.3125 2.694959 -0.9116001 1.3125 2.805617 -0.6133395 1.3125 2.885535 -0.308359 1.3125 2.93384 0 1.3125 -2.95 0 1.43469 -2.95 0 1.3 2.55 0.2855094 1.3 2.533966 0.5674284 1.3 2.486066 0.8422116 1.3 2.406903 1.106404 1.3 2.297471 1.356682 1.3 2.159147 1.589899 1.3 1.99367 1.803122 1.3 1.803122 1.99367 1.3 1.589899 2.159147 1.3 1.356682 2.297471 1.3 1.106404 2.406903 1.3 0.8422116 2.486066 1.3 0.5674284 2.533966 1.3 0.2855094 2.55 1.3 0 2.533966 1.3 -0.2855094 2.486066 1.3 -0.5674284 2.406903 1.3 -0.8422116 2.297471 1.3 -1.106404 2.159147 1.3 -1.356682 1.99367 1.3 -1.589899 1.803122 1.3 -1.803122 1.589899 1.3 -1.99367 1.356682 1.3 -2.159147 1.106404 1.3 -2.297471 0.8422116 1.3 -2.406903 0.5674284 1.3 -2.486066 0.2855094 1.3 -2.533966 0 1.3 -2.55 -0.2855094 1.3 -2.533966 -0.5674284 1.3 -2.486066 -0.8422116 1.3 -2.406903 -1.106404 1.3 -2.297471 -1.356682 1.3 -2.159147 -1.589899 1.3 -1.99367 -1.803122 1.3 -1.803122 -1.99367 1.3 -1.589899 -2.159147 1.3 -1.356682 -2.297471 1.3 -1.106404 -2.406903 1.3 -0.8422116 -2.486066 1.3 -0.5674284 -2.533966 1.3 -0.2855094 -2.55 1.3 0 -2.533966 1.3 0.2855094 -2.486066 1.3 0.5674284 -2.406903 1.3 0.8422116 -2.297471 1.3 1.106404 -2.159147 1.3 1.356682 -1.99367 1.3 1.589899 -1.803122 1.3 1.803122 -1.589899 1.3 1.99367 -1.356682 1.3 2.159147 -1.106404 1.3 2.297471 -0.8422116 1.3 2.406903 -0.5674284 1.3 2.486066 -0.2855094 1.3 2.533966 0 1.3 2.9375 -0.3070524 1.3 2.921408 -0.6107406 1.3 2.873309 -0.9077374 1.3 2.793729 -1.194789 1.3 2.68354 -1.46875 1.3 2.54395 -1.726619 1.3 2.376487 -1.965571 1.3 2.182988 -2.182988 1.3 1.965571 -2.376487 1.3 1.726619 -2.54395 1.3 1.46875 -2.68354 1.3 1.194789 -2.793729 1.3 0.9077374 -2.873309 1.3 0.6107406 -2.921408 1.3 0.3070524 -2.9375 1.3 0 -2.921408 1.3 -0.3070524 -2.873309 1.3 -0.6107406 -2.793729 1.3 -0.9077374 -2.68354 1.3 -1.194789 -2.54395 1.3 -1.46875 -2.376487 1.3 -1.726619 -2.182988 1.3 -1.965571 -1.965571 1.3 -2.182988 -1.726619 1.3 -2.376487 -1.46875 1.3 -2.54395 -1.194789 1.3 -2.68354 -0.9077374 1.3 -2.793729 -0.6107406 1.3 -2.873309 -0.3070524 1.3 -2.921408 0 1.3 -2.9375 0.3070524 1.3 -2.921408 0.6107406 1.3 -2.873309 0.9077374 1.3 -2.793729 1.194789 1.3 -2.68354 1.46875 1.3 -2.54395 1.726619 1.3 -2.376487 1.965571 1.3 -2.182988 2.182988 1.3 -1.965571 2.376487 1.3 -1.726619 2.54395 1.3 -1.46875 2.68354 1.3 -1.194789 2.793729 1.3 -0.9077374 2.873309 1.3 -0.6107406 2.921408 1.3 -0.3070524 2.9375 1.3 0 2.921408 1.3 0.3070524 2.873309 1.3 0.6107406 2.793729 1.3 0.9077374 2.68354 1.3 1.194789 2.54395 1.3 1.46875 2.376487 1.3 1.726619 2.182988 1.3 1.965571 1.965571 1.3 2.182988 1.726619 1.3 2.376487 1.46875 1.3 2.54395 1.194789 1.3 2.68354 0.9077374 1.3 2.793729 0.6107406 1.3 2.873309 0.3070524 1.3 2.921408 0.6095495 1.95 -0.8240597 0.6188776 1.950003 -0.8163775 0.6188776 1.65 -0.8163775 0.5886092 1.65 -0.8471049 0.5683358 1.65 -0.8851752 0.5597338 1.65 -0.9274405 0.5635144 1.65 -0.9704062 0.5793648 1.65 -1.01052 0.5793648 1.95 -1.01052 0.561919 1.95 -0.9627735 0.5614221 1.95 -0.911942 0.5779309 1.95 -0.8638635 0.5793648 1.95 -1.01052 0.5793648 1.65 -1.01052 0.9052774 1.65 -1.578972 0.9189515 1.648101 -1.602822 0.932366 1.642442 -1.62622 0.9452661 1.633129 -1.64872 1.112185 1.485795 -1.939857 1.112185 1.813434 -1.939857 0.9765783 1.933129 -1.703334 0.9636781 1.942442 -1.680834 0.9502637 1.948101 -1.657437 0.9365896 1.95 -1.633587 0.8240597 1.95 -0.6095495 0.8638635 1.95 -0.5779309 0.911942 1.95 -0.5614221 0.9627735 1.95 -0.561919 1.01052 1.95 -0.5793648 1.01052 1.65 -0.5793648 0.9704062 1.65 -0.5635144 0.9274405 1.65 -0.5597338 0.8851752 1.65 -0.5683358 0.8471049 1.65 -0.5886092 0.8163775 1.65 -0.6188776 0.8163775 1.950003 -0.6188776 0.6188776 1.65 -0.8163775 0.6188776 1.950003 -0.8163775 0.6906296 1.950003 -0.7566456 0.7566456 1.950003 -0.6906296 0.8163775 1.950003 -0.6188776 0.8163775 1.65 -0.6188776 0.7566456 1.65 -0.6906296 0.6906296 1.65 -0.7566456 2.017234 1.369923 -1.476741 2.044131 1.372251 -1.430024 2.06073 1.379206 -1.377719 2.065375 1.390492 -1.323683 2.058937 1.404943 -1.272124 2.042053 1.42237 -1.223505 2.015338 1.442454 -1.178838 1.980281 1.464076 -1.141142 1.939857 1.485795 -1.112185 1.939857 1.813434 -1.112185 1.980281 1.791714 -1.141142 2.015338 1.770092 -1.178838 2.042053 1.750008 -1.223505 2.058937 1.732581 -1.272124 2.065375 1.71813 -1.323683 2.06073 1.706844 -1.377719 2.044131 1.69989 -1.430024 2.017234 1.697561 -1.476741 1.01052 1.65 -0.5793648 1.01052 1.95 -0.5793648 1.633587 1.95 -0.9365896 1.657437 1.948101 -0.9502637 1.680834 1.942442 -0.9636781 1.703334 1.933129 -0.9765783 1.939857 1.813434 -1.112185 1.939857 1.485795 -1.112185 1.64872 1.633129 -0.9452661 1.62622 1.642442 -0.932366 1.602822 1.648101 -0.9189515 1.578972 1.65 -0.9052774 1.112185 1.485795 -1.939857 1.141142 1.464076 -1.980281 1.178838 1.442454 -2.015338 1.223505 1.42237 -2.042053 1.272124 1.404943 -2.058937 1.323683 1.390492 -2.065375 1.377719 1.379206 -2.06073 1.430024 1.372251 -2.044131 1.476741 1.369923 -2.017234 1.476741 1.697561 -2.017234 1.430024 1.69989 -2.044131 1.377719 1.706844 -2.06073 1.323683 1.71813 -2.065375 1.272124 1.732581 -2.058937 1.223505 1.750008 -2.042053 1.178838 1.770092 -2.015338 1.141142 1.791714 -1.980281 1.112185 1.813434 -1.939857 2.017234 1.369923 -1.476741 2.017234 1.697561 -1.476741 1.855852 1.697561 -1.675057 1.675057 1.697561 -1.855852 1.476741 1.697561 -2.017234 1.476741 1.369923 -2.017234 1.675057 1.369923 -1.855852 1.855852 1.369923 -1.675057 1.013715 1.95 -0.1516816 0.9757319 1.95 -0.3139622 0.9119514 1.95 -0.4679418 0.8240597 1.95 -0.6095495 0.8163775 1.950003 -0.6188776 0.7566456 1.950003 -0.6906296 0.6906296 1.950003 -0.7566456 0.6188776 1.950003 -0.8163775 0.6095495 1.95 -0.8240597 0.4679418 1.95 -0.9119514 0.3139622 1.95 -0.9757319 0.1516816 1.95 -1.013715 0.1396535 1.950003 -1.014879 0.04668039 1.950003 -1.023378 -0.04668039 1.950003 -1.023378 -0.1396535 1.950003 -1.014879 -0.1516816 1.95 -1.013715 -0.3139622 1.95 -0.9757319 -0.4679418 1.95 -0.9119514 -0.6095495 1.95 -0.8240597 -0.6188776 1.950003 -0.8163775 -0.6906296 1.950003 -0.7566456 -0.7566456 1.950003 -0.6906296 -0.8163775 1.950003 -0.6188776 -0.8240597 1.95 -0.6095495 -0.9119514 1.95 -0.4679418 -0.9757319 1.95 -0.3139622 -1.013715 1.95 -0.1516816 -1.014879 1.950003 -0.1396535 -1.023378 1.950003 -0.04668039 -1.023378 1.950003 0.04668039 -1.014879 1.950003 0.1396535 -1.013715 1.95 0.1516816 -0.9757319 1.95 0.3139622 -0.9119514 1.95 0.4679418 -0.8240597 1.95 0.6095495 -0.8163775 1.950003 0.6188776 -0.7566456 1.950003 0.6906296 -0.6906296 1.950003 0.7566456 -0.6188776 1.950003 0.8163775 -0.6095495 1.95 0.8240597 -0.4679418 1.95 0.9119514 -0.3139622 1.95 0.9757319 -0.1516816 1.95 1.013715 -0.1396535 1.950003 1.014879 -0.04668039 1.950003 1.023378 0.04668039 1.950003 1.023378 0.1396535 1.950003 1.014879 0.1516816 1.95 1.013715 0.3139622 1.95 0.9757319 0.4679418 1.95 0.9119514 0.6095495 1.95 0.8240597 0.6188776 1.950003 0.8163775 0.6906296 1.950003 0.7566456 0.7566456 1.950003 0.6906296 0.8163775 1.950003 0.6188776 0.8240597 1.95 0.6095495 0.9119514 1.95 0.4679418 0.9757319 1.95 0.3139622 1.013715 1.95 0.1516816 1.014879 1.950003 0.1396535 1.023378 1.950003 0.04668039 1.023378 1.950003 -0.04668039 1.014879 1.950003 -0.1396535 0 2 0.975 -0.174093 2 0.9593313 -0.3425905 2 0.912829 -0.5000768 2 0.8369876 -0.6414903 2 0.7342447 -0.7622857 2 0.6079026 -0.8585807 2 0.462022 -0.9272801 2 0.3012915 -0.966176 2 0.1308774 -0.9740182 2 -0.04374319 -0.9505547 2 -0.2169579 -0.8965396 2 -0.3831994 -0.8137089 2 -0.5371246 -0.704725 2 -0.6737861 -0.5730906 2 -0.7887916 -0.4230366 2 -0.8784447 -0.2593859 2 -0.9398638 -0.08739829 2 -0.9710749 0.08739829 2 -0.9710749 0.2593859 2 -0.9398638 0.4230366 2 -0.8784447 0.5730906 2 -0.7887916 0.704725 2 -0.6737861 0.8137089 2 -0.5371246 0.8965396 2 -0.3831994 0.9505547 2 -0.2169579 0.9740182 2 -0.04374319 0.966176 2 0.1308774 0.9272801 2 0.3012915 0.8585807 2 0.462022 0.7622857 2 0.6079026 0.6414903 2 0.7342447 0.5000768 2 0.8369876 0.3425905 2 0.912829 0.174093 2 0.9593313 0 1.952447 -1.009549 0 1.959549 -0.9956107 0 1.959549 -0.9956107 0 1.970611 -0.9845492 0 1.970611 -0.9845492 0 1.984549 -0.9774472 0.9942119 1.952447 -0.1753063 0.9804852 1.959549 -0.172886 0.9695916 1.970611 -0.1709651 0.9625976 1.984549 -0.1697319 0.9774472 1.984549 0 0.9845492 1.970611 0 0.9956107 1.959549 0 1.009549 1.952447 0 0.9486659 1.952447 -0.3452861 0.935568 1.959549 -0.3405189 0.9251736 1.970611 -0.3367356 0.9184999 1.984549 -0.3343066 0.8742952 1.952447 -0.5047746 0.8622242 1.959549 -0.4978054 0.8526446 1.970611 -0.4922746 0.8464941 1.984549 -0.4887236 0.7733595 1.952447 -0.6489257 0.7626821 1.959549 -0.6399663 0.7542084 1.970611 -0.632856 0.748768 1.984549 -0.628291 0.6489257 1.952447 -0.7733595 0.6399663 1.959549 -0.7626821 0.632856 1.970611 -0.7542084 0.628291 1.984549 -0.748768 0.5047746 1.952447 -0.8742952 0.4978054 1.959549 -0.8622242 0.4922746 1.970611 -0.8526446 0.4887236 1.984549 -0.8464941 0.3452861 1.952447 -0.9486659 0.3405189 1.959549 -0.935568 0.3367356 1.970611 -0.9251736 0.3343066 1.984549 -0.9184999 0.1753063 1.952447 -0.9942119 0.172886 1.959549 -0.9804852 0.1709651 1.970611 -0.9695916 0.1697319 1.984549 -0.9625976 0 1.984549 -0.9774472 -0.1753063 1.952447 -0.9942119 -0.172886 1.959549 -0.9804852 -0.1709651 1.970611 -0.9695916 -0.1697319 1.984549 -0.9625976 0 1.952447 -1.009549 -0.3452861 1.952447 -0.9486659 -0.3405189 1.959549 -0.935568 -0.3367356 1.970611 -0.9251736 -0.3343066 1.984549 -0.9184999 -0.5047746 1.952447 -0.8742952 -0.4978054 1.959549 -0.8622242 -0.4922746 1.970611 -0.8526446 -0.4887236 1.984549 -0.8464941 -0.6489257 1.952447 -0.7733595 -0.6399663 1.959549 -0.7626821 -0.632856 1.970611 -0.7542084 -0.628291 1.984549 -0.748768 -0.7733595 1.952447 -0.6489257 -0.7626821 1.959549 -0.6399663 -0.7542084 1.970611 -0.632856 -0.748768 1.984549 -0.628291 -0.8742952 1.952447 -0.5047746 -0.8622242 1.959549 -0.4978054 -0.8526446 1.970611 -0.4922746 -0.8464941 1.984549 -0.4887236 -0.9486659 1.952447 -0.3452861 -0.935568 1.959549 -0.3405189 -0.9251736 1.970611 -0.3367356 -0.9184999 1.984549 -0.3343066 -0.9942119 1.952447 -0.1753063 -0.9804852 1.959549 -0.172886 -0.9695916 1.970611 -0.1709651 -0.9625976 1.984549 -0.1697319 -1.009549 1.952447 0 -0.9956107 1.959549 0 -0.9845492 1.970611 0 -0.9774472 1.984549 0 -0.9942119 1.952447 0.1753063 -0.9804852 1.959549 0.172886 -0.9695916 1.970611 0.1709651 -0.9625976 1.984549 0.1697319 -0.9486659 1.952447 0.3452861 -0.935568 1.959549 0.3405189 -0.9251736 1.970611 0.3367356 -0.9184999 1.984549 0.3343066 -0.8742952 1.952447 0.5047746 -0.8622242 1.959549 0.4978054 -0.8526446 1.970611 0.4922746 -0.8464941 1.984549 0.4887236 -0.7733595 1.952447 0.6489257 -0.7626821 1.959549 0.6399663 -0.7542084 1.970611 0.632856 -0.748768 1.984549 0.628291 -0.6489257 1.952447 0.7733595 -0.6399663 1.959549 0.7626821 -0.632856 1.970611 0.7542084 -0.628291 1.984549 0.748768 -0.5047746 1.952447 0.8742952 -0.4978054 1.959549 0.8622242 -0.4922746 1.970611 0.8526446 -0.4887236 1.984549 0.8464941 -0.3452861 1.952447 0.9486659 -0.3405189 1.959549 0.935568 -0.3367356 1.970611 0.9251736 -0.3343066 1.984549 0.9184999 -0.1753063 1.952447 0.9942119 -0.172886 1.959549 0.9804852 -0.1709651 1.970611 0.9695916 -0.1697319 1.984549 0.9625976 0 1.952447 1.009549 0 1.959549 0.9956107 0 1.970611 0.9845492 0 1.984549 0.9774472 0.1753063 1.952447 0.9942119 0.172886 1.959549 0.9804852 0.1709651 1.970611 0.9695916 0.1697319 1.984549 0.9625976 0.3452861 1.952447 0.9486659 0.3405189 1.959549 0.935568 0.3367356 1.970611 0.9251736 0.3343066 1.984549 0.9184999 0.5047746 1.952447 0.8742952 0.4978054 1.959549 0.8622242 0.4922746 1.970611 0.8526446 0.4887236 1.984549 0.8464941 0.6489257 1.952447 0.7733595 0.6399663 1.959549 0.7626821 0.632856 1.970611 0.7542084 0.628291 1.984549 0.748768 0.7733595 1.952447 0.6489257 0.7626821 1.959549 0.6399663 0.7542084 1.970611 0.632856 0.748768 1.984549 0.628291 0.8742952 1.952447 0.5047746 0.8622242 1.959549 0.4978054 0.8526446 1.970611 0.4922746 0.8464941 1.984549 0.4887236 0.9486659 1.952447 0.3452861 0.935568 1.959549 0.3405189 0.9251736 1.970611 0.3367356 0.9184999 1.984549 0.3343066 0.9942119 1.952447 0.1753063 0.9804852 1.959549 0.172886 0.9695916 1.970611 0.1709651 0.9625976 1.984549 0.1697319 0.04668039 1.950003 -1.023378 -0.08739829 2 -0.9710749 0.5793648 1.95 -1.01052 0.9365896 1.95 -1.633587 0.794086 1.95 -1.707405 0.6458142 1.95 -1.768821 0.4928513 1.95 -1.817389 0.3048728 1.95 -1.124218 0.2834469 1.95 -1.07812 0.247855 1.95 -1.041826 0.2021849 1.95 -1.019502 0.1516816 1.95 -1.013715 0.3139622 1.95 -0.9757319 0.4679418 1.95 -0.9119514 0.6095495 1.95 -0.8240597 0.5779309 1.95 -0.8638635 0.5614221 1.95 -0.911942 0.561919 1.95 -0.9627735 0.9365896 1.95 -1.633587 0.9502637 1.948101 -1.657437 0.9636781 1.942442 -1.680834 0.9765783 1.933129 -1.703334 0.8279904 1.933129 -1.780305 0.673388 1.933129 -1.844343 0.5138941 1.933129 -1.894984 0.5071058 1.942442 -1.869952 0.5000468 1.948101 -1.843923 0.4928513 1.95 -1.817389 0.6458142 1.95 -1.768821 0.794086 1.95 -1.707405 0.7363232 1.945737 -1.777642 0 1.347972 2.55 -0.2855094 1.347972 2.533966 -0.5674284 1.347972 2.486066 -0.8422116 1.347972 2.406903 -1.106404 1.347972 2.297471 -1.356682 1.347972 2.159147 -1.589899 1.347972 1.99367 -1.803122 1.347972 1.803122 -1.99367 1.347972 1.589899 -2.159147 1.347972 1.356682 -2.297471 1.347972 1.106404 -2.406903 1.347972 0.8422116 -2.486066 1.347972 0.5674284 -2.533966 1.347972 0.2855094 -2.55 1.347972 0 -2.533966 1.347972 -0.2855094 -2.486066 1.347972 -0.5674284 -2.406903 1.347972 -0.8422116 -2.297471 1.347972 -1.106404 -2.159147 1.347972 -1.356682 -1.99367 1.347972 -1.589899 -1.803122 1.347972 -1.803122 -1.589899 1.347972 -1.99367 -1.356682 1.347972 -2.159147 -1.106404 1.347972 -2.297471 -0.8422116 1.347972 -2.406903 -0.5674284 1.347972 -2.486066 -0.2855094 1.347972 -2.533966 0 1.347972 -2.55 0.2855094 1.347972 -2.533966 0.5674284 1.347972 -2.486066 0.8422116 1.347972 -2.406903 1.106404 1.347972 -2.297471 1.356682 1.347972 -2.159147 1.589899 1.347972 -1.99367 1.803122 1.347972 -1.803122 1.99367 1.347972 -1.589899 2.159147 1.347972 -1.356682 2.297471 1.347972 -1.106404 2.406903 1.347972 -0.8422116 2.486066 1.347972 -0.5674284 2.533966 1.347972 -0.2855094 2.55 1.347972 0 2.533966 1.347972 0.2855094 2.486066 1.347972 0.5674284 2.406903 1.347972 0.8422116 2.297471 1.347972 1.106404 2.159147 1.347972 1.356682 1.99367 1.347972 1.589899 1.803122 1.347972 1.803122 1.589899 1.347972 1.99367 1.356682 1.347972 2.159147 1.106404 1.347972 2.297471 0.8422116 1.347972 2.406903 0.5674284 1.347972 2.486066 0.2855094 1.347972 2.533966 1.64872 1.633129 -0.9452661 1.939857 1.485795 -1.112185 1.980281 1.464076 -1.141142 2.015338 1.442454 -1.178838 2.042053 1.42237 -1.223505 2.058937 1.404943 -1.272124 2.065375 1.390492 -1.323683 2.06073 1.379206 -1.377719 2.044131 1.372251 -1.430024 2.017234 1.369923 -1.476741 1.855852 1.369923 -1.675057 1.675057 1.369923 -1.855852 1.476741 1.369923 -2.017234 1.430024 1.372251 -2.044131 1.377719 1.379206 -2.06073 1.323683 1.390492 -2.065375 1.272124 1.404943 -2.058937 1.223505 1.42237 -2.042053 1.178838 1.442454 -2.015338 1.141142 1.464076 -1.980281 1.112185 1.485795 -1.939857 0.9452661 1.633129 -1.64872 0.8014423 1.633129 -1.723222 0.6517969 1.633129 -1.785208 0.497417 1.633129 -1.834225 0.5852527 1.485795 -2.158119 0.593361 1.464076 -2.20718 0.5914948 1.442454 -2.258624 0.5788006 1.42237 -2.309099 0.5563608 1.404943 -2.355416 0.5244553 1.390492 -2.396425 0.4829617 1.379206 -2.431351 0.4342391 1.372251 -2.456599 0.3821862 1.369923 -2.470614 0.1278411 1.369923 -2.496729 -0.1278411 1.369923 -2.496729 -0.3821862 1.369923 -2.470614 -0.4342391 1.372251 -2.456599 -0.4829617 1.379206 -2.431351 -0.5244553 1.390492 -2.396425 -0.5563608 1.404943 -2.355416 -0.5788006 1.42237 -2.309099 -0.5914948 1.442454 -2.258624 -0.593361 1.464076 -2.20718 -0.5852527 1.485795 -2.158119 -0.497417 1.633129 -1.834225 -0.6517969 1.633129 -1.785208 -0.8014423 1.633129 -1.723222 -0.9452661 1.633129 -1.64872 -1.112185 1.485795 -1.939857 -1.141142 1.464076 -1.980281 -1.178838 1.442454 -2.015338 -1.223505 1.42237 -2.042053 -1.272124 1.404943 -2.058937 -1.323683 1.390492 -2.065375 -1.377719 1.379206 -2.06073 -1.430024 1.372251 -2.044131 -1.476741 1.369923 -2.017234 -1.675057 1.369923 -1.855852 -1.855852 1.369923 -1.675057 -2.017234 1.369923 -1.476741 -2.044131 1.372251 -1.430024 -2.06073 1.379206 -1.377719 -2.065375 1.390492 -1.323683 -2.058937 1.404943 -1.272124 -2.042053 1.42237 -1.223505 -2.015338 1.442454 -1.178838 -1.980281 1.464076 -1.141142 -1.939857 1.485795 -1.112185 -1.64872 1.633129 -0.9452661 -1.723222 1.633129 -0.8014423 -1.785208 1.633129 -0.6517969 -1.834225 1.633129 -0.497417 -2.158119 1.485795 -0.5852527 -2.20718 1.464076 -0.593361 -2.258624 1.442454 -0.5914948 -2.309099 1.42237 -0.5788006 -2.355416 1.404943 -0.5563608 -2.396425 1.390492 -0.5244553 -2.431351 1.379206 -0.4829617 -2.456599 1.372251 -0.4342391 -2.470614 1.369923 -0.3821862 -2.496729 1.369923 -0.1278411 -2.496729 1.369923 0.1278411 -2.470614 1.369923 0.3821862 -2.456599 1.372251 0.4342391 -2.431351 1.379206 0.4829617 -2.396425 1.390492 0.5244553 -2.355416 1.404943 0.5563608 -2.309099 1.42237 0.5788006 -2.258624 1.442454 0.5914948 -2.20718 1.464076 0.593361 -2.158119 1.485795 0.5852527 -1.834225 1.633129 0.497417 -1.785208 1.633129 0.6517969 -1.723222 1.633129 0.8014423 -1.64872 1.633129 0.9452661 -1.939857 1.485795 1.112185 -1.980281 1.464076 1.141142 -2.015338 1.442454 1.178838 -2.042053 1.42237 1.223505 -2.058937 1.404943 1.272124 -2.065375 1.390492 1.323683 -2.06073 1.379206 1.377719 -2.044131 1.372251 1.430024 -2.017234 1.369923 1.476741 -1.855852 1.369923 1.675057 -1.675057 1.369923 1.855852 -1.476741 1.369923 2.017234 -1.430024 1.372251 2.044131 -1.377719 1.379206 2.06073 -1.323683 1.390492 2.065375 -1.272124 1.404943 2.058937 -1.223505 1.42237 2.042053 -1.178838 1.442454 2.015338 -1.141142 1.464076 1.980281 -1.112185 1.485795 1.939857 -0.9452661 1.633129 1.64872 -0.8014423 1.633129 1.723222 -0.6517969 1.633129 1.785208 -0.497417 1.633129 1.834225 -0.5852527 1.485795 2.158119 -0.593361 1.464076 2.20718 -0.5914948 1.442454 2.258624 -0.5788006 1.42237 2.309099 -0.5563608 1.404943 2.355416 -0.5244553 1.390492 2.396425 -0.4829617 1.379206 2.431351 -0.4342391 1.372251 2.456599 -0.3821862 1.369923 2.470614 -0.1278411 1.369923 2.496729 0.1278411 1.369923 2.496729 0.3821862 1.369923 2.470614 0.4342391 1.372251 2.456599 0.4829617 1.379206 2.431351 0.5244553 1.390492 2.396425 0.5563608 1.404943 2.355416 0.5788006 1.42237 2.309099 0.5914948 1.442454 2.258624 0.593361 1.464076 2.20718 0.5852527 1.485795 2.158119 0.497417 1.633129 1.834225 0.6517969 1.633129 1.785208 0.8014423 1.633129 1.723222 0.9452661 1.633129 1.64872 1.112185 1.485795 1.939857 1.141142 1.464076 1.980281 1.178838 1.442454 2.015338 1.223505 1.42237 2.042053 1.272124 1.404943 2.058937 1.323683 1.390492 2.065375 1.377719 1.379206 2.06073 1.430024 1.372251 2.044131 1.476741 1.369923 2.017234 1.675057 1.369923 1.855852 1.855852 1.369923 1.675057 2.017234 1.369923 1.476741 2.044131 1.372251 1.430024 2.06073 1.379206 1.377719 2.065375 1.390492 1.323683 2.058937 1.404943 1.272124 2.042053 1.42237 1.223505 2.015338 1.442454 1.178838 1.980281 1.464076 1.141142 1.939857 1.485795 1.112185 1.64872 1.633129 0.9452661 1.723222 1.633129 0.8014423 1.785208 1.633129 0.6517969 1.834225 1.633129 0.497417 2.158119 1.485795 0.5852527 2.20718 1.464076 0.593361 2.258624 1.442454 0.5914948 2.309099 1.42237 0.5788006 2.355416 1.404943 0.5563608 2.396425 1.390492 0.5244553 2.431351 1.379206 0.4829617 2.456599 1.372251 0.4342391 2.470614 1.369923 0.3821862 2.496729 1.369923 0.1278411 2.496729 1.369923 -0.1278411 2.470614 1.369923 -0.3821862 2.456599 1.372251 -0.4342391 2.431351 1.379206 -0.4829617 2.396425 1.390492 -0.5244553 2.355416 1.404943 -0.5563608 2.309099 1.42237 -0.5788006 2.258624 1.442454 -0.5914948 2.20718 1.464076 -0.593361 2.158119 1.485795 -0.5852527 1.834225 1.633129 -0.497417 1.785208 1.633129 -0.6517969 1.723222 1.633129 -0.8014423 0 1.347972 -2.55 0.1278411 1.369923 -2.496729 0.9452661 1.633129 -1.64872 0.932366 1.642442 -1.62622 0.9189515 1.648101 -1.602822 0.9052774 1.65 -1.578972 0.767538 1.65 -1.650323 0.6242232 1.65 -1.709686 0.4763742 1.65 -1.75663 0.4835697 1.648101 -1.783163 0.4906287 1.642442 -1.809193 0.497417 1.633129 -1.834225 0.6517969 1.633129 -1.785208 0.8014423 1.633129 -1.723222 0.7122319 1.645737 -1.71948 1.578972 1.65 -0.9052774 1.602822 1.648101 -0.9189515 1.62622 1.642442 -0.932366 1.64872 1.633129 -0.9452661 1.723222 1.633129 -0.8014423 1.785208 1.633129 -0.6517969 1.834225 1.633129 -0.497417 1.809193 1.642442 -0.4906287 1.783163 1.648101 -0.4835697 1.75663 1.65 -0.4763742 1.709686 1.65 -0.6242232 1.650323 1.65 -0.767538 1.71948 1.645737 -0.7122319 1.013715 1.95 -0.1516816 1.014879 1.950003 -0.1396535 1.014879 1.65 -0.1396535 1.015203 1.65 -0.182784 1.027787 1.65 -0.2240391 1.051591 1.65 -0.2600079 1.084646 1.65 -0.287716 1.124218 1.65 -0.3048728 1.124218 1.95 -0.3048728 1.07812 1.95 -0.2834469 1.041826 1.95 -0.247855 1.019502 1.95 -0.2021849 1.124218 1.95 -0.3048728 1.124218 1.65 -0.3048728 1.75663 1.65 -0.4763742 1.783163 1.648101 -0.4835697 1.809193 1.642442 -0.4906287 1.834225 1.633129 -0.497417 2.158119 1.485795 -0.5852527 2.158119 1.813434 -0.5852527 1.894984 1.933129 -0.5138941 1.869952 1.942442 -0.5071058 1.843923 1.948101 -0.5000468 1.817389 1.95 -0.4928513 1.013715 1.95 0.1516816 1.019502 1.95 0.2021849 1.041826 1.95 0.247855 1.07812 1.95 0.2834469 1.124218 1.95 0.3048728 1.124218 1.65 0.3048728 1.084646 1.65 0.287716 1.051591 1.65 0.2600079 1.027787 1.65 0.2240391 1.015203 1.65 0.182784 1.014879 1.65 0.1396535 1.014879 1.950003 0.1396535 1.014879 1.65 -0.1396535 1.014879 1.950003 -0.1396535 1.023378 1.950003 -0.04668039 1.023378 1.950003 0.04668039 1.014879 1.950003 0.1396535 1.014879 1.65 0.1396535 1.023378 1.65 0.04668039 1.023378 1.65 -0.04668039 2.470614 1.369923 0.3821862 2.456599 1.372251 0.4342391 2.431351 1.379206 0.4829617 2.396425 1.390492 0.5244553 2.355416 1.404943 0.5563608 2.309099 1.42237 0.5788006 2.258624 1.442454 0.5914948 2.20718 1.464076 0.593361 2.158119 1.485795 0.5852527 2.158119 1.813434 0.5852527 2.20718 1.791714 0.593361 2.258624 1.770092 0.5914948 2.309099 1.750008 0.5788006 2.355416 1.732581 0.5563608 2.396425 1.71813 0.5244553 2.431351 1.706844 0.4829617 2.456599 1.69989 0.4342391 2.470614 1.697561 0.3821862 1.124218 1.65 0.3048728 1.124218 1.95 0.3048728 1.817389 1.95 0.4928513 1.843923 1.948101 0.5000468 1.869952 1.942442 0.5071058 1.894984 1.933129 0.5138941 2.158119 1.813434 0.5852527 2.158119 1.485795 0.5852527 1.834225 1.633129 0.497417 1.809193 1.642442 0.4906287 1.783163 1.648101 0.4835697 1.75663 1.65 0.4763742 2.158119 1.485795 -0.5852527 2.20718 1.464076 -0.593361 2.258624 1.442454 -0.5914948 2.309099 1.42237 -0.5788006 2.355416 1.404943 -0.5563608 2.396425 1.390492 -0.5244553 2.431351 1.379206 -0.4829617 2.456599 1.372251 -0.4342391 2.470614 1.369923 -0.3821862 2.470614 1.697561 -0.3821862 2.456599 1.69989 -0.4342391 2.431351 1.706844 -0.4829617 2.396425 1.71813 -0.5244553 2.355416 1.732581 -0.5563608 2.309099 1.750008 -0.5788006 2.258624 1.770092 -0.5914948 2.20718 1.791714 -0.593361 2.158119 1.813434 -0.5852527 2.470614 1.369923 0.3821862 2.470614 1.697561 0.3821862 2.496729 1.697561 0.1278411 2.496729 1.697561 -0.1278411 2.470614 1.697561 -0.3821862 2.470614 1.369923 -0.3821862 2.496729 1.369923 -0.1278411 2.496729 1.369923 0.1278411 1.939857 1.813434 -1.112185 1.703334 1.933129 -0.9765783 1.780305 1.933129 -0.8279904 1.844343 1.933129 -0.673388 1.894984 1.933129 -0.5138941 2.158119 1.813434 -0.5852527 2.20718 1.791714 -0.593361 2.258624 1.770092 -0.5914948 2.309099 1.750008 -0.5788006 2.355416 1.732581 -0.5563608 2.396425 1.71813 -0.5244553 2.431351 1.706844 -0.4829617 2.456599 1.69989 -0.4342391 2.470614 1.697561 -0.3821862 2.496729 1.697561 -0.1278411 2.496729 1.697561 0.1278411 2.470614 1.697561 0.3821862 2.456599 1.69989 0.4342391 2.431351 1.706844 0.4829617 2.396425 1.71813 0.5244553 2.355416 1.732581 0.5563608 2.309099 1.750008 0.5788006 2.258624 1.770092 0.5914948 2.20718 1.791714 0.593361 2.158119 1.813434 0.5852527 1.894984 1.933129 0.5138941 1.844343 1.933129 0.673388 1.780305 1.933129 0.8279904 1.703334 1.933129 0.9765783 1.939857 1.813434 1.112185 1.980281 1.791714 1.141142 2.015338 1.770092 1.178838 2.042053 1.750008 1.223505 2.058937 1.732581 1.272124 2.065375 1.71813 1.323683 2.06073 1.706844 1.377719 2.044131 1.69989 1.430024 2.017234 1.697561 1.476741 1.855852 1.697561 1.675057 1.675057 1.697561 1.855852 1.476741 1.697561 2.017234 1.430024 1.69989 2.044131 1.377719 1.706844 2.06073 1.323683 1.71813 2.065375 1.272124 1.732581 2.058937 1.223505 1.750008 2.042053 1.178838 1.770092 2.015338 1.141142 1.791714 1.980281 1.112185 1.813434 1.939857 0.9765783 1.933129 1.703334 0.8279904 1.933129 1.780305 0.673388 1.933129 1.844343 0.5138941 1.933129 1.894984 0.5852527 1.813434 2.158119 0.593361 1.791714 2.20718 0.5914948 1.770092 2.258624 0.5788006 1.750008 2.309099 0.5563608 1.732581 2.355416 0.5244553 1.71813 2.396425 0.4829617 1.706844 2.431351 0.4342391 1.69989 2.456599 0.3821862 1.697561 2.470614 0.1278411 1.697561 2.496729 -0.1278411 1.697561 2.496729 -0.3821862 1.697561 2.470614 -0.4342391 1.69989 2.456599 -0.4829617 1.706844 2.431351 -0.5244553 1.71813 2.396425 -0.5563608 1.732581 2.355416 -0.5788006 1.750008 2.309099 -0.5914948 1.770092 2.258624 -0.593361 1.791714 2.20718 -0.5852527 1.813434 2.158119 -0.5138941 1.933129 1.894984 -0.673388 1.933129 1.844343 -0.8279904 1.933129 1.780305 -0.9765783 1.933129 1.703334 -1.112185 1.813434 1.939857 -1.141142 1.791714 1.980281 -1.178838 1.770092 2.015338 -1.223505 1.750008 2.042053 -1.272124 1.732581 2.058937 -1.323683 1.71813 2.065375 -1.377719 1.706844 2.06073 -1.430024 1.69989 2.044131 -1.476741 1.697561 2.017234 -1.675057 1.697561 1.855852 -1.855852 1.697561 1.675057 -2.017234 1.697561 1.476741 -2.044131 1.69989 1.430024 -2.06073 1.706844 1.377719 -2.065375 1.71813 1.323683 -2.058937 1.732581 1.272124 -2.042053 1.750008 1.223505 -2.015338 1.770092 1.178838 -1.980281 1.791714 1.141142 -1.939857 1.813434 1.112185 -1.703334 1.933129 0.9765783 -1.780305 1.933129 0.8279904 -1.844343 1.933129 0.673388 -1.894984 1.933129 0.5138941 -2.158119 1.813434 0.5852527 -2.20718 1.791714 0.593361 -2.258624 1.770092 0.5914948 -2.309099 1.750008 0.5788006 -2.355416 1.732581 0.5563608 -2.396425 1.71813 0.5244553 -2.431351 1.706844 0.4829617 -2.456599 1.69989 0.4342391 -2.470614 1.697561 0.3821862 -2.496729 1.697561 0.1278411 -2.496729 1.697561 -0.1278411 -2.470614 1.697561 -0.3821862 -2.456599 1.69989 -0.4342391 -2.431351 1.706844 -0.4829617 -2.396425 1.71813 -0.5244553 -2.355416 1.732581 -0.5563608 -2.309099 1.750008 -0.5788006 -2.258624 1.770092 -0.5914948 -2.20718 1.791714 -0.593361 -2.158119 1.813434 -0.5852527 -1.894984 1.933129 -0.5138941 -1.844343 1.933129 -0.673388 -1.780305 1.933129 -0.8279904 -1.703334 1.933129 -0.9765783 -1.939857 1.813434 -1.112185 -1.980281 1.791714 -1.141142 -2.015338 1.770092 -1.178838 -2.042053 1.750008 -1.223505 -2.058937 1.732581 -1.272124 -2.065375 1.71813 -1.323683 -2.06073 1.706844 -1.377719 -2.044131 1.69989 -1.430024 -2.017234 1.697561 -1.476741 -1.855852 1.697561 -1.675057 -1.675057 1.697561 -1.855852 -1.476741 1.697561 -2.017234 -1.430024 1.69989 -2.044131 -1.377719 1.706844 -2.06073 -1.323683 1.71813 -2.065375 -1.272124 1.732581 -2.058937 -1.223505 1.750008 -2.042053 -1.178838 1.770092 -2.015338 -1.141142 1.791714 -1.980281 -1.112185 1.813434 -1.939857 -0.9765783 1.933129 -1.703334 -0.8279904 1.933129 -1.780305 -0.673388 1.933129 -1.844343 -0.5138941 1.933129 -1.894984 -0.5852527 1.813434 -2.158119 -0.593361 1.791714 -2.20718 -0.5914948 1.770092 -2.258624 -0.5788006 1.750008 -2.309099 -0.5563608 1.732581 -2.355416 -0.5244553 1.71813 -2.396425 -0.4829617 1.706844 -2.431351 -0.4342391 1.69989 -2.456599 -0.3821862 1.697561 -2.470614 -0.1278411 1.697561 -2.496729 0.1278411 1.697561 -2.496729 0.3821862 1.697561 -2.470614 0.4342391 1.69989 -2.456599 0.4829617 1.706844 -2.431351 0.5244553 1.71813 -2.396425 0.5563608 1.732581 -2.355416 0.5788006 1.750008 -2.309099 0.5914948 1.770092 -2.258624 0.593361 1.791714 -2.20718 0.5852527 1.813434 -2.158119 0.5138941 1.933129 -1.894984 0.673388 1.933129 -1.844343 0.8279904 1.933129 -1.780305 0.9765783 1.933129 -1.703334 1.112185 1.813434 -1.939857 1.141142 1.791714 -1.980281 1.178838 1.770092 -2.015338 1.223505 1.750008 -2.042053 1.272124 1.732581 -2.058937 1.323683 1.71813 -2.065375 1.377719 1.706844 -2.06073 1.430024 1.69989 -2.044131 1.476741 1.697561 -2.017234 1.675057 1.697561 -1.855852 1.855852 1.697561 -1.675057 2.017234 1.697561 -1.476741 2.044131 1.69989 -1.430024 2.06073 1.706844 -1.377719 2.065375 1.71813 -1.323683 2.058937 1.732581 -1.272124 2.042053 1.750008 -1.223505 2.015338 1.770092 -1.178838 1.980281 1.791714 -1.141142 0 1.526254 2.890199 0.3021081 1.526254 2.874366 0.6009061 1.526254 2.827041 0.8931206 1.526254 2.748743 1.17555 1.526254 2.640328 1.445099 1.526254 2.502986 1.698816 1.526254 2.33822 1.933921 1.526254 2.147836 2.147836 1.526254 1.933921 2.33822 1.526254 1.698816 2.502986 1.526254 1.445099 2.640328 1.526254 1.17555 2.748743 1.526254 0.8931206 2.827041 1.526254 0.6009061 2.874366 1.526254 0.3021081 2.890199 1.526254 0 2.874366 1.526254 -0.3021081 2.827041 1.526254 -0.6009061 2.748743 1.526254 -0.8931206 2.640328 1.526254 -1.17555 2.502986 1.526254 -1.445099 2.33822 1.526254 -1.698816 2.147836 1.526254 -1.933921 1.933921 1.526254 -2.147836 1.698816 1.526254 -2.33822 1.445099 1.526254 -2.502986 1.17555 1.526254 -2.640328 0.8931206 1.526254 -2.748743 0.6009061 1.526254 -2.827041 0.3021081 1.526254 -2.874366 0 1.526254 -2.890199 -0.3021081 1.526254 -2.874366 -0.6009061 1.526254 -2.827041 -0.8931206 1.526254 -2.748743 -1.17555 1.526254 -2.640328 -1.445099 1.526254 -2.502986 -1.698816 1.526254 -2.33822 -1.933921 1.526254 -2.147836 -2.147836 1.526254 -1.933921 -2.33822 1.526254 -1.698816 -2.502986 1.526254 -1.445099 -2.640328 1.526254 -1.17555 -2.748743 1.526254 -0.8931206 -2.827041 1.526254 -0.6009061 -2.874366 1.526254 -0.3021081 -2.890199 1.526254 0 -2.874366 1.526254 0.3021081 -2.827041 1.526254 0.6009061 -2.748743 1.526254 0.8931206 -2.640328 1.526254 1.17555 -2.502986 1.526254 1.445099 -2.33822 1.526254 1.698816 -2.147836 1.526254 1.933921 -1.933921 1.526254 2.147836 -1.698816 1.526254 2.33822 -1.445099 1.526254 2.502986 -1.17555 1.526254 2.640328 -0.8931206 1.526254 2.748743 -0.6009061 1.526254 2.827041 -0.3021081 1.526254 2.874366 -0.1278411 1.697561 -2.496729 0 1.526254 -2.890199 1.894984 1.933129 0.5138941 1.869952 1.942442 0.5071058 1.843923 1.948101 0.5000468 1.817389 1.95 0.4928513 1.768821 1.95 0.6458142 1.707405 1.95 0.794086 1.633587 1.95 0.9365896 1.657437 1.948101 0.9502637 1.680834 1.942442 0.9636781 1.703334 1.933129 0.9765783 1.780305 1.933129 0.8279904 1.844343 1.933129 0.673388 1.777642 1.945737 0.7363232 1.817389 1.95 0.4928513 1.124218 1.95 0.3048728 1.07812 1.95 0.2834469 1.041826 1.95 0.247855 1.019502 1.95 0.2021849 1.013715 1.95 0.1516816 0.9757319 1.95 0.3139622 0.9119514 1.95 0.4679418 0.8240597 1.95 0.6095495 0.8638635 1.95 0.5779309 0.911942 1.95 0.5614221 0.9627735 1.95 0.561919 1.01052 1.95 0.5793648 1.633587 1.95 0.9365896 1.707405 1.95 0.794086 1.768821 1.95 0.6458142 1.01052 1.65 -0.5793648 1.578972 1.65 -0.9052774 1.650323 1.65 -0.767538 1.709686 1.65 -0.6242232 1.75663 1.65 -0.4763742 1.124218 1.65 -0.3048728 1.084646 1.65 -0.287716 1.051591 1.65 -0.2600079 1.027787 1.65 -0.2240391 1.015203 1.65 -0.182784 1.014879 1.65 -0.1396535 1.023378 1.65 -0.04668039 1.023378 1.65 0.04668039 1.014879 1.65 0.1396535 1.015203 1.65 0.182784 1.027787 1.65 0.2240391 1.051591 1.65 0.2600079 1.084646 1.65 0.287716 1.124218 1.65 0.3048728 1.75663 1.65 0.4763742 1.709686 1.65 0.6242232 1.650323 1.65 0.767538 1.578972 1.65 0.9052774 1.01052 1.65 0.5793648 0.9704062 1.65 0.5635144 0.9274405 1.65 0.5597338 0.8851752 1.65 0.5683358 0.8471049 1.65 0.5886092 0.8163775 1.65 0.6188776 0.7566456 1.65 0.6906296 0.6906296 1.65 0.7566456 0.6188776 1.65 0.8163775 0.5886092 1.65 0.8471049 0.5683358 1.65 0.8851752 0.5597338 1.65 0.9274405 0.5635144 1.65 0.9704062 0.5793648 1.65 1.01052 0.9052774 1.65 1.578972 0.767538 1.65 1.650323 0.6242232 1.65 1.709686 0.4763742 1.65 1.75663 0.3048728 1.65 1.124218 0.287716 1.65 1.084646 0.2600079 1.65 1.051591 0.2240391 1.65 1.027787 0.182784 1.65 1.015203 0.1396535 1.65 1.014879 0.04668039 1.65 1.023378 -0.04668039 1.65 1.023378 -0.1396535 1.65 1.014879 -0.182784 1.65 1.015203 -0.2240391 1.65 1.027787 -0.2600079 1.65 1.051591 -0.287716 1.65 1.084646 -0.3048728 1.65 1.124218 -0.4763742 1.65 1.75663 -0.6242232 1.65 1.709686 -0.767538 1.65 1.650323 -0.9052774 1.65 1.578972 -0.5793648 1.65 1.01052 -0.5635144 1.65 0.9704062 -0.5597338 1.65 0.9274405 -0.5683358 1.65 0.8851752 -0.5886092 1.65 0.8471049 -0.6188776 1.65 0.8163775 -0.6906296 1.65 0.7566456 -0.7566456 1.65 0.6906296 -0.8163775 1.65 0.6188776 -0.8471049 1.65 0.5886092 -0.8851752 1.65 0.5683358 -0.9274405 1.65 0.5597338 -0.9704062 1.65 0.5635144 -1.01052 1.65 0.5793648 -1.578972 1.65 0.9052774 -1.650323 1.65 0.767538 -1.709686 1.65 0.6242232 -1.75663 1.65 0.4763742 -1.124218 1.65 0.3048728 -1.084646 1.65 0.287716 -1.051591 1.65 0.2600079 -1.027787 1.65 0.2240391 -1.015203 1.65 0.182784 -1.014879 1.65 0.1396535 -1.023378 1.65 0.04668039 -1.023378 1.65 -0.04668039 -1.014879 1.65 -0.1396535 -1.015203 1.65 -0.182784 -1.027787 1.65 -0.2240391 -1.051591 1.65 -0.2600079 -1.084646 1.65 -0.287716 -1.124218 1.65 -0.3048728 -1.75663 1.65 -0.4763742 -1.709686 1.65 -0.6242232 -1.650323 1.65 -0.767538 -1.578972 1.65 -0.9052774 -1.01052 1.65 -0.5793648 -0.9704062 1.65 -0.5635144 -0.9274405 1.65 -0.5597338 -0.8851752 1.65 -0.5683358 -0.8471049 1.65 -0.5886092 -0.8163775 1.65 -0.6188776 -0.7566456 1.65 -0.6906296 -0.6906296 1.65 -0.7566456 -0.6188776 1.65 -0.8163775 -0.5886092 1.65 -0.8471049 -0.5683358 1.65 -0.8851752 -0.5597338 1.65 -0.9274405 -0.5635144 1.65 -0.9704062 -0.5793648 1.65 -1.01052 -0.9052774 1.65 -1.578972 -0.767538 1.65 -1.650323 -0.6242232 1.65 -1.709686 -0.4763742 1.65 -1.75663 -0.3048728 1.65 -1.124218 -0.287716 1.65 -1.084646 -0.2600079 1.65 -1.051591 -0.2240391 1.65 -1.027787 -0.182784 1.65 -1.015203 -0.1396535 1.65 -1.014879 -0.04668039 1.65 -1.023378 0.04668039 1.65 -1.023378 0.1396535 1.65 -1.014879 0.182784 1.65 -1.015203 0.2240391 1.65 -1.027787 0.2600079 1.65 -1.051591 0.287716 1.65 -1.084646 0.3048728 1.65 -1.124218 0.4763742 1.65 -1.75663 0.6242232 1.65 -1.709686 0.767538 1.65 -1.650323 0.9052774 1.65 -1.578972 0.5793648 1.65 -1.01052 0.5635144 1.65 -0.9704062 0.5597338 1.65 -0.9274405 0.5683358 1.65 -0.8851752 0.5886092 1.65 -0.8471049 0.6188776 1.65 -0.8163775 0.6906296 1.65 -0.7566456 0.7566456 1.65 -0.6906296 0.8163775 1.65 -0.6188776 0.8471049 1.65 -0.5886092 0.8851752 1.65 -0.5683358 0.9274405 1.65 -0.5597338 0.9704062 1.65 -0.5635144 0 1.65 0.3 0.09270507 1.65 0.285317 0.1763355 1.65 0.2427051 0.2427051 1.65 0.1763355 0.285317 1.65 0.09270507 0.3 1.65 0 0.285317 1.65 -0.09270507 0.2427051 1.65 -0.1763355 0.1763355 1.65 -0.2427051 0.09270507 1.65 -0.285317 0 1.65 -0.3 -0.09270507 1.65 -0.285317 -0.1763355 1.65 -0.2427051 -0.2427051 1.65 -0.1763355 -0.285317 1.65 -0.09270507 -0.3 1.65 0 -0.285317 1.65 0.09270507 -0.2427051 1.65 0.1763355 -0.1763355 1.65 0.2427051 -0.09270507 1.65 0.285317 1.75663 1.65 0.4763742 1.783163 1.648101 0.4835697 1.809193 1.642442 0.4906287 1.834225 1.633129 0.497417 1.785208 1.633129 0.6517969 1.723222 1.633129 0.8014423 1.64872 1.633129 0.9452661 1.62622 1.642442 0.932366 1.602822 1.648101 0.9189515 1.578972 1.65 0.9052774 1.650323 1.65 0.767538 1.709686 1.65 0.6242232 1.71948 1.645737 0.7122319 0.8240597 1.95 0.6095495 0.8163775 1.950003 0.6188776 0.8163775 1.65 0.6188776 0.8471049 1.65 0.5886092 0.8851752 1.65 0.5683358 0.9274405 1.65 0.5597338 0.9704062 1.65 0.5635144 1.01052 1.65 0.5793648 1.01052 1.95 0.5793648 0.9627735 1.95 0.561919 0.911942 1.95 0.5614221 0.8638635 1.95 0.5779309 1.01052 1.95 0.5793648 1.01052 1.65 0.5793648 1.578972 1.65 0.9052774 1.602822 1.648101 0.9189515 1.62622 1.642442 0.932366 1.64872 1.633129 0.9452661 1.939857 1.485795 1.112185 1.939857 1.813434 1.112185 1.703334 1.933129 0.9765783 1.680834 1.942442 0.9636781 1.657437 1.948101 0.9502637 1.633587 1.95 0.9365896 0.6095495 1.95 0.8240597 0.5779309 1.95 0.8638635 0.5614221 1.95 0.911942 0.561919 1.95 0.9627735 0.5793648 1.95 1.01052 0.5793648 1.65 1.01052 0.5635144 1.65 0.9704062 0.5597338 1.65 0.9274405 0.5683358 1.65 0.8851752 0.5886092 1.65 0.8471049 0.6188776 1.65 0.8163775 0.6188776 1.950003 0.8163775 0.8163775 1.65 0.6188776 0.8163775 1.950003 0.6188776 0.7566456 1.950003 0.6906296 0.6906296 1.950003 0.7566456 0.6188776 1.950003 0.8163775 0.6188776 1.65 0.8163775 0.6906296 1.65 0.7566456 0.7566456 1.65 0.6906296 1.476741 1.369923 2.017234 1.430024 1.372251 2.044131 1.377719 1.379206 2.06073 1.323683 1.390492 2.065375 1.272124 1.404943 2.058937 1.223505 1.42237 2.042053 1.178838 1.442454 2.015338 1.141142 1.464076 1.980281 1.112185 1.485795 1.939857 1.112185 1.813434 1.939857 1.141142 1.791714 1.980281 1.178838 1.770092 2.015338 1.223505 1.750008 2.042053 1.272124 1.732581 2.058937 1.323683 1.71813 2.065375 1.377719 1.706844 2.06073 1.430024 1.69989 2.044131 1.476741 1.697561 2.017234 0.5793648 1.65 1.01052 0.5793648 1.95 1.01052 0.9365896 1.95 1.633587 0.9502637 1.948101 1.657437 0.9636781 1.942442 1.680834 0.9765783 1.933129 1.703334 1.112185 1.813434 1.939857 1.112185 1.485795 1.939857 0.9452661 1.633129 1.64872 0.932366 1.642442 1.62622 0.9189515 1.648101 1.602822 0.9052774 1.65 1.578972 1.939857 1.485795 1.112185 1.980281 1.464076 1.141142 2.015338 1.442454 1.178838 2.042053 1.42237 1.223505 2.058937 1.404943 1.272124 2.065375 1.390492 1.323683 2.06073 1.379206 1.377719 2.044131 1.372251 1.430024 2.017234 1.369923 1.476741 2.017234 1.697561 1.476741 2.044131 1.69989 1.430024 2.06073 1.706844 1.377719 2.065375 1.71813 1.323683 2.058937 1.732581 1.272124 2.042053 1.750008 1.223505 2.015338 1.770092 1.178838 1.980281 1.791714 1.141142 1.939857 1.813434 1.112185 1.476741 1.369923 2.017234 1.476741 1.697561 2.017234 1.675057 1.697561 1.855852 1.855852 1.697561 1.675057 2.017234 1.697561 1.476741 2.017234 1.369923 1.476741 1.855852 1.369923 1.675057 1.675057 1.369923 1.855852 1.633587 1.95 -0.9365896 1.01052 1.95 -0.5793648 0.9627735 1.95 -0.561919 0.911942 1.95 -0.5614221 0.8638635 1.95 -0.5779309 0.8240597 1.95 -0.6095495 0.9119514 1.95 -0.4679418 0.9757319 1.95 -0.3139622 1.013715 1.95 -0.1516816 1.019502 1.95 -0.2021849 1.041826 1.95 -0.247855 1.07812 1.95 -0.2834469 1.124218 1.95 -0.3048728 1.817389 1.95 -0.4928513 1.768821 1.95 -0.6458142 1.707405 1.95 -0.794086 1.703334 1.933129 -0.9765783 1.680834 1.942442 -0.9636781 1.657437 1.948101 -0.9502637 1.633587 1.95 -0.9365896 1.707405 1.95 -0.794086 1.768821 1.95 -0.6458142 1.817389 1.95 -0.4928513 1.843923 1.948101 -0.5000468 1.869952 1.942442 -0.5071058 1.894984 1.933129 -0.5138941 1.844343 1.933129 -0.673388 1.780305 1.933129 -0.8279904 1.777642 1.945737 -0.7363232 0.9052774 1.65 1.578972 0.9189515 1.648101 1.602822 0.932366 1.642442 1.62622 0.9452661 1.633129 1.64872 0.8014423 1.633129 1.723222 0.6517969 1.633129 1.785208 0.497417 1.633129 1.834225 0.4906287 1.642442 1.809193 0.4835697 1.648101 1.783163 0.4763742 1.65 1.75663 0.6242232 1.65 1.709686 0.767538 1.65 1.650323 0.7122319 1.645737 1.71948 0.1516816 1.95 1.013715 0.1396535 1.950003 1.014879 0.1396535 1.65 1.014879 0.182784 1.65 1.015203 0.2240391 1.65 1.027787 0.2600079 1.65 1.051591 0.287716 1.65 1.084646 0.3048728 1.65 1.124218 0.3048728 1.95 1.124218 0.2834469 1.95 1.07812 0.247855 1.95 1.041826 0.2021849 1.95 1.019502 0.3048728 1.95 1.124218 0.3048728 1.65 1.124218 0.4763742 1.65 1.75663 0.4835697 1.648101 1.783163 0.4906287 1.642442 1.809193 0.497417 1.633129 1.834225 0.5852527 1.485795 2.158119 0.5852527 1.813434 2.158119 0.5138941 1.933129 1.894984 0.5071058 1.942442 1.869952 0.5000468 1.948101 1.843923 0.4928513 1.95 1.817389 -0.1516816 1.95 1.013715 -0.2021849 1.95 1.019502 -0.247855 1.95 1.041826 -0.2834469 1.95 1.07812 -0.3048728 1.95 1.124218 -0.3048728 1.65 1.124218 -0.287716 1.65 1.084646 -0.2600079 1.65 1.051591 -0.2240391 1.65 1.027787 -0.182784 1.65 1.015203 -0.1396535 1.65 1.014879 -0.1396535 1.950003 1.014879 0.1396535 1.65 1.014879 0.1396535 1.950003 1.014879 0.04668039 1.950003 1.023378 -0.04668039 1.950003 1.023378 -0.1396535 1.950003 1.014879 -0.1396535 1.65 1.014879 -0.04668039 1.65 1.023378 0.04668039 1.65 1.023378 -0.3821862 1.369923 2.470614 -0.4342391 1.372251 2.456599 -0.4829617 1.379206 2.431351 -0.5244553 1.390492 2.396425 -0.5563608 1.404943 2.355416 -0.5788006 1.42237 2.309099 -0.5914948 1.442454 2.258624 -0.593361 1.464076 2.20718 -0.5852527 1.485795 2.158119 -0.5852527 1.813434 2.158119 -0.593361 1.791714 2.20718 -0.5914948 1.770092 2.258624 -0.5788006 1.750008 2.309099 -0.5563608 1.732581 2.355416 -0.5244553 1.71813 2.396425 -0.4829617 1.706844 2.431351 -0.4342391 1.69989 2.456599 -0.3821862 1.697561 2.470614 -0.3048728 1.65 1.124218 -0.3048728 1.95 1.124218 -0.4928513 1.95 1.817389 -0.5000468 1.948101 1.843923 -0.5071058 1.942442 1.869952 -0.5138941 1.933129 1.894984 -0.5852527 1.813434 2.158119 -0.5852527 1.485795 2.158119 -0.497417 1.633129 1.834225 -0.4906287 1.642442 1.809193 -0.4835697 1.648101 1.783163 -0.4763742 1.65 1.75663 0.5852527 1.485795 2.158119 0.593361 1.464076 2.20718 0.5914948 1.442454 2.258624 0.5788006 1.42237 2.309099 0.5563608 1.404943 2.355416 0.5244553 1.390492 2.396425 0.4829617 1.379206 2.431351 0.4342391 1.372251 2.456599 0.3821862 1.369923 2.470614 0.3821862 1.697561 2.470614 0.4342391 1.69989 2.456599 0.4829617 1.706844 2.431351 0.5244553 1.71813 2.396425 0.5563608 1.732581 2.355416 0.5788006 1.750008 2.309099 0.5914948 1.770092 2.258624 0.593361 1.791714 2.20718 0.5852527 1.813434 2.158119 -0.3821862 1.369923 2.470614 -0.3821862 1.697561 2.470614 -0.1278411 1.697561 2.496729 0.1278411 1.697561 2.496729 0.3821862 1.697561 2.470614 0.3821862 1.369923 2.470614 0.1278411 1.369923 2.496729 -0.1278411 1.369923 2.496729 -0.5138941 1.933129 1.894984 -0.5071058 1.942442 1.869952 -0.5000468 1.948101 1.843923 -0.4928513 1.95 1.817389 -0.6458142 1.95 1.768821 -0.794086 1.95 1.707405 -0.9365896 1.95 1.633587 -0.9502637 1.948101 1.657437 -0.9636781 1.942442 1.680834 -0.9765783 1.933129 1.703334 -0.8279904 1.933129 1.780305 -0.673388 1.933129 1.844343 -0.7363232 1.945737 1.777642 -0.4928513 1.95 1.817389 -0.3048728 1.95 1.124218 -0.2834469 1.95 1.07812 -0.247855 1.95 1.041826 -0.2021849 1.95 1.019502 -0.1516816 1.95 1.013715 -0.3139622 1.95 0.9757319 -0.4679418 1.95 0.9119514 -0.6095495 1.95 0.8240597 -0.5779309 1.95 0.8638635 -0.5614221 1.95 0.911942 -0.561919 1.95 0.9627735 -0.5793648 1.95 1.01052 -0.9365896 1.95 1.633587 -0.794086 1.95 1.707405 -0.6458142 1.95 1.768821 -0.4763742 1.65 1.75663 -0.4835697 1.648101 1.783163 -0.4906287 1.642442 1.809193 -0.497417 1.633129 1.834225 -0.6517969 1.633129 1.785208 -0.8014423 1.633129 1.723222 -0.9452661 1.633129 1.64872 -0.932366 1.642442 1.62622 -0.9189515 1.648101 1.602822 -0.9052774 1.65 1.578972 -0.767538 1.65 1.650323 -0.6242232 1.65 1.709686 -0.7122319 1.645737 1.71948 -0.6095495 1.95 0.8240597 -0.6188776 1.950003 0.8163775 -0.6188776 1.65 0.8163775 -0.5886092 1.65 0.8471049 -0.5683358 1.65 0.8851752 -0.5597338 1.65 0.9274405 -0.5635144 1.65 0.9704062 -0.5793648 1.65 1.01052 -0.5793648 1.95 1.01052 -0.561919 1.95 0.9627735 -0.5614221 1.95 0.911942 -0.5779309 1.95 0.8638635 -0.5793648 1.95 1.01052 -0.5793648 1.65 1.01052 -0.9052774 1.65 1.578972 -0.9189515 1.648101 1.602822 -0.932366 1.642442 1.62622 -0.9452661 1.633129 1.64872 -1.112185 1.485795 1.939857 -1.112185 1.813434 1.939857 -0.9765783 1.933129 1.703334 -0.9636781 1.942442 1.680834 -0.9502637 1.948101 1.657437 -0.9365896 1.95 1.633587 -0.8240597 1.95 0.6095495 -0.8638635 1.95 0.5779309 -0.911942 1.95 0.5614221 -0.9627735 1.95 0.561919 -1.01052 1.95 0.5793648 -1.01052 1.65 0.5793648 -0.9704062 1.65 0.5635144 -0.9274405 1.65 0.5597338 -0.8851752 1.65 0.5683358 -0.8471049 1.65 0.5886092 -0.8163775 1.65 0.6188776 -0.8163775 1.950003 0.6188776 -0.6188776 1.65 0.8163775 -0.6188776 1.950003 0.8163775 -0.6906296 1.950003 0.7566456 -0.7566456 1.950003 0.6906296 -0.8163775 1.950003 0.6188776 -0.8163775 1.65 0.6188776 -0.7566456 1.65 0.6906296 -0.6906296 1.65 0.7566456 -2.017234 1.369923 1.476741 -2.044131 1.372251 1.430024 -2.06073 1.379206 1.377719 -2.065375 1.390492 1.323683 -2.058937 1.404943 1.272124 -2.042053 1.42237 1.223505 -2.015338 1.442454 1.178838 -1.980281 1.464076 1.141142 -1.939857 1.485795 1.112185 -1.939857 1.813434 1.112185 -1.980281 1.791714 1.141142 -2.015338 1.770092 1.178838 -2.042053 1.750008 1.223505 -2.058937 1.732581 1.272124 -2.065375 1.71813 1.323683 -2.06073 1.706844 1.377719 -2.044131 1.69989 1.430024 -2.017234 1.697561 1.476741 -1.01052 1.65 0.5793648 -1.01052 1.95 0.5793648 -1.633587 1.95 0.9365896 -1.657437 1.948101 0.9502637 -1.680834 1.942442 0.9636781 -1.703334 1.933129 0.9765783 -1.939857 1.813434 1.112185 -1.939857 1.485795 1.112185 -1.64872 1.633129 0.9452661 -1.62622 1.642442 0.932366 -1.602822 1.648101 0.9189515 -1.578972 1.65 0.9052774 -1.112185 1.485795 1.939857 -1.141142 1.464076 1.980281 -1.178838 1.442454 2.015338 -1.223505 1.42237 2.042053 -1.272124 1.404943 2.058937 -1.323683 1.390492 2.065375 -1.377719 1.379206 2.06073 -1.430024 1.372251 2.044131 -1.476741 1.369923 2.017234 -1.476741 1.697561 2.017234 -1.430024 1.69989 2.044131 -1.377719 1.706844 2.06073 -1.323683 1.71813 2.065375 -1.272124 1.732581 2.058937 -1.223505 1.750008 2.042053 -1.178838 1.770092 2.015338 -1.141142 1.791714 1.980281 -1.112185 1.813434 1.939857 -2.017234 1.369923 1.476741 -2.017234 1.697561 1.476741 -1.855852 1.697561 1.675057 -1.675057 1.697561 1.855852 -1.476741 1.697561 2.017234 -1.476741 1.369923 2.017234 -1.675057 1.369923 1.855852 -1.855852 1.369923 1.675057 0.9365896 1.95 1.633587 0.5793648 1.95 1.01052 0.561919 1.95 0.9627735 0.5614221 1.95 0.911942 0.5779309 1.95 0.8638635 0.6095495 1.95 0.8240597 0.4679418 1.95 0.9119514 0.3139622 1.95 0.9757319 0.1516816 1.95 1.013715 0.2021849 1.95 1.019502 0.247855 1.95 1.041826 0.2834469 1.95 1.07812 0.3048728 1.95 1.124218 0.4928513 1.95 1.817389 0.6458142 1.95 1.768821 0.794086 1.95 1.707405 0.9765783 1.933129 1.703334 0.9636781 1.942442 1.680834 0.9502637 1.948101 1.657437 0.9365896 1.95 1.633587 0.794086 1.95 1.707405 0.6458142 1.95 1.768821 0.4928513 1.95 1.817389 0.5000468 1.948101 1.843923 0.5071058 1.942442 1.869952 0.5138941 1.933129 1.894984 0.673388 1.933129 1.844343 0.8279904 1.933129 1.780305 0.7363232 1.945737 1.777642 -1.578972 1.65 0.9052774 -1.602822 1.648101 0.9189515 -1.62622 1.642442 0.932366 -1.64872 1.633129 0.9452661 -1.723222 1.633129 0.8014423 -1.785208 1.633129 0.6517969 -1.834225 1.633129 0.497417 -1.809193 1.642442 0.4906287 -1.783163 1.648101 0.4835697 -1.75663 1.65 0.4763742 -1.709686 1.65 0.6242232 -1.650323 1.65 0.767538 -1.71948 1.645737 0.7122319 -1.013715 1.95 0.1516816 -1.014879 1.950003 0.1396535 -1.014879 1.65 0.1396535 -1.015203 1.65 0.182784 -1.027787 1.65 0.2240391 -1.051591 1.65 0.2600079 -1.084646 1.65 0.287716 -1.124218 1.65 0.3048728 -1.124218 1.95 0.3048728 -1.07812 1.95 0.2834469 -1.041826 1.95 0.247855 -1.019502 1.95 0.2021849 -1.124218 1.95 0.3048728 -1.124218 1.65 0.3048728 -1.75663 1.65 0.4763742 -1.783163 1.648101 0.4835697 -1.809193 1.642442 0.4906287 -1.834225 1.633129 0.497417 -2.158119 1.485795 0.5852527 -2.158119 1.813434 0.5852527 -1.894984 1.933129 0.5138941 -1.869952 1.942442 0.5071058 -1.843923 1.948101 0.5000468 -1.817389 1.95 0.4928513 -1.013715 1.95 -0.1516816 -1.019502 1.95 -0.2021849 -1.041826 1.95 -0.247855 -1.07812 1.95 -0.2834469 -1.124218 1.95 -0.3048728 -1.124218 1.65 -0.3048728 -1.084646 1.65 -0.287716 -1.051591 1.65 -0.2600079 -1.027787 1.65 -0.2240391 -1.015203 1.65 -0.182784 -1.014879 1.65 -0.1396535 -1.014879 1.950003 -0.1396535 -1.014879 1.65 0.1396535 -1.014879 1.950003 0.1396535 -1.023378 1.950003 0.04668039 -1.023378 1.950003 -0.04668039 -1.014879 1.950003 -0.1396535 -1.014879 1.65 -0.1396535 -1.023378 1.65 -0.04668039 -1.023378 1.65 0.04668039 -2.470614 1.369923 -0.3821862 -2.456599 1.372251 -0.4342391 -2.431351 1.379206 -0.4829617 -2.396425 1.390492 -0.5244553 -2.355416 1.404943 -0.5563608 -2.309099 1.42237 -0.5788006 -2.258624 1.442454 -0.5914948 -2.20718 1.464076 -0.593361 -2.158119 1.485795 -0.5852527 -2.158119 1.813434 -0.5852527 -2.20718 1.791714 -0.593361 -2.258624 1.770092 -0.5914948 -2.309099 1.750008 -0.5788006 -2.355416 1.732581 -0.5563608 -2.396425 1.71813 -0.5244553 -2.431351 1.706844 -0.4829617 -2.456599 1.69989 -0.4342391 -2.470614 1.697561 -0.3821862 -1.124218 1.65 -0.3048728 -1.124218 1.95 -0.3048728 -1.817389 1.95 -0.4928513 -1.843923 1.948101 -0.5000468 -1.869952 1.942442 -0.5071058 -1.894984 1.933129 -0.5138941 -2.158119 1.813434 -0.5852527 -2.158119 1.485795 -0.5852527 -1.834225 1.633129 -0.497417 -1.809193 1.642442 -0.4906287 -1.783163 1.648101 -0.4835697 -1.75663 1.65 -0.4763742 -2.158119 1.485795 0.5852527 -2.20718 1.464076 0.593361 -2.258624 1.442454 0.5914948 -2.309099 1.42237 0.5788006 -2.355416 1.404943 0.5563608 -2.396425 1.390492 0.5244553 -2.431351 1.379206 0.4829617 -2.456599 1.372251 0.4342391 -2.470614 1.369923 0.3821862 -2.470614 1.697561 0.3821862 -2.456599 1.69989 0.4342391 -2.431351 1.706844 0.4829617 -2.396425 1.71813 0.5244553 -2.355416 1.732581 0.5563608 -2.309099 1.750008 0.5788006 -2.258624 1.770092 0.5914948 -2.20718 1.791714 0.593361 -2.158119 1.813434 0.5852527 -2.470614 1.369923 -0.3821862 -2.470614 1.697561 -0.3821862 -2.496729 1.697561 -0.1278411 -2.496729 1.697561 0.1278411 -2.470614 1.697561 0.3821862 -2.470614 1.369923 0.3821862 -2.496729 1.369923 0.1278411 -2.496729 1.369923 -0.1278411 -1.75663 1.65 -0.4763742 -1.783163 1.648101 -0.4835697 -1.809193 1.642442 -0.4906287 -1.834225 1.633129 -0.497417 -1.785208 1.633129 -0.6517969 -1.723222 1.633129 -0.8014423 -1.64872 1.633129 -0.9452661 -1.62622 1.642442 -0.932366 -1.602822 1.648101 -0.9189515 -1.578972 1.65 -0.9052774 -1.650323 1.65 -0.767538 -1.709686 1.65 -0.6242232 -1.71948 1.645737 -0.7122319 -1.894984 1.933129 -0.5138941 -1.869952 1.942442 -0.5071058 -1.843923 1.948101 -0.5000468 -1.817389 1.95 -0.4928513 -1.768821 1.95 -0.6458142 -1.707405 1.95 -0.794086 -1.633587 1.95 -0.9365896 -1.657437 1.948101 -0.9502637 -1.680834 1.942442 -0.9636781 -1.703334 1.933129 -0.9765783 -1.780305 1.933129 -0.8279904 -1.844343 1.933129 -0.673388 -1.777642 1.945737 -0.7363232 -1.817389 1.95 -0.4928513 -1.124218 1.95 -0.3048728 -1.07812 1.95 -0.2834469 -1.041826 1.95 -0.247855 -1.019502 1.95 -0.2021849 -1.013715 1.95 -0.1516816 -0.9757319 1.95 -0.3139622 -0.9119514 1.95 -0.4679418 -0.8240597 1.95 -0.6095495 -0.8638635 1.95 -0.5779309 -0.911942 1.95 -0.5614221 -0.9627735 1.95 -0.561919 -1.01052 1.95 -0.5793648 -1.633587 1.95 -0.9365896 -1.707405 1.95 -0.794086 -1.768821 1.95 -0.6458142 -0.8240597 1.95 -0.6095495 -0.8163775 1.950003 -0.6188776 -0.8163775 1.65 -0.6188776 -0.8471049 1.65 -0.5886092 -0.8851752 1.65 -0.5683358 -0.9274405 1.65 -0.5597338 -0.9704062 1.65 -0.5635144 -1.01052 1.65 -0.5793648 -1.01052 1.95 -0.5793648 -0.9627735 1.95 -0.561919 -0.911942 1.95 -0.5614221 -0.8638635 1.95 -0.5779309 -1.01052 1.95 -0.5793648 -1.01052 1.65 -0.5793648 -1.578972 1.65 -0.9052774 -1.602822 1.648101 -0.9189515 -1.62622 1.642442 -0.932366 -1.64872 1.633129 -0.9452661 -1.939857 1.485795 -1.112185 -1.939857 1.813434 -1.112185 -1.703334 1.933129 -0.9765783 -1.680834 1.942442 -0.9636781 -1.657437 1.948101 -0.9502637 -1.633587 1.95 -0.9365896 -0.6095495 1.95 -0.8240597 -0.5779309 1.95 -0.8638635 -0.5614221 1.95 -0.911942 -0.561919 1.95 -0.9627735 -0.5793648 1.95 -1.01052 -0.5793648 1.65 -1.01052 -0.5635144 1.65 -0.9704062 -0.5597338 1.65 -0.9274405 -0.5683358 1.65 -0.8851752 -0.5886092 1.65 -0.8471049 -0.6188776 1.65 -0.8163775 -0.6188776 1.950003 -0.8163775 -0.8163775 1.65 -0.6188776 -0.8163775 1.950003 -0.6188776 -0.7566456 1.950003 -0.6906296 -0.6906296 1.950003 -0.7566456 -0.6188776 1.950003 -0.8163775 -0.6188776 1.65 -0.8163775 -0.6906296 1.65 -0.7566456 -0.7566456 1.65 -0.6906296 -1.476741 1.369923 -2.017234 -1.430024 1.372251 -2.044131 -1.377719 1.379206 -2.06073 -1.323683 1.390492 -2.065375 -1.272124 1.404943 -2.058937 -1.223505 1.42237 -2.042053 -1.178838 1.442454 -2.015338 -1.141142 1.464076 -1.980281 -1.112185 1.485795 -1.939857 -1.112185 1.813434 -1.939857 -1.141142 1.791714 -1.980281 -1.178838 1.770092 -2.015338 -1.223505 1.750008 -2.042053 -1.272124 1.732581 -2.058937 -1.323683 1.71813 -2.065375 -1.377719 1.706844 -2.06073 -1.430024 1.69989 -2.044131 -1.476741 1.697561 -2.017234 -0.5793648 1.65 -1.01052 -0.5793648 1.95 -1.01052 -0.9365896 1.95 -1.633587 -0.9502637 1.948101 -1.657437 -0.9636781 1.942442 -1.680834 -0.9765783 1.933129 -1.703334 -1.112185 1.813434 -1.939857 -1.112185 1.485795 -1.939857 -0.9452661 1.633129 -1.64872 -0.932366 1.642442 -1.62622 -0.9189515 1.648101 -1.602822 -0.9052774 1.65 -1.578972 -1.939857 1.485795 -1.112185 -1.980281 1.464076 -1.141142 -2.015338 1.442454 -1.178838 -2.042053 1.42237 -1.223505 -2.058937 1.404943 -1.272124 -2.065375 1.390492 -1.323683 -2.06073 1.379206 -1.377719 -2.044131 1.372251 -1.430024 -2.017234 1.369923 -1.476741 -2.017234 1.697561 -1.476741 -2.044131 1.69989 -1.430024 -2.06073 1.706844 -1.377719 -2.065375 1.71813 -1.323683 -2.058937 1.732581 -1.272124 -2.042053 1.750008 -1.223505 -2.015338 1.770092 -1.178838 -1.980281 1.791714 -1.141142 -1.939857 1.813434 -1.112185 -1.476741 1.369923 -2.017234 -1.476741 1.697561 -2.017234 -1.675057 1.697561 -1.855852 -1.855852 1.697561 -1.675057 -2.017234 1.697561 -1.476741 -2.017234 1.369923 -1.476741 -1.855852 1.369923 -1.675057 -1.675057 1.369923 -1.855852 -0.9052774 1.65 -1.578972 -0.9189515 1.648101 -1.602822 -0.932366 1.642442 -1.62622 -0.9452661 1.633129 -1.64872 -0.8014423 1.633129 -1.723222 -0.6517969 1.633129 -1.785208 -0.497417 1.633129 -1.834225 -0.4906287 1.642442 -1.809193 -0.4835697 1.648101 -1.783163 -0.4763742 1.65 -1.75663 -0.6242232 1.65 -1.709686 -0.767538 1.65 -1.650323 -0.7122319 1.645737 -1.71948 -1.633587 1.95 0.9365896 -1.01052 1.95 0.5793648 -0.9627735 1.95 0.561919 -0.911942 1.95 0.5614221 -0.8638635 1.95 0.5779309 -0.8240597 1.95 0.6095495 -0.9119514 1.95 0.4679418 -0.9757319 1.95 0.3139622 -1.013715 1.95 0.1516816 -1.019502 1.95 0.2021849 -1.041826 1.95 0.247855 -1.07812 1.95 0.2834469 -1.124218 1.95 0.3048728 -1.817389 1.95 0.4928513 -1.768821 1.95 0.6458142 -1.707405 1.95 0.794086 -1.703334 1.933129 0.9765783 -1.680834 1.942442 0.9636781 -1.657437 1.948101 0.9502637 -1.633587 1.95 0.9365896 -1.707405 1.95 0.794086 -1.768821 1.95 0.6458142 -1.817389 1.95 0.4928513 -1.843923 1.948101 0.5000468 -1.869952 1.942442 0.5071058 -1.894984 1.933129 0.5138941 -1.844343 1.933129 0.673388 -1.780305 1.933129 0.8279904 -1.777642 1.945737 0.7363232 -0.1516816 1.95 -1.013715 -0.1396535 1.950003 -1.014879 -0.1396535 1.65 -1.014879 -0.182784 1.65 -1.015203 -0.2240391 1.65 -1.027787 -0.2600079 1.65 -1.051591 -0.287716 1.65 -1.084646 -0.3048728 1.65 -1.124218 -0.3048728 1.95 -1.124218 -0.2834469 1.95 -1.07812 -0.247855 1.95 -1.041826 -0.2021849 1.95 -1.019502 -0.3048728 1.95 -1.124218 -0.3048728 1.65 -1.124218 -0.4763742 1.65 -1.75663 -0.4835697 1.648101 -1.783163 -0.4906287 1.642442 -1.809193 -0.497417 1.633129 -1.834225 -0.5852527 1.485795 -2.158119 -0.5852527 1.813434 -2.158119 -0.5138941 1.933129 -1.894984 -0.5071058 1.942442 -1.869952 -0.5000468 1.948101 -1.843923 -0.4928513 1.95 -1.817389 0.1516816 1.95 -1.013715 0.2021849 1.95 -1.019502 0.247855 1.95 -1.041826 0.2834469 1.95 -1.07812 0.3048728 1.95 -1.124218 0.3048728 1.65 -1.124218 0.287716 1.65 -1.084646 0.2600079 1.65 -1.051591 0.2240391 1.65 -1.027787 0.182784 1.65 -1.015203 0.1396535 1.65 -1.014879 0.1396535 1.950003 -1.014879 -0.1396535 1.65 -1.014879 -0.1396535 1.950003 -1.014879 -0.04668039 1.950003 -1.023378 0.04668039 1.950003 -1.023378 0.1396535 1.950003 -1.014879 0.1396535 1.65 -1.014879 0.04668039 1.65 -1.023378 -0.04668039 1.65 -1.023378 0.3821862 1.369923 -2.470614 0.4342391 1.372251 -2.456599 0.4829617 1.379206 -2.431351 0.5244553 1.390492 -2.396425 0.5563608 1.404943 -2.355416 0.5788006 1.42237 -2.309099 0.5914948 1.442454 -2.258624 0.593361 1.464076 -2.20718 0.5852527 1.485795 -2.158119 0.5852527 1.813434 -2.158119 0.593361 1.791714 -2.20718 0.5914948 1.770092 -2.258624 0.5788006 1.750008 -2.309099 0.5563608 1.732581 -2.355416 0.5244553 1.71813 -2.396425 0.4829617 1.706844 -2.431351 0.4342391 1.69989 -2.456599 0.3821862 1.697561 -2.470614 0.3048728 1.65 -1.124218 0.3048728 1.95 -1.124218 0.4928513 1.95 -1.817389 0.5000468 1.948101 -1.843923 0.5071058 1.942442 -1.869952 0.5138941 1.933129 -1.894984 0.5852527 1.813434 -2.158119 0.5852527 1.485795 -2.158119 0.497417 1.633129 -1.834225 0.4906287 1.642442 -1.809193 0.4835697 1.648101 -1.783163 0.4763742 1.65 -1.75663 -0.5852527 1.485795 -2.158119 -0.593361 1.464076 -2.20718 -0.5914948 1.442454 -2.258624 -0.5788006 1.42237 -2.309099 -0.5563608 1.404943 -2.355416 -0.5244553 1.390492 -2.396425 -0.4829617 1.379206 -2.431351 -0.4342391 1.372251 -2.456599 -0.3821862 1.369923 -2.470614 -0.3821862 1.697561 -2.470614 -0.4342391 1.69989 -2.456599 -0.4829617 1.706844 -2.431351 -0.5244553 1.71813 -2.396425 -0.5563608 1.732581 -2.355416 -0.5788006 1.750008 -2.309099 -0.5914948 1.770092 -2.258624 -0.593361 1.791714 -2.20718 -0.5852527 1.813434 -2.158119 0.3821862 1.369923 -2.470614 0.3821862 1.697561 -2.470614 0.1278411 1.697561 -2.496729 -0.1278411 1.697561 -2.496729 -0.3821862 1.697561 -2.470614 -0.3821862 1.369923 -2.470614 -0.1278411 1.369923 -2.496729 0.1278411 1.369923 -2.496729 -0.9765783 1.933129 -1.703334 -0.9636781 1.942442 -1.680834 -0.9502637 1.948101 -1.657437 -0.9365896 1.95 -1.633587 -0.794086 1.95 -1.707405 -0.6458142 1.95 -1.768821 -0.4928513 1.95 -1.817389 -0.5000468 1.948101 -1.843923 -0.5071058 1.942442 -1.869952 -0.5138941 1.933129 -1.894984 -0.673388 1.933129 -1.844343 -0.8279904 1.933129 -1.780305 -0.7363232 1.945737 -1.777642 -0.9365896 1.95 -1.633587 -0.5793648 1.95 -1.01052 -0.561919 1.95 -0.9627735 -0.5614221 1.95 -0.911942 -0.5779309 1.95 -0.8638635 -0.6095495 1.95 -0.8240597 -0.4679418 1.95 -0.9119514 -0.3139622 1.95 -0.9757319 -0.1516816 1.95 -1.013715 -0.2021849 1.95 -1.019502 -0.247855 1.95 -1.041826 -0.2834469 1.95 -1.07812 -0.3048728 1.95 -1.124218 -0.4928513 1.95 -1.817389 -0.6458142 1.95 -1.768821 -0.794086 1.95 -1.707405 0 1.43469 2.95 0.308359 1.43469 2.93384 0.6133395 1.43469 2.885535 0.9116001 1.43469 2.805617 1.199873 1.43469 2.694959 1.475 1.43469 2.554775 1.733966 1.43469 2.3866 1.973935 1.43469 2.192277 2.192277 1.43469 1.973935 2.3866 1.43469 1.733966 2.554775 1.43469 1.475 2.694959 1.43469 1.199873 2.805617 1.43469 0.9116001 2.885535 1.43469 0.6133395 2.93384 1.43469 0.308359 2.95 1.43469 0 2.93384 1.43469 -0.308359 2.885535 1.43469 -0.6133395 2.805617 1.43469 -0.9116001 2.694959 1.43469 -1.199873 2.554775 1.43469 -1.475 2.3866 1.43469 -1.733966 2.192277 1.43469 -1.973935 1.973935 1.43469 -2.192277 1.733966 1.43469 -2.3866 1.475 1.43469 -2.554775 1.199873 1.43469 -2.694959 0.9116001 1.43469 -2.805617 0.6133395 1.43469 -2.885535 0.308359 1.43469 -2.93384 0 1.43469 -2.95 -0.308359 1.43469 -2.93384 -0.6133395 1.43469 -2.885535 -0.9116001 1.43469 -2.805617 -1.199873 1.43469 -2.694959 -1.475 1.43469 -2.554775 -1.733966 1.43469 -2.3866 -1.973935 1.43469 -2.192277 -2.192277 1.43469 -1.973935 -2.3866 1.43469 -1.733966 -2.554775 1.43469 -1.475 -2.694959 1.43469 -1.199873 -2.805617 1.43469 -0.9116001 -2.885535 1.43469 -0.6133395 -2.93384 1.43469 -0.308359 -2.95 1.43469 0 -2.93384 1.43469 0.308359 -2.885535 1.43469 0.6133395 -2.805617 1.43469 0.9116001 -2.694959 1.43469 1.199873 -2.554775 1.43469 1.475 -2.3866 1.43469 1.733966 -2.192277 1.43469 1.973935 -1.973935 1.43469 2.192277 -1.733966 1.43469 2.3866 -1.475 1.43469 2.554775 -1.199873 1.43469 2.694959 -0.9116001 1.43469 2.805617 -0.6133395 1.43469 2.885535 -0.308359 1.43469 2.93384 0 1.526254 2.890199 -0.3021081 1.526254 2.874366 -0.6009061 1.526254 2.827041 -0.8931206 1.526254 2.748743 -1.17555 1.526254 2.640328 -1.445099 1.526254 2.502986 -1.698816 1.526254 2.33822 -1.933921 1.526254 2.147836 -2.147836 1.526254 1.933921 -2.33822 1.526254 1.698816 -2.502986 1.526254 1.445099 -2.640328 1.526254 1.17555 -2.748743 1.526254 0.8931206 -2.827041 1.526254 0.6009061 -2.874366 1.526254 0.3021081 -2.890199 1.526254 0 -2.874366 1.526254 -0.3021081 -2.827041 1.526254 -0.6009061 -2.748743 1.526254 -0.8931206 -2.640328 1.526254 -1.17555 -2.502986 1.526254 -1.445099 -2.33822 1.526254 -1.698816 -2.147836 1.526254 -1.933921 -1.933921 1.526254 -2.147836 -1.698816 1.526254 -2.33822 -1.445099 1.526254 -2.502986 -1.17555 1.526254 -2.640328 -0.8931206 1.526254 -2.748743 -0.6009061 1.526254 -2.827041 -0.3021081 1.526254 -2.874366 0 1.526254 -2.890199 0.3021081 1.526254 -2.874366 0.6009061 1.526254 -2.827041 0.8931206 1.526254 -2.748743 1.17555 1.526254 -2.640328 1.445099 1.526254 -2.502986 1.698816 1.526254 -2.33822 1.933921 1.526254 -2.147836 2.147836 1.526254 -1.933921 2.33822 1.526254 -1.698816 2.502986 1.526254 -1.445099 2.640328 1.526254 -1.17555 2.748743 1.526254 -0.8931206 2.827041 1.526254 -0.6009061 2.874366 1.526254 -0.3021081 2.890199 1.526254 0 2.874366 1.526254 0.3021081 2.827041 1.526254 0.6009061 2.748743 1.526254 0.8931206 2.640328 1.526254 1.17555 2.502986 1.526254 1.445099 2.33822 1.526254 1.698816 2.147836 1.526254 1.933921 1.933921 1.526254 2.147836 1.698816 1.526254 2.33822 1.445099 1.526254 2.502986 1.17555 1.526254 2.640328 0.8931206 1.526254 2.748743 0.6009061 1.526254 2.827041 0.3021081 1.526254 2.874366 0 1.43469 -2.95 0 1.526254 -2.890199 0 1.463216 -2.945845 0 1.463216 -2.945845 0 1.489371 -2.933725 0 1.489371 -2.933725 0 1.510982 -2.914648 0 1.510982 -2.914648 0.3079246 1.463216 2.929707 0.3066578 1.489371 2.917654 0.3046637 1.510982 2.898682 0 1.510982 2.914648 0 1.489371 2.933725 0 1.463216 2.945845 0.6124756 1.463216 2.881471 0.6099559 1.489371 2.869616 0.6059895 1.510982 2.850956 0.9103162 1.463216 2.801665 0.906571 1.489371 2.790139 0.9006759 1.510982 2.771995 1.198183 1.463216 2.691163 1.193254 1.489371 2.680092 1.185494 1.510982 2.662664 1.472923 1.463216 2.551177 1.466863 1.489371 2.540681 1.457324 1.510982 2.524159 1.731524 1.463216 2.383239 1.7244 1.489371 2.373434 1.713187 1.510982 2.358 1.971155 1.463216 2.189189 1.963045 1.489371 2.180183 1.95028 1.510982 2.166006 2.189189 1.463216 1.971155 2.180183 1.489371 1.963045 2.166006 1.510982 1.95028 2.383239 1.463216 1.731524 2.373434 1.489371 1.7244 2.358 1.510982 1.713187 2.551177 1.463216 1.472923 2.540681 1.489371 1.466863 2.524159 1.510982 1.457324 2.691163 1.463216 1.198183 2.680092 1.489371 1.193254 2.662664 1.510982 1.185494 2.801665 1.463216 0.9103162 2.790139 1.489371 0.906571 2.771995 1.510982 0.9006759 2.881471 1.463216 0.6124756 2.869616 1.489371 0.6099559 2.850956 1.510982 0.6059895 2.929707 1.463216 0.3079246 2.917654 1.489371 0.3066578 2.898682 1.510982 0.3046637 2.945845 1.463216 0 2.933725 1.489371 0 2.914648 1.510982 0 2.929707 1.463216 -0.3079246 2.917654 1.489371 -0.3066578 2.898682 1.510982 -0.3046637 2.881471 1.463216 -0.6124756 2.869616 1.489371 -0.6099559 2.850956 1.510982 -0.6059895 2.801665 1.463216 -0.9103162 2.790139 1.489371 -0.906571 2.771995 1.510982 -0.9006759 2.691163 1.463216 -1.198183 2.680092 1.489371 -1.193254 2.662664 1.510982 -1.185494 2.551177 1.463216 -1.472923 2.540681 1.489371 -1.466863 2.524159 1.510982 -1.457324 2.383239 1.463216 -1.731524 2.373434 1.489371 -1.7244 2.358 1.510982 -1.713187 2.189189 1.463216 -1.971155 2.180183 1.489371 -1.963045 2.166006 1.510982 -1.95028 1.971155 1.463216 -2.189189 1.963045 1.489371 -2.180183 1.95028 1.510982 -2.166006 1.731524 1.463216 -2.383239 1.7244 1.489371 -2.373434 1.713187 1.510982 -2.358 1.472923 1.463216 -2.551177 1.466863 1.489371 -2.540681 1.457324 1.510982 -2.524159 1.198183 1.463216 -2.691163 1.193254 1.489371 -2.680092 1.185494 1.510982 -2.662664 0.9103162 1.463216 -2.801665 0.906571 1.489371 -2.790139 0.9006759 1.510982 -2.771995 0.6124756 1.463216 -2.881471 0.6099559 1.489371 -2.869616 0.6059895 1.510982 -2.850956 0.3079246 1.463216 -2.929707 0.3066578 1.489371 -2.917654 0.3046637 1.510982 -2.898682 -0.3079246 1.463216 -2.929707 -0.3066578 1.489371 -2.917654 -0.3046637 1.510982 -2.898682 -0.6124756 1.463216 -2.881471 -0.6099559 1.489371 -2.869616 -0.6059895 1.510982 -2.850956 -0.9103162 1.463216 -2.801665 -0.906571 1.489371 -2.790139 -0.9006759 1.510982 -2.771995 -1.198183 1.463216 -2.691163 -1.193254 1.489371 -2.680092 -1.185494 1.510982 -2.662664 -1.472923 1.463216 -2.551177 -1.466863 1.489371 -2.540681 -1.457324 1.510982 -2.524159 -1.731524 1.463216 -2.383239 -1.7244 1.489371 -2.373434 -1.713187 1.510982 -2.358 -1.971155 1.463216 -2.189189 -1.963045 1.489371 -2.180183 -1.95028 1.510982 -2.166006 -2.189189 1.463216 -1.971155 -2.180183 1.489371 -1.963045 -2.166006 1.510982 -1.95028 -2.383239 1.463216 -1.731524 -2.373434 1.489371 -1.7244 -2.358 1.510982 -1.713187 -2.551177 1.463216 -1.472923 -2.540681 1.489371 -1.466863 -2.524159 1.510982 -1.457324 -2.691163 1.463216 -1.198183 -2.680092 1.489371 -1.193254 -2.662664 1.510982 -1.185494 -2.801665 1.463216 -0.9103162 -2.790139 1.489371 -0.906571 -2.771995 1.510982 -0.9006759 -2.881471 1.463216 -0.6124756 -2.869616 1.489371 -0.6099559 -2.850956 1.510982 -0.6059895 -2.929707 1.463216 -0.3079246 -2.917654 1.489371 -0.3066578 -2.898682 1.510982 -0.3046637 -2.945845 1.463216 0 -2.933725 1.489371 0 -2.914648 1.510982 0 -2.929707 1.463216 0.3079246 -2.917654 1.489371 0.3066578 -2.898682 1.510982 0.3046637 -2.881471 1.463216 0.6124756 -2.869616 1.489371 0.6099559 -2.850956 1.510982 0.6059895 -2.801665 1.463216 0.9103162 -2.790139 1.489371 0.906571 -2.771995 1.510982 0.9006759 -2.691163 1.463216 1.198183 -2.680092 1.489371 1.193254 -2.662664 1.510982 1.185494 -2.551177 1.463216 1.472923 -2.540681 1.489371 1.466863 -2.524159 1.510982 1.457324 -2.383239 1.463216 1.731524 -2.373434 1.489371 1.7244 -2.358 1.510982 1.713187 -2.189189 1.463216 1.971155 -2.180183 1.489371 1.963045 -2.166006 1.510982 1.95028 -1.971155 1.463216 2.189189 -1.963045 1.489371 2.180183 -1.95028 1.510982 2.166006 -1.731524 1.463216 2.383239 -1.7244 1.489371 2.373434 -1.713187 1.510982 2.358 -1.472923 1.463216 2.551177 -1.466863 1.489371 2.540681 -1.457324 1.510982 2.524159 -1.198183 1.463216 2.691163 -1.193254 1.489371 2.680092 -1.185494 1.510982 2.662664 -0.9103162 1.463216 2.801665 -0.906571 1.489371 2.790139 -0.9006759 1.510982 2.771995 -0.6124756 1.463216 2.881471 -0.6099559 1.489371 2.869616 -0.6059895 1.510982 2.850956 -0.3079246 1.463216 2.929707 -0.3066578 1.489371 2.917654 -0.3046637 1.510982 2.898682 0 1.3 0.3 -0.09270507 1.3 0.285317 -0.1763355 1.3 0.2427051 -0.2427051 1.3 0.1763355 -0.285317 1.3 0.09270507 -0.3 1.3 0 -0.285317 1.3 -0.09270507 -0.2427051 1.3 -0.1763355 -0.1763355 1.3 -0.2427051 -0.09270507 1.3 -0.285317 0 1.3 -0.3 0.09270507 1.3 -0.285317 0.1763355 1.3 -0.2427051 0.2427051 1.3 -0.1763355 0.285317 1.3 -0.09270507 0.3 1.3 0 0.285317 1.3 0.09270507 0.2427051 1.3 0.1763355 0.1763355 1.3 0.2427051 0.09270507 1.3 0.285317 0 1.3 0.3 0.09270507 1.3 0.285317 0.1763355 1.3 0.2427051 0.2427051 1.3 0.1763355 0.285317 1.3 0.09270507 0.3 1.3 0 0.285317 1.3 -0.09270507 0.2427051 1.3 -0.1763355 0.1763355 1.3 -0.2427051 0.09270507 1.3 -0.285317 0 1.3 -0.3 -0.09270507 1.3 -0.285317 -0.1763355 1.3 -0.2427051 -0.2427051 1.3 -0.1763355 -0.285317 1.3 -0.09270507 -0.3 1.3 0 -0.285317 1.3 0.09270507 -0.2427051 1.3 0.1763355 -0.1763355 1.3 0.2427051 -0.09270507 1.3 0.285317 0 1.65 0.3 -0.09270507 1.65 0.285317 -0.1763355 1.65 0.2427051 -0.2427051 1.65 0.1763355 -0.285317 1.65 0.09270507 -0.3 1.65 0 -0.285317 1.65 -0.09270507 -0.2427051 1.65 -0.1763355 -0.1763355 1.65 -0.2427051 -0.09270507 1.65 -0.285317 0 1.65 -0.3 0.09270507 1.65 -0.285317 0.1763355 1.65 -0.2427051 0.2427051 1.65 -0.1763355 0.285317 1.65 -0.09270507 0.3 1.65 0 0.285317 1.65 0.09270507 0.2427051 1.65 0.1763355 0.1763355 1.65 0.2427051 0.09270507 1.65 0.285317 0 1.3 -0.3 0 1.65 -0.3 0 1.347972 2.55 0.2855094 1.347972 2.533966 0.5674284 1.347972 2.486066 0.8422116 1.347972 2.406903 1.106404 1.347972 2.297471 1.356682 1.347972 2.159147 1.589899 1.347972 1.99367 1.803122 1.347972 1.803122 1.99367 1.347972 1.589899 2.159147 1.347972 1.356682 2.297471 1.347972 1.106404 2.406903 1.347972 0.8422116 2.486066 1.347972 0.5674284 2.533966 1.347972 0.2855094 2.55 1.347972 0 2.533966 1.347972 -0.2855094 2.486066 1.347972 -0.5674284 2.406903 1.347972 -0.8422116 2.297471 1.347972 -1.106404 2.159147 1.347972 -1.356682 1.99367 1.347972 -1.589899 1.803122 1.347972 -1.803122 1.589899 1.347972 -1.99367 1.356682 1.347972 -2.159147 1.106404 1.347972 -2.297471 0.8422116 1.347972 -2.406903 0.5674284 1.347972 -2.486066 0.2855094 1.347972 -2.533966 0 1.347972 -2.55 -0.2855094 1.347972 -2.533966 -0.5674284 1.347972 -2.486066 -0.8422116 1.347972 -2.406903 -1.106404 1.347972 -2.297471 -1.356682 1.347972 -2.159147 -1.589899 1.347972 -1.99367 -1.803122 1.347972 -1.803122 -1.99367 1.347972 -1.589899 -2.159147 1.347972 -1.356682 -2.297471 1.347972 -1.106404 -2.406903 1.347972 -0.8422116 -2.486066 1.347972 -0.5674284 -2.533966 1.347972 -0.2855094 -2.55 1.347972 0 -2.533966 1.347972 0.2855094 -2.486066 1.347972 0.5674284 -2.406903 1.347972 0.8422116 -2.297471 1.347972 1.106404 -2.159147 1.347972 1.356682 -1.99367 1.347972 1.589899 -1.803122 1.347972 1.803122 -1.589899 1.347972 1.99367 -1.356682 1.347972 2.159147 -1.106404 1.347972 2.297471 -0.8422116 1.347972 2.406903 -0.5674284 1.347972 2.486066 -0.2855094 1.347972 2.533966 0 1.3 2.55 -0.2855094 1.3 2.533966 -0.5674284 1.3 2.486066 -0.8422116 1.3 2.406903 -1.106404 1.3 2.297471 -1.356682 1.3 2.159147 -1.589899 1.3 1.99367 -1.803122 1.3 1.803122 -1.99367 1.3 1.589899 -2.159147 1.3 1.356682 -2.297471 1.3 1.106404 -2.406903 1.3 0.8422116 -2.486066 1.3 0.5674284 -2.533966 1.3 0.2855094 -2.55 1.3 0 -2.533966 1.3 -0.2855094 -2.486066 1.3 -0.5674284 -2.406903 1.3 -0.8422116 -2.297471 1.3 -1.106404 -2.159147 1.3 -1.356682 -1.99367 1.3 -1.589899 -1.803122 1.3 -1.803122 -1.589899 1.3 -1.99367 -1.356682 1.3 -2.159147 -1.106404 1.3 -2.297471 -0.8422116 1.3 -2.406903 -0.5674284 1.3 -2.486066 -0.2855094 1.3 -2.533966 0 1.3 -2.55 0.2855094 1.3 -2.533966 0.5674284 1.3 -2.486066 0.8422116 1.3 -2.406903 1.106404 1.3 -2.297471 1.356682 1.3 -2.159147 1.589899 1.3 -1.99367 1.803122 1.3 -1.803122 1.99367 1.3 -1.589899 2.159147 1.3 -1.356682 2.297471 1.3 -1.106404 2.406903 1.3 -0.8422116 2.486066 1.3 -0.5674284 2.533966 1.3 -0.2855094 2.55 1.3 0 2.533966 1.3 0.2855094 2.486066 1.3 0.5674284 2.406903 1.3 0.8422116 2.297471 1.3 1.106404 2.159147 1.3 1.356682 1.99367 1.3 1.589899 1.803122 1.3 1.803122 1.589899 1.3 1.99367 1.356682 1.3 2.159147 1.106404 1.3 2.297471 0.8422116 1.3 2.406903 0.5674284 1.3 2.486066 0.2855094 1.3 2.533966 0 1.347972 -2.55 0 1.3 -2.55</float_array>
          <technique_common>
            <accessor source="#Body2-mesh-positions-array" count="3073" stride="3">
              <param name="X" type="float"/>
              <param name="Y" type="float"/>
              <param name="Z" type="float"/>
            </accessor>
          </technique_common>
        </source>
        <source id="Body2-mesh-normals">
          <float_array id="Body2-mesh-normals-array" count="7170">0.1262583 0.7071017 0.6957485 0.06351035 0.705664 0.7056946 0.06351172 0.7056792 0.7056792 -0.06351035 0.705664 0.7056946 -0.1262583 0.7071017 0.6957485 -0.2484575 0.7071015 0.6620245 -0.3626609 0.7071018 0.607029 -0.4652374 0.7071036 0.5325022 -0.5528303 0.7071064 0.4408847 -0.6226845 0.7071008 0.335071 -0.6725175 0.7070956 0.2184858 -0.6725131 0.7070909 0.2185149 -0.7007181 0.7070966 0.09491431 -0.7064002 0.7071021 -0.03170955 -0.6893945 0.7070955 -0.1573256 -0.6502124 0.7071003 -0.2779082 -0.5901459 0.7070947 -0.3895445 -0.5111077 0.707103 -0.4886454 -0.4156178 0.7071118 -0.572062 -0.415643 0.7071028 -0.5720547 -0.306809 0.7070983 -0.6370874 -0.1881184 0.7070921 -0.6816394 -0.06335824 0.7071039 -0.7042655 0.06335824 0.7071039 -0.7042655 0.1881184 0.7070921 -0.6816394 0.306809 0.7070983 -0.6370874 0.4156178 0.7071118 -0.572062 0.415643 0.7071028 -0.5720547 0.5111077 0.707103 -0.4886454 0.5901459 0.7070947 -0.3895445 0.6502124 0.7071003 -0.2779082 0.6893945 0.7070955 -0.1573256 0.7064002 0.7071021 -0.03170955 0.7007181 0.7070966 0.09491431 0.6725175 0.7070956 0.2184858 0.6226845 0.7071008 0.335071 0.5528515 0.7070945 0.4408773 0.4652374 0.7071036 0.5325022 0.3626609 0.7071018 0.607029 0.2484575 0.7071015 0.6620245 0.1785363 0 0.9839334 0 0 1 -0.1785363 0 0.9839334 -0.3513676 0 0.9362376 -0.5129061 0 0.8584448 -0.6579406 0 0.75307 -0.7818415 0 0.6234773 -0.8805956 0 0.4738687 -0.9510608 0 0.309004 -0.9909512 0 0.1342225 -0.9989932 0 -0.04486221 -0.9749296 0 -0.222514 -0.9195299 0 -0.3930204 -0.8345724 0 -0.5508984 -0.7227838 0 -0.6910744 -0.587767 0 -0.8090303 -0.4338826 0 -0.9009695 -0.2660317 0 -0.9639644 -0.1785363 0 -0.9839334 0 0 -1 0.08963316 0 -0.9959749 0.2660317 0 -0.9639644 0.4338826 0 -0.9009695 0.587767 0 -0.8090303 0.7227838 0 -0.6910744 0.8345724 0 -0.5508984 0.9195299 0 -0.3930204 0.9749296 0 -0.222514 0.9989932 0 -0.04486221 0.9909512 0 0.1342225 0.9510608 0 0.309004 0.8805956 0 0.4738687 0.7818415 0 0.6234773 0.6579406 0 0.75307 0.5129061 0 0.8584448 0.3513676 0 0.9362376 0 1 0 0 1 7.55496e-6 0 1 -7.67835e-6 0 1 2.354e-6 0 1 -1.19042e-6 0 1 4.17598e-6 0 1 -3.01863e-6 0 1 -1.90521e-6 0 1 0 0 1 1.9533e-6 0 1 1.93904e-7 0 1 -1.33371e-6 0 1 1.54822e-6 0 1 3.71472e-7 0 1 -1.45009e-6 0 1 1.61822e-6 0 1 -5.43785e-7 0 1 5.80581e-7 0 1 4.10373e-7 0 1 -2.75006e-7 0 1 -1.88664e-7 0 1 -1.48802e-7 0 1 -4.03166e-7 0 1 2.94251e-7 0 1 -1.4014e-6 0.07388639 -0.7071246 0.7032182 0.03701955 -0.7066374 0.7066069 -0.03702032 -0.7066221 0.7066221 -0.07388639 -0.7071246 0.7032182 -0.1470116 -0.7071027 0.6916599 -0.2184903 -0.7071102 0.6725009 -0.2876148 -0.7071039 0.6459736 -0.3535397 -0.7071098 0.6123769 -0.4156178 -0.7071118 0.572062 -0.4731442 -0.7071069 0.5254852 -0.5254851 -0.7071068 0.4731441 -0.572062 -0.7071118 0.4156178 -0.6123769 -0.7071098 0.3535397 -0.6459914 -0.70709 0.2876091 -0.6725009 -0.7071102 0.2184903 -0.6916759 -0.7070878 0.1470085 -0.7032182 -0.7071246 0.07388639 -0.7070915 -0.707122 0 -0.7032182 -0.7071246 -0.07388639 -0.6916599 -0.7071027 -0.1470116 -0.6916759 -0.7070878 -0.1470085 -0.6725009 -0.7071102 -0.2184903 -0.6459736 -0.7071039 -0.2876148 -0.6459793 -0.7071102 -0.2875868 -0.6123703 -0.7071022 -0.3535664 -0.572062 -0.7071118 -0.4156178 -0.5254851 -0.7071068 -0.4731441 -0.4731442 -0.7071069 -0.5254852 -0.4156178 -0.7071118 -0.572062 -0.3535397 -0.7071098 -0.6123769 -0.2876148 -0.7071039 -0.6459736 -0.2184903 -0.7071102 -0.6725009 -0.1470085 -0.7070878 -0.6916758 -0.07388639 -0.7071246 -0.7032182 0 -0.7071068 -0.7071068 0.07388639 -0.7071246 -0.7032182 0.1470116 -0.7071027 -0.6916599 0.2184903 -0.7071102 -0.6725009 0.2876148 -0.7071039 -0.6459736 0.3535397 -0.7071098 -0.6123769 0.4156178 -0.7071118 -0.572062 0.4731442 -0.7071069 -0.5254852 0.5254851 -0.7071068 -0.4731441 0.572062 -0.7071118 -0.4156178 0.6123769 -0.7071098 -0.3535397 0.6459914 -0.70709 -0.2876091 0.6725009 -0.7071102 -0.2184903 0.6916759 -0.7070878 -0.1470085 0.7032182 -0.7071246 -0.07388639 0.7070915 -0.707122 0 0.7032182 -0.7071246 0.07388639 0.6916599 -0.7071027 0.1470116 0.6916759 -0.7070878 0.1470085 0.6725009 -0.7071102 0.2184903 0.6459736 -0.7071039 0.2876148 0.6459793 -0.7071102 0.2875868 0.6123703 -0.7071022 0.3535664 0.572062 -0.7071118 0.4156178 0.5254851 -0.7071068 0.4731441 0.4731442 -0.7071069 0.5254852 0.4156178 -0.7071118 0.572062 0.3535397 -0.7071098 0.6123769 0.2876148 -0.7071039 0.6459736 0.2184903 -0.7071102 0.6725009 0.1470085 -0.7070878 0.6916758 -0.1045275 0 0.9945221 0.1045275 0 0.9945221 0.2078989 0 0.9781503 0.309004 0 0.9510608 0.4067245 0 0.9135509 0.4999893 0 0.8660317 0.587767 0 0.8090303 0.6691334 0 0.7431423 0.7431423 0 0.6691334 0.8090303 0 0.587767 0.8660317 0 0.4999893 0.9135509 0 0.4067245 0.9781503 0 0.2078989 0.9945221 0 0.1045275 1 0 0 0.9945221 0 -0.1045275 0.9781503 0 -0.2078989 0.9510608 0 -0.309004 0.9135509 0 -0.4067245 0.8660317 0 -0.4999893 0.8090303 0 -0.587767 0.7431423 0 -0.6691334 0.6691334 0 -0.7431423 0.4999893 0 -0.8660317 0.4067245 0 -0.9135509 0.309004 0 -0.9510608 0.2078989 0 -0.9781503 0.1045275 0 -0.9945221 0.05230891 0 -0.998631 -0.05230891 0 -0.998631 -0.1045275 0 -0.9945221 -0.2078989 0 -0.9781503 -0.309004 0 -0.9510608 -0.4067245 0 -0.9135509 -0.4999893 0 -0.8660317 -0.6691334 0 -0.7431423 -0.7431423 0 -0.6691334 -0.8090303 0 -0.587767 -0.8660317 0 -0.4999893 -0.9135509 0 -0.4067245 -0.9510608 0 -0.309004 -0.9781503 0 -0.2078989 -0.9945221 0 -0.1045275 -1 0 0 -0.9945221 0 0.1045275 -0.9781503 0 0.2078989 -0.9135509 0 0.4067245 -0.8660317 0 0.4999893 -0.8090303 0 0.587767 -0.7431423 0 0.6691334 -0.6691334 0 0.7431423 -0.587767 0 0.8090303 -0.4999893 0 0.8660317 -0.4067245 0 0.9135509 -0.309004 0 0.9510608 -0.2078989 0 0.9781503 0 -1 0 0 -1 5.33091e-7 0 -1 5.05141e-7 0 -1 -5.3242e-7 0 -1 -2.6621e-7 0 -1 5.05423e-7 0 -1 -5.32643e-7 0 -1 1.01028e-6 0 -1 -2.66546e-7 0 -1 -2.66882e-7 0 -1 1.33666e-7 0 -1 1.00635e-6 0 -1 -4.68818e-7 0 -1 1.00431e-6 0 -1 -2.35005e-7 0 -1 2.35005e-7 0 -1 -5.02155e-7 0 -1 4.68818e-7 0 -1 -5.03177e-7 0 -1 -1.33666e-7 0 -1 5.04016e-7 0 -1 2.66882e-7 0 -1 -5.04674e-7 0 -1 2.66546e-7 0 -1 -5.05141e-7 0 -1 5.32643e-7 0 -1 -2.52711e-7 0 -1 2.6621e-7 0 -1 -2.52758e-7 0 -1 5.3242e-7 0 -1 -2.52712e-7 0 -1 -2.5257e-7 0 -1 -5.33091e-7 0 -1 1.26168e-7 0 -1 1.26004e-7 0 -1 0 0 -1 0 0 -1 -5.05141e-7 0 -1 -5.05423e-7 0 -1 -1.01028e-6 0 -1 -1.00635e-6 0 -1 -1.00431e-6 0 -1 5.02155e-7 0 -1 5.03177e-7 0 -1 -5.04016e-7 0 -1 5.04674e-7 0 -1 5.05141e-7 0 -1 2.52711e-7 0 -1 2.52758e-7 0 -1 2.52712e-7 0 -1 2.5257e-7 0 -1 -1.26168e-7 0 -1 -1.26004e-7 0 -1 0 0 -1 0 0.6357159 0 -0.7719233 0.7105413 0.004058957 -0.703644 0.7117727 -0.003021359 -0.7024034 0.8057137 0.004089593 -0.5922911 0.8770253 -0.006531059 -0.4804 0.941092 0.004333734 -0.3381229 0.9871843 -0.006195425 -0.1594644 0.99843 0.003418087 -0.05591082 0.9836947 -0.004577875 0.1797885 0.9729751 0.001312315 0.2309064 0.9384461 -0.00338751 0.3454092 0.9300324 0 0.3674778 0.8675303 0 0.4973846 0.8675308 1.00281e-6 0.4973837 0.8675286 2.36702e-6 0.4973874 0.8675329 0 0.49738 0.867528 1.84971e-6 0.4973884 0.8675301 1.30173e-6 0.497385 0.8675374 -2.57393e-5 0.497372 0.8675261 1.4325e-5 0.4973918 0.8675304 0 0.4973843 0.8675097 0 0.4974203 0.4804 -0.006531059 -0.8770253 0.5922911 0.004089593 -0.8057137 0.7023881 -0.003021299 -0.7117878 0.703644 0.004058957 -0.7105413 0.7719233 0 -0.6357159 0.3381229 0.004364252 -0.9410919 0.1594644 -0.006195425 -0.9871843 0.05591082 0.003418087 -0.99843 -0.1797885 -0.004577875 -0.9836947 -0.2309064 0.001312315 -0.9729751 -0.3454092 -0.00338751 -0.9384462 -0.3674778 0 -0.9300324 0.6398062 0 -0.7685364 0.6741434 0 -0.7386004 0.7386004 0 -0.6741434 0.7685364 0 -0.6398062 -0.8666253 0 0.4989596 -0.9127602 0 0.4084959 -0.917454 0 0.3978421 -0.9783317 0 0.207044 -0.9829209 0 0.1840287 -0.9999958 0 -0.002899289 -0.9993925 0 -0.0348522 -0.9782809 0 -0.2072838 -0.96918 0 -0.2463541 -0.9156833 0 -0.4019008 -0.8964809 0 -0.4430826 -0.8149669 0 -0.5795076 -0.7840978 0 -0.6206373 -0.679882 0 -0.7333216 -0.6410546 0 -0.7674954 -0.5823405 0 -0.812945 -0.497384 0 -0.8675306 -0.4973841 1.10655e-6 -0.8675305 -0.4973874 2.36702e-6 -0.8675286 -0.4973884 2.39437e-5 -0.867528 -0.4973348 -3.56903e-5 -0.8675588 -0.4973871 1.84971e-6 -0.8675289 -0.4973842 9.76296e-7 -0.8675305 -0.4973697 -2.68582e-5 -0.8675388 -0.4973956 7.64002e-6 -0.8675239 -0.4973845 0 -0.8675302 0.812945 0 0.5823405 0.7674678 0 0.6410875 0.7333216 0 0.679882 0.6206373 0 0.7840978 0.5795076 0 0.8149669 0.4431071 0 0.8964686 0.4019008 0 0.9156833 0.2463827 0 0.9691726 0.2072838 0 0.9782809 0.03488272 0 0.9993914 0.002899289 0 0.9999958 -0.1840287 0 0.9829209 -0.207044 0 0.9783317 -0.3978421 0 0.917454 -0.4084959 0 0.9127602 -0.4989596 0 0.8666253 -0.7756462 0 0.6311681 -0.7423465 0 0.6700162 -0.6700162 0 0.7423465 -0.6311681 0 0.7756462 0.1381583 0.9903334 -0.01232957 0.1459132 0.9891335 -0.01800644 0.3018651 0.9516792 -0.05642992 0.1357192 0.9899842 -0.03888154 0.2909377 0.9505145 -0.1089833 0.1238787 0.9905112 -0.05951303 0.2704924 0.9495159 -0.1589139 0.07199543 0.9957286 -0.05780386 0.1092891 0.9908962 -0.07861733 0.23414 0.9521859 -0.1962662 0.1007131 0.9900412 -0.09836322 0.09836351 0.9900443 -0.100683 0.1962369 0.9521917 -0.2341415 0.07861733 0.9908962 -0.1092891 0.1589125 0.9495081 -0.2705207 0.05777305 0.9957237 -0.07208663 0.05951279 0.9905074 -0.1239088 0.1089833 0.9505145 -0.2909377 0.03888136 0.9899801 -0.1357491 0.05643045 0.9516879 -0.3018373 0.01797592 0.9891341 -0.1459133 0.01284861 0.9901683 -0.13929 0.01184123 0.9907312 -0.1353203 0.03436499 0.9189742 -0.3928171 0.05084556 0.8120949 -0.581306 -0.05084431 0.8121053 -0.5812916 -0.01455777 0.9633791 -0.2677477 -0.101049 0.8131531 -0.5732113 -0.1399295 0.5919462 -0.7937377 -0.2756509 0.5919538 -0.7573688 -0.3175819 0.3943985 -0.8623175 -0.4643499 0.392874 -0.7937439 -0.4251568 -0.02078324 -0.9048811 -0.5768989 -0.01617497 -0.8166555 -0.5970405 0.390733 -0.7006215 -0.7109367 -0.01001018 -0.7031849 -0.7116093 0.3879563 -0.5857493 -0.8231108 -0.002319455 -0.5678763 -0.8045539 0.3845757 -0.4525425 -0.9098658 0.006866753 -0.4148461 -0.8730121 0.3805484 -0.3050125 -0.9683973 0.01760941 -0.2487906 -0.9148485 0.375846 -0.1476221 -0.9967581 0.02978676 -0.0747416 -0.9287 0.3705339 0.01486283 -0.9938492 0.04342842 0.1018722 -0.9141047 0.3645493 0.1775289 -0.9595069 0.05841457 0.2755618 -0.8714429 0.3578976 0.3354051 -0.8944604 0.07458919 0.4408822 -0.8019874 0.3506673 0.483579 -0.8003296 0.09177052 0.5924954 -0.7079054 0.3429198 0.6174755 -0.6794483 0.1095333 0.7255017 -0.5922285 0.3347976 0.7329229 -0.5348156 0.1270202 0.8353671 -0.4588249 0.3266465 0.8263061 -0.3699529 0.1427685 0.9180154 -0.3122722 0.3192 0.8947612 -0.1892192 0.1540305 0.9697788 -0.1575683 0.3137329 0.9363461 0 0.1579667 0.9874445 0 0.3116003 0.9502133 0.1575683 0.3137329 0.9363461 0 0.591947 0.805977 0.1399295 0.5919462 0.7937377 0 0.8131475 0.5820578 0.101049 0.8131531 0.5732113 0 0.9521641 0.3055874 -0.05643045 0.9516879 0.3018373 -0.01071226 0.9902281 0.1390457 -0.01284861 0.9901683 0.13929 -0.01797592 0.9891341 0.1459133 -0.03888136 0.9899801 0.1357491 -0.1089833 0.9505145 0.2909377 -0.05951279 0.9905074 0.1239088 -0.1589125 0.9495081 0.2705207 -0.05777293 0.9957216 0.07211703 -0.07861733 0.9908962 0.1092891 -0.1962369 0.9521917 0.2341415 -0.09836351 0.9900443 0.100683 -0.23414 0.9521859 0.1962662 -0.1007128 0.9900383 0.09839344 -0.1092891 0.9908962 0.07861733 -0.2704924 0.9495159 0.1589139 -0.07199543 0.9957286 0.05780386 -0.1238787 0.9905112 0.05951303 -0.2909377 0.9505145 0.1089833 -0.1357192 0.9899842 0.03888154 -0.3018651 0.9516792 0.05642992 -0.1459132 0.9891335 0.01800644 -0.1381583 0.9903334 0.01232957 -0.3055596 0.9521729 0 -0.1376731 0.9904162 0.01104801 -0.1390457 0.9902281 -0.01071226 -0.3018373 0.9516879 -0.05643045 -0.13929 0.9901683 -0.01284861 -0.1459132 0.9891335 -0.01800644 -0.1357192 0.9899842 -0.03888154 -0.2909377 0.9505145 -0.1089833 -0.1239088 0.9905074 -0.05951279 -0.2704924 0.9495159 -0.1589139 -0.07199543 0.9957286 -0.05780386 -0.1092891 0.9908962 -0.07861733 -0.23414 0.9521859 -0.1962662 -0.1007131 0.9900412 -0.09836322 -0.1962369 0.9521917 -0.2341415 -0.09836322 0.9900412 -0.1007131 -0.07861733 0.9908962 -0.1092891 -0.1589139 0.9495159 -0.2704924 -0.05777293 0.9957216 -0.07211703 -0.05951279 0.9905074 -0.1239088 -0.1089833 0.9505145 -0.2909377 -0.03888136 0.9899801 -0.1357491 -0.05643045 0.9516879 -0.3018373 -0.01797598 0.9891385 -0.1458834 -0.01229906 0.9903338 -0.1381584 -0.01104801 0.9904162 -0.1376731 0 0.9847365 -0.1740517 0.01104795 0.9904121 0.137703 0.01229906 0.9903338 0.1381584 0.05642992 0.9516792 0.3018651 0.01797592 0.9891341 0.1459133 0.03888136 0.9899801 0.1357491 0.1089833 0.9505145 0.2909377 0.05951279 0.9905074 0.1239088 0.1589139 0.9495159 0.2704924 0.05777305 0.9957237 0.07208663 0.07861733 0.9908962 0.1092891 0.1962369 0.9521917 0.2341415 0.09836322 0.9900412 0.1007131 0.1007131 0.9900412 0.09836322 0.23414 0.9521859 0.1962662 0.1092891 0.9908962 0.07861733 0.2704924 0.9495159 0.1589139 0.07199543 0.9957286 0.05780386 0.1238787 0.9905112 0.05951303 0.2909377 0.9505145 0.1089833 0.1357192 0.9899842 0.03888154 0.3018373 0.9516879 0.05643045 0.1459132 0.9891335 0.01800644 0.13929 0.9901683 0.01284861 0.1390457 0.9902281 0.01071226 0.3055596 0.9521729 0 0.5820578 0.8131475 0 0.5732113 0.8131531 -0.101049 0.7937377 0.5919462 -0.1399295 0.805977 0.591947 0 0.9148378 0.3758721 -0.1476204 0.8730121 0.3805484 -0.3050125 0.9683973 0.01760941 -0.2487906 0.9098658 0.006866753 -0.4148461 0.8045539 0.3845757 -0.4525425 0.8231108 -0.002319455 -0.5678763 0.7116093 0.3879563 -0.5857493 0.7109367 -0.01001018 -0.7031849 0.5970208 0.39074 -0.7006343 0.5768989 -0.01617497 -0.8166555 0.4643499 0.392874 -0.7937439 0.4251568 -0.02078324 -0.9048811 0.3175819 0.3943985 -0.8623175 0.260392 -0.02386617 -0.9652081 0.161233 0.3953153 -0.9042841 0.0876801 -0.02542203 -0.9958243 0.03103798 0.3910427 -0.919849 0 0.3812778 -0.9244606 -0.09274727 -0.05124139 -0.9943703 -0.07965403 0.4055643 -0.9105893 -0.161233 0.3953153 -0.9042841 -0.260392 -0.02386617 -0.9652081 0.1376731 0.9904162 -0.01104801 0.9967581 0.02978676 -0.0747416 0.9287 0.3705339 0.01486283 0.7937377 0.5919462 0.1399295 0.5732113 0.8131531 0.101049 0.9938492 0.04342842 0.1018722 0.9141047 0.3645493 0.1775289 0.7573688 0.5919538 0.2756509 0.546938 0.8131586 0.199078 0.9595069 0.05841457 0.2755618 0.8714429 0.3578976 0.3354051 0.6980029 0.5919489 0.4029745 0.5040622 0.8131651 0.2910047 0.8944604 0.07458919 0.4408822 0.8019874 0.3506673 0.483579 0.617409 0.5919558 0.5180681 0.445859 0.8131607 0.3741382 0.8003296 0.09177052 0.5924954 0.7079054 0.3429198 0.6174755 0.5180681 0.5919558 0.617409 0.3741331 0.8131497 0.4458834 0.6794483 0.1095333 0.7255017 0.5922285 0.3347976 0.7329229 0.4029745 0.5919489 0.6980029 0.2910327 0.8131579 0.5040578 0.5348156 0.1270202 0.8353671 0.4588249 0.3266465 0.8263061 0.2756509 0.5919538 0.7573688 0.199078 0.8131586 0.546938 0.3699529 0.1427685 0.9180154 0.3122722 0.3192 0.8947612 0.1892192 0.1540305 0.9697788 0.07031518 0.5904767 -0.8039859 0.101049 0.8131531 -0.5732113 0.1399295 0.5919462 -0.7937377 0.199078 0.8131586 -0.546938 0.2756509 0.5919538 -0.7573688 0.4029745 0.5919489 -0.6980029 0.2910327 0.8131579 -0.5040578 0.5180681 0.5919558 -0.617409 0.3741331 0.8131497 -0.4458834 0.617409 0.5919558 -0.5180681 0.4458834 0.8131497 -0.3741331 0.6980029 0.5919489 -0.4029745 0.5040578 0.8131579 -0.2910327 0.7573688 0.5919538 -0.2756509 0.546938 0.8131586 -0.199078 -0.07031691 0.5904911 -0.803975 -0.199078 0.8131586 -0.546938 -0.2910003 0.8131526 -0.504085 -0.4029745 0.5919489 -0.6980029 -0.3741382 0.8131607 -0.445859 -0.5180681 0.5919558 -0.617409 -0.4458834 0.8131497 -0.3741331 -0.617409 0.5919558 -0.5180681 -0.5040622 0.8131651 -0.2910047 -0.6980029 0.5919489 -0.4029745 -0.546938 0.8131586 -0.199078 -0.7573688 0.5919538 -0.2756509 -0.5732113 0.8131531 -0.101049 -0.7937377 0.5919462 -0.1399295 -0.5820578 0.8131475 0 -0.805977 0.591947 0 -0.5732113 0.8131531 0.101049 -0.7937377 0.5919462 0.1399295 -0.546938 0.8131586 0.199078 -0.7573688 0.5919538 0.2756509 -0.5040578 0.8131579 0.2910327 -0.6980029 0.5919489 0.4029745 -0.4458834 0.8131497 0.3741331 -0.617409 0.5919558 0.5180681 -0.3741331 0.8131497 0.4458834 -0.5180681 0.5919558 0.617409 -0.2910327 0.8131579 0.5040578 -0.4029745 0.5919489 0.6980029 -0.199078 0.8131586 0.546938 -0.2756509 0.5919538 0.7573688 -0.1010507 0.8131673 0.5731908 -0.1399295 0.5919462 0.7937377 0 1 -5.17585e-7 0 1 5.11559e-7 0 1 5.17585e-7 0 1 -2.67476e-6 0 1 8.27741e-6 0 1 -6.27186e-6 0 1 6.63123e-6 0 1 -6.27191e-6 0 1 3.31557e-6 0.03170973 0.9976204 -0.06122201 0.0630517 0.9901198 -0.1252489 0.04132306 0.9948061 -0.0930227 0.08047801 0.9776389 -0.1942825 0.03656202 0.994805 -0.09500634 0.04397749 0.9901193 -0.1331532 0.02084475 0.9976192 -0.06573885 0.1242138 0.9618487 -0.2437583 0.1255562 0.9556492 -0.2664025 0.09958386 0.955645 -0.2771746 0.1555582 0.9410707 -0.3003125 0.1023324 0.9410736 -0.3223486 0.08450871 0.9618551 -0.2601794 0.04229879 -0.9192214 -0.3914626 0.02261459 -0.9081564 -0.4180199 0 -0.919503 -0.393083 -0.02261459 -0.9081564 -0.4180199 -0.04236024 -0.9192301 -0.3914357 -0.06888079 -0.9054301 -0.4188697 -0.07312279 -0.9058867 -0.4171601 0.06680631 -0.9070585 -0.4156703 0.09430557 -0.9128417 -0.3972738 0.07348918 -0.9068652 -0.4149637 0.07974749 -0.9137243 -0.3984325 0.08661198 -0.91556 -0.3927447 0.09460872 -0.9154465 -0.3911614 0.1107525 -0.9135173 -0.3914333 0.1344072 -0.9148789 -0.3806985 0.1139606 -0.9139131 -0.3895843 0.1167067 -0.9149145 -0.3864078 0.1188095 -0.9154708 -0.3844447 0.1211615 -0.915761 -0.3830167 0.1384358 -0.9155806 -0.3775549 0.174141 -0.9148659 -0.3642739 0.1690775 -0.9155821 -0.3648595 0.1851591 -0.9157549 -0.3565236 0.1878134 -0.9154761 -0.3558506 0.1907155 -0.9149095 -0.3557642 0.1948052 -0.9139642 -0.3559781 0.214306 -0.9128301 -0.3475835 0.2000227 -0.9139274 -0.353168 0.2096956 -0.9154464 -0.3434907 0.2164447 -0.9155566 -0.3389809 0.2253242 -0.9137182 -0.3381541 0.2432379 -0.9059013 -0.3466675 0.2468077 -0.9192345 -0.3067472 0.2474479 -0.9054374 -0.3448951 0.2795838 -0.9081516 -0.3115982 0.2779379 -0.9195114 -0.2779379 0.3115983 -0.9081518 -0.2795839 0.306715 -0.9192294 -0.2468674 0.3411474 -0.9070711 -0.2466589 0.3476172 -0.9128383 -0.2142164 0.3453839 -0.9068731 -0.241436 0.3381541 -0.9137182 -0.2253242 0.3389713 -0.9155614 -0.2164387 0.3434907 -0.9154464 -0.2096956 0.3551166 -0.9135189 -0.1984331 0.3642475 -0.9148761 -0.1741429 0.3560737 -0.9139135 -0.1948685 0.3557642 -0.9149095 -0.1907155 0.3558506 -0.9154761 -0.1878134 0.3565236 -0.9157549 -0.1851591 0.3648595 -0.9155821 -0.1690775 0.3807231 -0.9148645 -0.1344357 0.3775549 -0.9155806 -0.1384358 0.3830167 -0.915761 -0.1211615 0.384446 -0.9154741 -0.1187794 0.3864078 -0.9149145 -0.1167067 0.3894603 -0.9139698 -0.1139296 0.3973276 -0.9128248 -0.09424281 0.3911635 -0.9139254 -0.1083123 0.3911625 -0.915449 -0.09457844 0.3927556 -0.915555 -0.08661437 0.3984325 -0.9137243 -0.07974749 0.417135 -0.9058982 -0.07312375 0.3914357 -0.9192301 -0.04236024 0.4188446 -0.9054417 -0.06888169 0.4180199 -0.9081564 -0.02261459 0.393083 -0.919503 0 0.4180199 -0.9081564 0.02261459 0.3914368 -0.9192324 0.04229933 0.4156451 -0.90707 0.06680715 0.3972738 -0.9128417 0.09430557 0.4149385 -0.9068768 0.07349008 0.3984325 -0.9137243 0.07974749 0.3927556 -0.915555 0.08661437 0.3911625 -0.915449 0.09457844 0.3914333 -0.9135173 0.1107525 0.3806985 -0.9148789 0.1344072 0.3896102 -0.9139023 0.1139593 0.3864078 -0.9149145 0.1167067 0.384446 -0.9154741 0.1187794 0.3830167 -0.915761 0.1211615 0.3775549 -0.9155806 0.1384358 0.3642739 -0.9148659 0.174141 0.3648595 -0.9155821 0.1690775 0.3565236 -0.9157549 0.1851591 0.3558506 -0.9154761 0.1878134 0.3557642 -0.9149095 0.1907155 0.3559781 -0.9139642 0.1948052 0.3475835 -0.9128301 0.214306 0.353168 -0.9139274 0.2000227 0.3434907 -0.9154464 0.2096956 0.3389713 -0.9155614 0.2164387 0.3381541 -0.9137182 0.2253242 0.3466675 -0.9059013 0.2432379 0.3067472 -0.9192345 0.2468077 0.3448925 -0.9054306 0.2474766 0.3115983 -0.9081518 0.2795839 0.2779379 -0.9195114 0.2779379 0.2795838 -0.9081516 0.3115982 0.2468674 -0.9192294 0.306715 0.2466589 -0.9070711 0.3411474 0.2142164 -0.9128383 0.3476172 0.241436 -0.9068731 0.3453839 0.2253242 -0.9137182 0.3381541 0.2164447 -0.9155566 0.3389809 0.2096956 -0.9154464 0.3434907 0.1984331 -0.9135187 0.3551166 0.1741429 -0.9148761 0.3642475 0.1948685 -0.9139135 0.3560737 0.1907155 -0.9149095 0.3557642 0.1878134 -0.9154761 0.3558506 0.1851591 -0.9157549 0.3565236 0.1690775 -0.9155821 0.3648595 0.1344357 -0.9148645 0.3807231 0.1384358 -0.9155806 0.3775549 0.1211615 -0.915761 0.3830167 0.1187794 -0.9154741 0.384446 0.1167067 -0.9149145 0.3864078 0.1139296 -0.9139698 0.3894603 0.09424281 -0.9128248 0.3973276 0.1083123 -0.9139254 0.3911635 0.09457844 -0.915449 0.3911625 0.08661198 -0.91556 0.3927447 0.07974749 -0.9137243 0.3984325 0.07312279 -0.9058867 0.4171601 0.04236024 -0.9192301 0.3914357 0.06888079 -0.9054301 0.4188697 0.02261459 -0.9081564 0.4180199 0.003357052 -0.921709 0.3878679 0 -0.9245858 0.3809739 -0.0260331 -0.9055131 0.4235189 -0.02414089 -0.9025839 0.4298367 -0.04229879 -0.9192214 0.3914626 -0.06680631 -0.9070585 0.4156703 -0.09430557 -0.9128417 0.3972738 -0.07348918 -0.9068652 0.4149637 -0.07974749 -0.9137243 0.3984325 -0.08661198 -0.91556 0.3927447 -0.09460872 -0.9154465 0.3911614 -0.1107525 -0.9135173 0.3914333 -0.1344072 -0.9148789 0.3806985 -0.1139606 -0.9139131 0.3895843 -0.1167067 -0.9149145 0.3864078 -0.1188095 -0.9154708 0.3844447 -0.1211615 -0.915761 0.3830167 -0.1384358 -0.9155806 0.3775549 -0.174141 -0.9148659 0.3642739 -0.1690775 -0.9155821 0.3648595 -0.1851591 -0.9157549 0.3565236 -0.1878134 -0.9154761 0.3558506 -0.1907155 -0.9149095 0.3557642 -0.1948052 -0.9139642 0.3559781 -0.214306 -0.9128301 0.3475835 -0.2000227 -0.9139274 0.353168 -0.2096956 -0.9154464 0.3434907 -0.2164447 -0.9155566 0.3389809 -0.2253242 -0.9137182 0.3381541 -0.2432379 -0.9059013 0.3466675 -0.2468077 -0.9192345 0.3067472 -0.2474479 -0.9054374 0.3448951 -0.2795838 -0.9081516 0.3115982 -0.2779379 -0.9195114 0.2779379 -0.3115983 -0.9081518 0.2795839 -0.306715 -0.9192294 0.2468674 -0.3411474 -0.9070711 0.2466589 -0.3476172 -0.9128383 0.2142164 -0.3453839 -0.9068731 0.241436 -0.3381541 -0.9137182 0.2253242 -0.3389713 -0.9155614 0.2164387 -0.3434907 -0.9154464 0.2096956 -0.3551166 -0.9135189 0.1984331 -0.3642475 -0.9148761 0.1741429 -0.3560737 -0.9139135 0.1948685 -0.3557642 -0.9149095 0.1907155 -0.3558506 -0.9154761 0.1878134 -0.3565236 -0.9157549 0.1851591 -0.3648595 -0.9155821 0.1690775 -0.3807231 -0.9148645 0.1344357 -0.3775549 -0.9155806 0.1384358 -0.3830167 -0.915761 0.1211615 -0.384446 -0.9154741 0.1187794 -0.3864078 -0.9149145 0.1167067 -0.3894603 -0.9139698 0.1139296 -0.3973276 -0.9128248 0.09424281 -0.3911635 -0.9139254 0.1083123 -0.3911625 -0.915449 0.09457844 -0.3927556 -0.915555 0.08661437 -0.3984325 -0.9137243 0.07974749 -0.417135 -0.9058982 0.07312375 -0.3914357 -0.9192301 0.04236024 -0.4188446 -0.9054417 0.06888169 -0.4180199 -0.9081564 0.02261459 -0.393083 -0.919503 0 -0.4180199 -0.9081564 -0.02261459 -0.3914368 -0.9192324 -0.04229933 -0.4156451 -0.90707 -0.06680715 -0.3972738 -0.9128417 -0.09430557 -0.4149385 -0.9068768 -0.07349008 -0.3984325 -0.9137243 -0.07974749 -0.3927556 -0.915555 -0.08661437 -0.3911625 -0.915449 -0.09457844 -0.3914333 -0.9135173 -0.1107525 -0.3806985 -0.9148789 -0.1344072 -0.3896102 -0.9139023 -0.1139593 -0.3864078 -0.9149145 -0.1167067 -0.384446 -0.9154741 -0.1187794 -0.3830167 -0.915761 -0.1211615 -0.3775549 -0.9155806 -0.1384358 -0.3642739 -0.9148659 -0.174141 -0.3648595 -0.9155821 -0.1690775 -0.3565236 -0.9157549 -0.1851591 -0.3558506 -0.9154761 -0.1878134 -0.3557642 -0.9149095 -0.1907155 -0.3559781 -0.9139642 -0.1948052 -0.3475835 -0.9128301 -0.214306 -0.353168 -0.9139274 -0.2000227 -0.3434907 -0.9154464 -0.2096956 -0.3389713 -0.9155614 -0.2164387 -0.3381541 -0.9137182 -0.2253242 -0.3466675 -0.9059013 -0.2432379 -0.3067472 -0.9192345 -0.2468077 -0.3448925 -0.9054306 -0.2474766 -0.3115983 -0.9081518 -0.2795839 -0.2779379 -0.9195114 -0.2779379 -0.2795838 -0.9081516 -0.3115982 -0.2468674 -0.9192294 -0.306715 -0.2466589 -0.9070711 -0.3411474 -0.2142164 -0.9128383 -0.3476172 -0.241436 -0.9068731 -0.3453839 -0.2253242 -0.9137182 -0.3381541 -0.2164447 -0.9155566 -0.3389809 -0.2096956 -0.9154464 -0.3434907 -0.1984331 -0.9135187 -0.3551166 -0.1741429 -0.9148761 -0.3642475 -0.1948685 -0.9139135 -0.3560737 -0.1907155 -0.9149095 -0.3557642 -0.1878134 -0.9154761 -0.3558506 -0.1851591 -0.9157549 -0.3565236 -0.1690775 -0.9155821 -0.3648595 -0.1344357 -0.9148645 -0.3807231 -0.1384358 -0.9155806 -0.3775549 -0.1211615 -0.915761 -0.3830167 -0.1187794 -0.9154741 -0.384446 -0.1167067 -0.9149145 -0.3864078 -0.1139296 -0.9139698 -0.3894603 -0.09424281 -0.9128248 -0.3973276 -0.1083123 -0.9139254 -0.3911635 -0.09457844 -0.915449 -0.3911625 -0.08661198 -0.91556 -0.3927447 -0.07974749 -0.9137243 -0.3984325 -0.1555582 -0.9410707 0.3003125 -0.1242138 -0.9618487 0.2437583 -0.1257391 -0.9554037 0.2671957 -0.08041685 -0.9776682 0.1941603 -0.09998136 -0.9554079 0.277848 -0.084508 -0.9618474 0.2602078 -0.1023324 -0.9410736 0.3223486 -0.06302154 -0.9901255 0.1252191 -0.04104852 -0.9948403 0.09277892 -0.0365622 -0.99484 0.09464055 -0.03170973 -0.9976204 0.06122201 -0.02084475 -0.9976192 0.06573885 -0.04394716 -0.9901247 0.1331234 -0.06122201 -0.9976204 0.03170973 -0.1252191 -0.9901255 0.06302154 -0.09277892 -0.9948403 0.04104852 -0.1941603 -0.9776682 0.08041685 -0.09464055 -0.99484 0.0365622 -0.1331234 -0.9901247 0.04394716 -0.06573885 -0.9976192 0.02084475 -0.2437583 -0.9618487 0.1242138 -0.2671946 -0.9554001 0.1257691 -0.277848 -0.9554079 0.09998136 -0.3003125 -0.9410708 0.1555582 -0.3223486 -0.9410736 0.1023324 -0.2602078 -0.9618474 0.084508 0.9953506 0 -0.0963183 0.9999802 0.004058957 0.004821956 0.9999735 -0.003021299 0.006622493 0.9885427 0.004089534 0.1508862 0.9598498 -0.006531 0.2804381 0.9045487 0.004333674 0.4263486 0.8108125 -0.006195425 0.5852732 0.7455347 0.003418147 0.6664582 0.5684294 -0.004577934 0.8227194 0.5247184 0.001312315 0.8512749 0.4193344 -0.003387629 0.9078256 0.3977796 0 0.917481 0.2617326 0 0.9651405 0.2617328 2.24767e-7 0.9651404 0.2617322 0 0.9651405 0.2617501 2.993e-5 0.9651357 0.2617373 -9.24867e-7 0.9651392 0.2617326 -3.25432e-7 0.9651405 0.2617338 0 0.9651401 0.2617346 3.10374e-6 0.96514 0.2617328 0 0.9651404 0.2617192 -1.0708e-4 0.965144 0.9598498 -0.006531 -0.2804381 0.9885427 0.004089534 -0.1508862 0.9999735 -0.003021299 -0.006622493 0.9999802 0.004058957 -0.004821956 0.9953506 0 0.0963183 0.9045487 0.004333674 -0.4263486 0.8108125 -0.006195425 -0.5852732 0.7455347 0.003418147 -0.6664582 0.5684294 -0.004577934 -0.8227194 0.5247184 0.001312315 -0.8512749 0.4193344 -0.003387629 -0.9078256 0.3977796 0 -0.917481 0.9958501 0 -0.09100902 0.9989613 0 -0.04556548 0.9989613 0 0.04556548 0.9958501 0 0.09100902 -0.9656193 0 -0.2599604 -0.9342754 0 -0.3565524 -0.9300678 0 -0.3673882 -0.8381869 0 -0.545383 -0.8251507 0 -0.5649126 -0.7050438 0 -0.7091639 -0.682017 0 -0.7313364 -0.5451632 0 -0.83833 -0.5111078 0 -0.8595167 -0.3632679 0 -0.9316847 -0.3205735 0 -0.9472238 -0.1664822 0 -0.9860445 -0.1155751 0 -0.9932988 0.0377826 0 -0.9992861 0.08936065 0 -0.9959993 0.1630329 0 -0.9866207 0.2617326 0 -0.9651405 0.2617328 2.76636e-7 -0.9651405 0.2617331 0 -0.9651404 0.2617501 3.5916e-5 -0.9651357 0.2617192 -1.0708e-4 -0.965144 0.2617373 -9.24867e-7 -0.9651392 0.2617328 -3.25432e-7 -0.9651404 0.2617356 0 -0.9651397 0.2617334 3.81998e-6 -0.9651402 0.2617328 0 -0.9651404 0.1630329 0 0.9866207 0.08936065 0 0.9959993 0.0377826 0 0.9992861 -0.1155751 0 0.9932988 -0.1664822 0 0.9860445 -0.3205735 0 0.9472238 -0.3632679 0 0.9316847 -0.5111078 0 0.8595167 -0.5451632 0 0.83833 -0.682017 0 0.7313364 -0.7050438 0 0.7091639 -0.8251507 0 0.5649126 -0.8381869 0 0.545383 -0.9300678 0 0.3673882 -0.9342754 0 0.3565524 -0.9656193 0 0.2599604 -0.9947724 0 -0.1021171 -0.9986926 0 -0.05111873 -0.9986926 0 0.05111873 -0.9947724 0 0.1021171 0.3571974 0.9155167 -0.1850382 0.3642781 0.9157006 -0.1696872 0.3581121 0.9152703 -0.1844884 0.3676034 0.9154226 -0.1639184 0.3495933 0.9151075 -0.2009055 0.3773686 0.9157864 -0.13758 0.3833186 0.9151428 -0.1248227 0.3834117 0.9158482 -0.1192381 0.3872607 0.9152159 -0.1113958 0.3834139 0.9155178 -0.1217414 0.3951646 0.9147261 -0.08438599 0.3879314 0.910026 -0.1461572 0.390619 0.9145776 -0.1047124 0.3914133 0.9152815 -0.09515994 0.3925095 0.9156113 -0.08713275 0.3943088 0.9155776 -0.07898378 0.3972339 0.9150174 -0.07034599 0.3984863 0.9154779 -0.05575817 0.4016637 0.9148141 -0.04220807 0.3996413 0.9164436 -0.02044743 0.4038634 0.9148194 0 0.3996413 0.9164436 0.02044743 0.4016637 0.9148141 0.04220807 0.3984863 0.9154779 0.05575817 0.395255 0.9146928 0.08432471 0.3972339 0.9150174 0.07034599 0.3943088 0.9155776 0.07898378 0.3925095 0.9156113 0.08713275 0.3914133 0.9152815 0.09515994 0.3905217 0.9147168 0.1038563 0.3833878 0.9151009 0.1249169 0.3889315 0.9149533 0.1076703 0.3870112 0.9153254 0.1113637 0.3854895 0.9155794 0.1145085 0.3827691 0.9159051 0.1208551 0.3770028 0.9159095 0.1377633 0.3676034 0.9154226 0.1639184 0.3642781 0.9157006 0.1696872 0.3581121 0.9152703 0.1844884 0.3571974 0.9155167 0.1850382 0.3495665 0.9151172 0.2009076 0.3486254 0.9156492 0.200117 0.347579 0.9156435 0.2019555 0.3460472 0.9156072 0.2047315 0.3456028 0.915585 0.2055793 0.3434305 0.9153568 0.2101844 0.341139 0.9147703 0.2163782 0.3258576 0.9150689 0.2376255 0.3379119 0.9145472 0.222304 0.3303433 0.9154331 0.2299035 0.3197234 0.9156189 0.2437601 0.298812 0.9155715 0.2691475 0.2983285 0.9156471 0.2694265 0.2694265 0.9156471 0.2983285 0.2691475 0.9155715 0.298812 0.2437601 0.9156189 0.3197234 0.2376255 0.9150689 0.3258576 0.2299035 0.9154331 0.3303433 0.222304 0.9145472 0.3379119 0.2163782 0.9147703 0.341139 0.2009076 0.9151172 0.3495665 0.2101844 0.9153568 0.3434305 0.2055793 0.915585 0.3456028 0.2023445 0.9156471 0.3473429 0.2019526 0.9156464 0.3475726 0.2001463 0.9156436 0.3486233 0.1844884 0.9152703 0.3581121 0.1850382 0.9155167 0.3571974 0.1696872 0.9157006 0.3642781 0.1639184 0.9154226 0.3676034 0.1377633 0.9159095 0.3770028 0.1248527 0.9151393 0.3833172 0.1208551 0.9159051 0.3827691 0.1145085 0.9155794 0.3854895 0.1113958 0.9152159 0.3872607 0.08438599 0.9147261 0.3951646 0.146187 0.910022 0.3879297 0.1047124 0.9145776 0.390619 0.09515994 0.9152815 0.3914133 0.08713275 0.9156113 0.3925095 0.07898378 0.9155776 0.3943088 0.07034599 0.9150174 0.3972339 0.05575817 0.9154779 0.3984863 0.04220807 0.9148141 0.4016637 0.02044743 0.9164436 0.3996413 0 0.9148194 0.4038634 -0.02044743 0.9164436 0.3996413 -0.04220807 0.9148141 0.4016637 -0.05575817 0.9154779 0.3984863 -0.08438599 0.9147261 0.3951646 -0.07034599 0.9150174 0.3972339 -0.07898378 0.9155776 0.3943088 -0.08710247 0.9156139 0.3925105 -0.09515994 0.9152815 0.3914133 -0.1047124 0.9145776 0.390619 -0.146187 0.910022 0.3879297 -0.1113958 0.9152159 0.3872607 -0.1248227 0.9151428 0.3833186 -0.1192381 0.9158482 0.3834117 -0.13758 0.9157864 0.3773686 -0.1217414 0.9155178 0.3834139 -0.1639184 0.9154226 0.3676034 -0.1696872 0.9157006 0.3642781 -0.1844884 0.9152703 0.3581121 -0.1850382 0.9155167 0.3571974 -0.2009055 0.9151075 0.3495933 -0.2001463 0.9156436 0.3486233 -0.2019526 0.9156464 0.3475726 -0.2047255 0.9156061 0.3460534 -0.2055793 0.915585 0.3456028 -0.2101844 0.9153568 0.3434305 -0.2162894 0.9148125 0.3410823 -0.222393 0.9146284 0.3376334 -0.237652 0.9150531 0.3258826 -0.2299035 0.9154331 0.3303433 -0.2437601 0.9156189 0.3197234 -0.2691475 0.9155715 0.298812 -0.2694265 0.9156471 0.2983285 -0.2983285 0.9156471 0.2694265 -0.298812 0.9155715 0.2691475 -0.3197234 0.9156189 0.2437601 -0.3258576 0.9150689 0.2376255 -0.3303433 0.9154331 0.2299035 -0.3379119 0.9145472 0.222304 -0.341139 0.9147703 0.2163782 -0.3495665 0.9151172 0.2009076 -0.3434305 0.9153568 0.2101844 -0.3456028 0.915585 0.2055793 -0.3473429 0.9156471 0.2023445 -0.347579 0.9156435 0.2019555 -0.3486254 0.9156492 0.200117 -0.3581121 0.9152703 0.1844884 -0.3571974 0.9155167 0.1850382 -0.3642781 0.9157006 0.1696872 -0.3676034 0.9154226 0.1639184 -0.3770028 0.9159095 0.1377633 -0.3833878 0.9151009 0.1249169 -0.3827691 0.9159051 0.1208551 -0.3854895 0.9155794 0.1145085 -0.3870112 0.9153254 0.1113637 -0.3889315 0.9149533 0.1076703 -0.3905217 0.9147168 0.1038563 -0.395255 0.9146928 0.08432471 -0.3914133 0.9152815 0.09515994 -0.3925095 0.9156113 0.08713275 -0.3943088 0.9155776 0.07898378 -0.3972339 0.9150174 0.07034599 -0.3984863 0.9154779 0.05575817 -0.4016637 0.9148141 0.04220807 -0.3996413 0.9164436 0.02044743 -0.4038634 0.9148194 0 -0.3996413 0.9164436 -0.02044743 -0.4016637 0.9148141 -0.04220807 -0.3984863 0.9154779 -0.05575817 -0.3951646 0.9147261 -0.08438599 -0.3972339 0.9150174 -0.07034599 -0.3943088 0.9155776 -0.07898378 -0.3925095 0.9156113 -0.08713275 -0.3914133 0.9152815 -0.09515994 -0.390619 0.9145776 -0.1047124 -0.3879314 0.910026 -0.1461572 -0.3872607 0.9152159 -0.1113958 -0.3833186 0.9151428 -0.1248227 -0.3834117 0.9158482 -0.1192381 -0.3773686 0.9157864 -0.13758 -0.3834139 0.9155178 -0.1217414 -0.3676034 0.9154226 -0.1639184 -0.3642781 0.9157006 -0.1696872 -0.3581121 0.9152703 -0.1844884 -0.3571974 0.9155167 -0.1850382 -0.3495933 0.9151075 -0.2009055 -0.3486254 0.9156492 -0.200117 -0.347579 0.9156435 -0.2019555 -0.3460472 0.9156072 -0.2047315 -0.3456028 0.915585 -0.2055793 -0.3434305 0.9153568 -0.2101844 -0.3410823 0.9148125 -0.2162894 -0.3376334 0.9146284 -0.222393 -0.3258826 0.9150531 -0.237652 -0.3303433 0.9154331 -0.2299035 -0.3197234 0.9156189 -0.2437601 -0.298812 0.9155715 -0.2691475 -0.2983285 0.9156471 -0.2694265 -0.2694265 0.9156471 -0.2983285 -0.2691475 0.9155715 -0.298812 -0.2437601 0.9156189 -0.3197234 -0.2376255 0.9150689 -0.3258576 -0.2299035 0.9154331 -0.3303433 -0.222304 0.9145472 -0.3379119 -0.2163782 0.9147703 -0.341139 -0.2009076 0.9151172 -0.3495665 -0.2101844 0.9153568 -0.3434305 -0.2055793 0.915585 -0.3456028 -0.2023445 0.9156471 -0.3473429 -0.2019526 0.9156464 -0.3475726 -0.2001463 0.9156436 -0.3486233 -0.1844884 0.9152703 -0.3581121 -0.1850382 0.9155167 -0.3571974 -0.1696872 0.9157006 -0.3642781 -0.1639184 0.9154226 -0.3676034 -0.1377633 0.9159095 -0.3770028 -0.1249169 0.9151009 -0.3833878 -0.1208551 0.9159051 -0.3827691 -0.1145085 0.9155794 -0.3854895 -0.1113637 0.9153254 -0.3870112 -0.1076703 0.9149533 -0.3889315 -0.1038563 0.9147168 -0.3905217 -0.08432471 0.9146928 -0.395255 -0.09515994 0.9152815 -0.3914133 -0.08713275 0.9156113 -0.3925095 -0.07898378 0.9155776 -0.3943088 -0.07034599 0.9150174 -0.3972339 -0.05575817 0.9154779 -0.3984863 -0.04220807 0.9148141 -0.4016637 -0.03387647 0.9159478 -0.399865 -0.02121061 0.9141313 -0.4048631 0.01443552 0.9150567 -0.4030669 0 0.9168711 -0.3991836 0.02044743 0.9164436 -0.3996413 0.04220807 0.9148141 -0.4016637 0.05575817 0.9154779 -0.3984863 0.08432471 0.9146928 -0.395255 0.07034599 0.9150174 -0.3972339 0.07898378 0.9155776 -0.3943088 0.08710247 0.9156139 -0.3925105 0.09515994 0.9152815 -0.3914133 0.1038563 0.9147168 -0.3905217 0.1249169 0.9151009 -0.3833878 0.1076703 0.9149533 -0.3889315 0.1113637 0.9153254 -0.3870112 0.1145085 0.9155794 -0.3854895 0.1208551 0.9159051 -0.3827691 0.1377633 0.9159095 -0.3770028 0.163859 0.9153705 -0.3677596 0.169627 0.9157354 -0.3642188 0.2010881 0.9150443 -0.3496536 0.1851879 0.9154411 -0.3573138 0.2001463 0.9156436 -0.3486233 0.1850382 0.9155167 -0.3571974 0.201958 0.9156453 -0.3475727 0.2023445 0.9156471 -0.3473429 0.2055793 0.915585 -0.3456028 0.2101844 0.9153568 -0.3434305 0.2163782 0.9147703 -0.341139 0.2376255 0.9150689 -0.3258576 0.222304 0.9145472 -0.3379119 0.2299035 0.9154331 -0.3303433 0.2437601 0.9156189 -0.3197234 0.2691475 0.9155715 -0.298812 0.2694265 0.9156471 -0.2983285 0.2983285 0.9156471 -0.2694265 0.298812 0.9155715 -0.2691475 0.3197234 0.9156189 -0.2437601 0.3258826 0.9150531 -0.237652 0.3303433 0.9154331 -0.2299035 0.3376334 0.9146284 -0.222393 0.3410823 0.9148125 -0.2162894 0.3434305 0.9153568 -0.2101844 0.3456028 0.915585 -0.2055793 0.3473429 0.9156471 -0.2023445 0.347579 0.9156435 -0.2019555 0.3486523 0.9156395 -0.2001149 0.3223486 0.9410736 0.1023324 0.2602078 0.9618474 0.084508 0.2771746 0.955645 0.09958386 0.1942825 0.9776389 0.08047801 0.2664025 0.9556492 0.1255562 0.2437583 0.9618487 0.1242138 0.3003125 0.9410708 0.1555582 0.1331532 0.9901193 0.04397749 0.09500634 0.994805 0.03656202 0.0930227 0.9948061 0.04132306 0.06570845 0.9976212 0.02084481 0.06122201 0.9976204 0.03170973 0.1252489 0.9901198 0.0630517 0 1 5.52656e-7 0 1 -6.278e-7 0 1 6.27189e-6 0 1 -3.31558e-6 0 -1 -6.05075e-7 0 -1 -1.46734e-7 0 -1 2.31492e-6 0 -1 -1.28455e-6 0 -1 2.23657e-6 0 -1 -1.82324e-6 0 -1 -2.18768e-7 0 -1 7.5806e-6 0 -1 -3.48956e-6 0 -1 8.81055e-7 0 -1 -5.3042e-6 0 -1 1.9144e-7 0 -1 1.82324e-6 0 -1 1.28455e-6 0 -1 -1.15746e-6 0 -1 6.05075e-7 0 -1 -4.40889e-7 0 -1 -1.10222e-6 0 -1 1.20317e-6 0 -1 0 0 -1 8.75072e-7 0 -1 -2.65592e-6 0 -1 -1.89574e-6 0 -1 4.62988e-6 0 -1 -3.77964e-6 0 -1 0 0 -1 5.79452e-7 0 -1 -1.17387e-6 0 -1 5.86935e-7 0 -1 -2.18097e-7 0 -1 5.8344e-6 0 -1 1.92683e-6 0 -1 -5.58205e-7 0 -1 2.60431e-6 0 -1 -4.65187e-6 0 -1 2.93467e-7 0 -1 4.39045e-7 0 -1 2.91719e-6 0 -1 -1.11828e-6 0 -1 -1.15746e-6 0 -1 -1.44863e-7 0 -1 -2.93467e-7 0 -1 3.48956e-6 0 -1 -8.81055e-7 0 -1 5.3042e-6 0 -1 -1.9144e-7 0 -1 1.15746e-6 0 -1 4.40889e-7 0 -1 1.10222e-6 0 -1 -1.20317e-6 0 -1 0 0 -1 -8.75072e-7 0 -1 -1.02766e-5 0 -1 7.26873e-6 0 -1 -5.8344e-6 0 -1 1.89574e-6 0 -1 -4.62988e-6 0 -1 3.77964e-6 0 -1 0 0 -1 -5.79452e-7 0 -1 1.17387e-6 0 -1 -5.86935e-7 0 -1 2.18097e-7 0 -1 -1.92683e-6 0 -1 5.58205e-7 0 -1 -2.60431e-6 0 -1 4.65187e-6 0 -1 -2.93467e-7 0 -1 -4.39045e-7 -0.06573879 -0.9976186 -0.02087527 -0.1331234 -0.9901247 -0.04394716 -0.09464055 -0.99484 -0.0365622 -0.1941603 -0.9776682 -0.08041685 -0.09277892 -0.9948403 -0.04104852 -0.1252191 -0.9901255 -0.06302154 -0.06122201 -0.9976204 -0.03170973 -0.2602078 -0.9618474 -0.084508 -0.277848 -0.9554079 -0.09998136 -0.2671946 -0.9554001 -0.1257691 -0.3223486 -0.9410736 -0.1023324 -0.3003125 -0.9410708 -0.1555582 -0.2437583 -0.9618487 -0.1242138 0.7719233 0 0.6357159 0.703644 0.004058957 0.7105413 0.7023881 -0.003021299 0.7117878 0.5922911 0.004089593 0.8057137 0.4804 -0.006531059 0.8770253 0.3381229 0.004364252 0.9410919 0.1594644 -0.006195425 0.9871843 0.05591082 0.003418087 0.99843 -0.1797885 -0.004577875 0.9836947 -0.2309064 0.001312315 0.9729751 -0.3454092 -0.00338751 0.9384462 -0.3674778 0 0.9300324 -0.497384 0 0.8675306 -0.4973842 1.14113e-6 0.8675305 -0.4973865 2.95877e-6 0.8675292 -0.4973884 2.39437e-5 0.867528 -0.4973871 1.84971e-6 0.8675289 -0.4973839 6.50863e-7 0.8675305 -0.4973707 -2.462e-5 0.8675382 -0.4973961 1.00275e-5 0.8675237 -0.4973845 0 0.8675302 -0.4973348 -3.56903e-5 0.8675588 0.8770253 -0.006531059 0.4804 0.8057137 0.004089593 0.5922911 0.7117727 -0.003021359 0.7024034 0.7105413 0.004058957 0.703644 0.6357159 0 0.7719233 0.941092 0.004333734 0.3381229 0.9871843 -0.006195425 0.1594644 0.99843 0.003418087 0.05591082 0.9836947 -0.004577875 -0.1797885 0.9729751 0.001312315 -0.2309064 0.9384461 -0.00338751 -0.3454092 0.9300324 0 -0.3674778 0.7685364 0 0.6398062 0.7386004 0 0.6741434 0.6741434 0 0.7386004 0.6398062 0 0.7685364 -0.4989596 0 -0.8666253 -0.4084959 0 -0.9127602 -0.3978421 0 -0.917454 -0.207044 0 -0.9783317 -0.1840287 0 -0.9829209 0.002899289 0 -0.9999958 0.03488272 0 -0.9993914 0.2072838 0 -0.9782809 0.2463827 0 -0.9691726 0.4019008 0 -0.9156833 0.4431071 0 -0.8964686 0.5795076 0 -0.8149669 0.6206373 0 -0.7840978 0.7333216 0 -0.679882 0.7674678 0 -0.6410875 0.812945 0 -0.5823405 0.8675303 0 -0.4973846 0.8675308 1.10654e-6 -0.4973835 0.8675288 2.36702e-6 -0.4973871 0.8675277 0 -0.497389 0.8675097 0 -0.4974203 0.867528 1.84971e-6 -0.4973884 0.8675301 9.76295e-7 -0.4973848 0.8675366 -2.68584e-5 -0.4973735 0.8675258 1.52799e-5 -0.4973923 0.8675304 0 -0.4973843 -0.5823405 0 0.812945 -0.6410546 0 0.7674954 -0.679882 0 0.7333216 -0.7840978 0 0.6206373 -0.8149669 0 0.5795076 -0.8964809 0 0.4430826 -0.9156833 0 0.4019008 -0.96918 0 0.2463541 -0.9782809 0 0.2072838 -0.9993925 0 0.0348522 -0.9999958 0 0.002899289 -0.9829209 0 -0.1840287 -0.9783317 0 -0.207044 -0.917454 0 -0.3978421 -0.9127602 0 -0.4084959 -0.8666253 0 -0.4989596 -0.6311681 0 -0.7756462 -0.6700162 0 -0.7423465 -0.7423465 0 -0.6700162 -0.7756462 0 -0.6311681 0 1 -2.07034e-6 0 1 -5.52656e-7 0 1 -6.27189e-6 0 1 3.31558e-6 0.3003125 0.9410708 -0.1555582 0.2437583 0.9618487 -0.1242138 0.2664025 0.9556492 -0.1255562 0.1942825 0.9776389 -0.08047801 0.2771746 0.955645 -0.09958386 0.2602078 0.9618474 -0.084508 0.3223486 0.9410736 -0.1023324 0.1252489 0.9901198 -0.0630517 0.0930227 0.9948061 -0.04132306 0.09500634 0.994805 -0.03656202 0.06122201 0.9976204 -0.03170973 0.06570845 0.9976212 -0.02084481 0.1331532 0.9901193 -0.04397749 -0.03170973 -0.9976204 -0.06122201 -0.06302154 -0.9901255 -0.1252191 -0.04104852 -0.9948403 -0.09277892 -0.08041685 -0.9776682 -0.1941603 -0.0365622 -0.99484 -0.09464055 -0.04394716 -0.9901247 -0.1331234 -0.02084475 -0.9976192 -0.06573885 -0.1242138 -0.9618487 -0.2437583 -0.1257391 -0.9554037 -0.2671957 -0.09998136 -0.9554079 -0.277848 -0.1555582 -0.9410707 -0.3003125 -0.1023324 -0.9410736 -0.3223486 -0.084508 -0.9618474 -0.2602078 0.0963183 0 0.9953506 -0.004852473 0.004058957 0.9999801 -0.006591975 -0.003021299 0.9999738 -0.1508862 0.004089534 0.9885427 -0.2804381 -0.006531 0.9598498 -0.4263486 0.004333674 0.9045487 -0.5852732 -0.006195425 0.8108125 -0.6664582 0.003418147 0.7455347 -0.8227194 -0.004577934 0.5684294 -0.8512749 0.001312315 0.5247184 -0.9078256 -0.003387629 0.4193344 -0.917481 0 0.3977796 -0.9651404 0 0.2617326 -0.9651404 2.76636e-7 0.2617329 -0.9651402 0 0.2617337 -0.9651397 4.19007e-5 0.2617354 -0.9651387 -1.84975e-6 0.2617392 -0.9651404 6.50865e-7 0.261733 -0.9651403 -5.87536e-6 0.2617332 -0.9651408 3.10369e-6 0.2617315 -0.9651402 0 0.2617333 -0.9651342 -1.42773e-4 0.2617558 0.2804381 -0.006531 0.9598498 0.1508862 0.004089534 0.9885427 0.006591975 -0.003021299 0.9999738 0.004852473 0.004058957 0.9999801 -0.0963183 0 0.9953506 0.4263486 0.004333674 0.9045487 0.5852732 -0.006195425 0.8108125 0.6664582 0.003418147 0.7455347 0.8227194 -0.004577934 0.5684294 0.8512749 0.001312315 0.5247184 0.9078256 -0.003387629 0.4193344 0.917481 0 0.3977796 0.09100902 0 0.9958501 0.04556548 0 0.9989613 0.04553502 0 0.9989628 -0.04556548 0 0.9989613 -0.09100902 0 0.9958501 -0.04553502 0 0.9989628 0.2599604 0 -0.9656193 0.3565524 0 -0.9342754 0.3673882 0 -0.9300678 0.545383 0 -0.8381869 0.5649126 0 -0.8251507 0.7091639 0 -0.7050438 0.7313364 0 -0.682017 0.83833 0 -0.5451632 0.8595167 0 -0.5111078 0.9316847 0 -0.3632679 0.9472238 0 -0.3205735 0.9860445 0 -0.1664822 0.9932988 0 -0.1155751 0.9992861 0 0.0377826 0.9959993 0 0.08936065 0.9866207 0 0.1630329 0.9651404 0 0.2617326 0.9651404 2.76636e-7 0.2617329 0.9651402 0 0.2617335 0.9651393 3.59151e-5 0.2617369 0.9651342 -1.42773e-4 0.2617558 0.9651387 -1.84975e-6 0.2617392 0.9651404 6.50865e-7 0.2617329 0.9651403 -4.47645e-6 0.2617335 0.9651412 3.81992e-6 0.2617295 0.9651402 0 0.2617333 -0.9866207 0 0.1630329 -0.9959993 0 0.08936065 -0.9992861 0 0.0377826 -0.9932988 0 -0.1155751 -0.9860445 0 -0.1664822 -0.9472238 0 -0.3205735 -0.9316847 0 -0.3632679 -0.8595167 0 -0.5111078 -0.83833 0 -0.5451632 -0.7313364 0 -0.682017 -0.7091639 0 -0.7050438 -0.5649126 0 -0.8251507 -0.545383 0 -0.8381869 -0.3673882 0 -0.9300678 -0.3565524 0 -0.9342754 -0.2599604 0 -0.9656193 -0.2599888 0 -0.9656117 0.1021171 0 -0.9947724 0.05111873 0 -0.9986926 -0.05111873 0 -0.9986926 -0.1021171 0 -0.9947724 -0.1023324 0.9410736 0.3223486 -0.08450871 0.9618551 0.2601794 -0.09958386 0.955645 0.2771746 -0.08047801 0.9776389 0.1942825 -0.1255562 0.9556492 0.2664025 -0.1242138 0.9618487 0.2437583 -0.1555582 0.9410707 0.3003125 -0.04397749 0.9901193 0.1331532 -0.03656202 0.994805 0.09500634 -0.04132306 0.9948061 0.0930227 -0.02084475 0.9976192 0.06573885 -0.03170973 0.9976204 0.06122201 -0.0630517 0.9901198 0.1252489 0 1 -1.03517e-6 0 1 -5.11559e-7 0 1 2.67476e-6 0 1 -8.27741e-6 0 1 6.27186e-6 0 1 -6.63123e-6 0 1 6.27191e-6 0 1 -3.31557e-6 0.02084475 -0.9976192 -0.06573885 0.04394716 -0.9901247 -0.1331234 0.0365622 -0.99484 -0.09464055 0.08041685 -0.9776682 -0.1941603 0.04104852 -0.9948403 -0.09277892 0.06302154 -0.9901255 -0.1252191 0.03170973 -0.9976204 -0.06122201 0.084508 -0.9618474 -0.2602078 0.09998136 -0.9554079 -0.277848 0.1257391 -0.9554037 -0.2671957 0.1023324 -0.9410736 -0.3223486 0.1555582 -0.9410707 -0.3003125 0.1242138 -0.9618487 -0.2437583 -0.6357159 0 0.7719233 -0.7105413 0.004058957 0.703644 -0.7117727 -0.003021359 0.7024034 -0.8057137 0.004089593 0.5922911 -0.8770253 -0.006531059 0.4804 -0.941092 0.004333734 0.3381229 -0.9871843 -0.006195425 0.1594644 -0.99843 0.003418087 0.05591082 -0.9836947 -0.004577875 -0.1797885 -0.9729751 0.001312315 -0.2309064 -0.9384461 -0.00338751 -0.3454092 -0.9300324 0 -0.3674778 -0.8675303 0 -0.4973846 -0.8675308 1.00281e-6 -0.4973837 -0.8675286 2.36702e-6 -0.4973874 -0.8675329 0 -0.49738 -0.867528 1.84971e-6 -0.4973884 -0.8675301 1.30173e-6 -0.497385 -0.8675374 -2.57393e-5 -0.497372 -0.8675261 1.4325e-5 -0.4973918 -0.8675304 0 -0.4973843 -0.8675097 0 -0.4974203 -0.4804 -0.006531059 0.8770253 -0.5922911 0.004089593 0.8057137 -0.7023881 -0.003021299 0.7117878 -0.703644 0.004058957 0.7105413 -0.7719233 0 0.6357159 -0.3381229 0.004364252 0.9410919 -0.1594644 -0.006195425 0.9871843 -0.05591082 0.003418087 0.99843 0.1797885 -0.004577875 0.9836947 0.2309064 0.001312315 0.9729751 0.3454092 -0.00338751 0.9384462 0.3674778 0 0.9300324 -0.6398062 0 0.7685364 -0.6741434 0 0.7386004 -0.7386004 0 0.6741434 -0.7685364 0 0.6398062 0.8666253 0 -0.4989596 0.9127602 0 -0.4084959 0.917454 0 -0.3978421 0.9783317 0 -0.207044 0.9829209 0 -0.1840287 0.9999958 0 0.002899289 0.9993925 0 0.0348522 0.9782809 0 0.2072838 0.96918 0 0.2463541 0.9156833 0 0.4019008 0.8964809 0 0.4430826 0.8149669 0 0.5795076 0.7840978 0 0.6206373 0.679882 0 0.7333216 0.6410546 0 0.7674954 0.5823405 0 0.812945 0.497384 0 0.8675306 0.4973841 1.10655e-6 0.8675305 0.4973874 2.36702e-6 0.8675286 0.4973884 2.39437e-5 0.867528 0.4973348 -3.56903e-5 0.8675588 0.4973871 1.84971e-6 0.8675289 0.4973842 9.76296e-7 0.8675305 0.4973697 -2.68582e-5 0.8675388 0.4973956 7.64002e-6 0.8675239 0.4973845 0 0.8675302 -0.812945 0 -0.5823405 -0.7674678 0 -0.6410875 -0.7333216 0 -0.679882 -0.6206373 0 -0.7840978 -0.5795076 0 -0.8149669 -0.4431071 0 -0.8964686 -0.4019008 0 -0.9156833 -0.2463827 0 -0.9691726 -0.2072838 0 -0.9782809 -0.03488272 0 -0.9993914 -0.002899289 0 -0.9999958 0.1840287 0 -0.9829209 0.207044 0 -0.9783317 0.3978421 0 -0.917454 0.4084959 0 -0.9127602 0.4989596 0 -0.8666253 0.7756462 0 -0.6311681 0.7423465 0 -0.6700162 0.6700162 0 -0.7423465 0.6311681 0 -0.7756462 0 1 5.17585e-7 0 1 -2.55779e-7 0 1 -5.17585e-7 0 1 -6.20806e-6 0 1 4.99789e-6 0 1 -5.21474e-6 0 1 1.33738e-6 0 1 -6.63114e-6 0.1555582 0.9410707 0.3003125 0.1242138 0.9618487 0.2437583 0.1255562 0.9556492 0.2664025 0.08047801 0.9776389 0.1942825 0.09958386 0.955645 0.2771746 0.08450871 0.9618551 0.2601794 0.1023324 0.9410736 0.3223486 0.0630517 0.9901198 0.1252489 0.04132306 0.9948061 0.0930227 0.03656202 0.994805 0.09500634 0.03170973 0.9976204 0.06122201 0.02084475 0.9976192 0.06573885 0.04397749 0.9901193 0.1331532 0.06122201 -0.9976204 -0.03170973 0.1252191 -0.9901255 -0.06302154 0.09277892 -0.9948403 -0.04104852 0.1941603 -0.9776682 -0.08041685 0.09464055 -0.99484 -0.0365622 0.1331234 -0.9901247 -0.04394716 0.06573885 -0.9976192 -0.02084475 0.2437583 -0.9618487 -0.1242138 0.2671946 -0.9554001 -0.1257691 0.277848 -0.9554079 -0.09998136 0.3003125 -0.9410708 -0.1555582 0.3223486 -0.9410736 -0.1023324 0.2602078 -0.9618474 -0.084508 -0.9953506 0 0.0963183 -0.9999802 0.004058957 -0.004821956 -0.9999735 -0.003021299 -0.006622493 -0.9885427 0.004089534 -0.1508862 -0.9598498 -0.006531 -0.2804381 -0.9045487 0.004333674 -0.4263486 -0.8108125 -0.006195425 -0.5852732 -0.7455347 0.003418147 -0.6664582 -0.5684294 -0.004577934 -0.8227194 -0.5247184 0.001312315 -0.8512749 -0.4193344 -0.003387629 -0.9078256 -0.3977796 0 -0.917481 -0.2617326 0 -0.9651405 -0.2617328 2.24767e-7 -0.9651404 -0.2617322 0 -0.9651405 -0.2617501 2.993e-5 -0.9651357 -0.2617373 -9.24867e-7 -0.9651392 -0.2617326 -3.25432e-7 -0.9651405 -0.2617338 0 -0.9651401 -0.2617346 3.10374e-6 -0.96514 -0.2617328 0 -0.9651404 -0.2617192 -1.0708e-4 -0.965144 -0.9598498 -0.006531 0.2804381 -0.9885427 0.004089534 0.1508862 -0.9999735 -0.003021299 0.006622493 -0.9999802 0.004058957 0.004821956 -0.9953506 0 -0.0963183 -0.9045487 0.004333674 0.4263486 -0.8108125 -0.006195425 0.5852732 -0.7455347 0.003418147 0.6664582 -0.5684294 -0.004577934 0.8227194 -0.5247184 0.001312315 0.8512749 -0.4193344 -0.003387629 0.9078256 -0.3977796 0 0.917481 -0.9958501 0 0.09100902 -0.9989613 0 0.04556548 -0.9989613 0 -0.04556548 -0.9958501 0 -0.09100902 0.9656193 0 0.2599604 0.9342754 0 0.3565524 0.9300678 0 0.3673882 0.8381869 0 0.545383 0.8251507 0 0.5649126 0.7050438 0 0.7091639 0.682017 0 0.7313364 0.5451632 0 0.83833 0.5111078 0 0.8595167 0.3632679 0 0.9316847 0.3205735 0 0.9472238 0.1664822 0 0.9860445 0.1155751 0 0.9932988 -0.0377826 0 0.9992861 -0.08936065 0 0.9959993 -0.1630329 0 0.9866207 -0.2617326 0 0.9651405 -0.2617328 2.76636e-7 0.9651405 -0.2617331 0 0.9651404 -0.2617501 3.5916e-5 0.9651357 -0.2617192 -1.0708e-4 0.965144 -0.2617373 -9.24867e-7 0.9651392 -0.2617328 -3.25432e-7 0.9651404 -0.2617356 0 0.9651397 -0.2617334 3.81998e-6 0.9651402 -0.2617328 0 0.9651404 -0.1630329 0 -0.9866207 -0.08936065 0 -0.9959993 -0.0377826 0 -0.9992861 0.1155751 0 -0.9932988 0.1664822 0 -0.9860445 0.3205735 0 -0.9472238 0.3632679 0 -0.9316847 0.5111078 0 -0.8595167 0.5451632 0 -0.83833 0.682017 0 -0.7313364 0.7050438 0 -0.7091639 0.8251507 0 -0.5649126 0.8381869 0 -0.545383 0.9300678 0 -0.3673882 0.9342754 0 -0.3565524 0.9656193 0 -0.2599604 0.9947724 0 0.1021171 0.9986926 0 0.05111873 0.9986926 0 -0.05111873 0.9947724 0 -0.1021171 0.06573879 -0.9976186 0.02087527 0.1331234 -0.9901247 0.04394716 0.09464055 -0.99484 0.0365622 0.1941603 -0.9776682 0.08041685 0.09277892 -0.9948403 0.04104852 0.1252191 -0.9901255 0.06302154 0.06122201 -0.9976204 0.03170973 0.2602078 -0.9618474 0.084508 0.277848 -0.9554079 0.09998136 0.2671946 -0.9554001 0.1257691 0.3223486 -0.9410736 0.1023324 0.3003125 -0.9410708 0.1555582 0.2437583 -0.9618487 0.1242138 -0.3223486 0.9410736 -0.1023324 -0.2602078 0.9618474 -0.084508 -0.2771746 0.955645 -0.09958386 -0.1942825 0.9776389 -0.08047801 -0.2664025 0.9556492 -0.1255562 -0.2437583 0.9618487 -0.1242138 -0.3003125 0.9410708 -0.1555582 -0.1331532 0.9901193 -0.04397749 -0.09500634 0.994805 -0.03656202 -0.0930227 0.9948061 -0.04132306 -0.06570845 0.9976212 -0.02084481 -0.06122201 0.9976204 -0.03170973 -0.1252489 0.9901198 -0.0630517 0 1 6.278e-7 -0.7719233 0 -0.6357159 -0.703644 0.004058957 -0.7105413 -0.7023881 -0.003021299 -0.7117878 -0.5922911 0.004089593 -0.8057137 -0.4804 -0.006531059 -0.8770253 -0.3381229 0.004364252 -0.9410919 -0.1594644 -0.006195425 -0.9871843 -0.05591082 0.003418087 -0.99843 0.1797885 -0.004577875 -0.9836947 0.2309064 0.001312315 -0.9729751 0.3454092 -0.00338751 -0.9384462 0.3674778 0 -0.9300324 0.497384 0 -0.8675306 0.4973842 1.14113e-6 -0.8675305 0.4973865 2.95877e-6 -0.8675292 0.4973884 2.39437e-5 -0.867528 0.4973871 1.84971e-6 -0.8675289 0.4973839 6.50863e-7 -0.8675305 0.4973707 -2.462e-5 -0.8675382 0.4973961 1.00275e-5 -0.8675237 0.4973845 0 -0.8675302 0.4973348 -3.56903e-5 -0.8675588 -0.8770253 -0.006531059 -0.4804 -0.8057137 0.004089593 -0.5922911 -0.7117727 -0.003021359 -0.7024034 -0.7105413 0.004058957 -0.703644 -0.6357159 0 -0.7719233 -0.941092 0.004333734 -0.3381229 -0.9871843 -0.006195425 -0.1594644 -0.99843 0.003418087 -0.05591082 -0.9836947 -0.004577875 0.1797885 -0.9729751 0.001312315 0.2309064 -0.9384461 -0.00338751 0.3454092 -0.9300324 0 0.3674778 -0.7685364 0 -0.6398062 -0.7386004 0 -0.6741434 -0.6741434 0 -0.7386004 -0.6398062 0 -0.7685364 0.4989596 0 0.8666253 0.4084959 0 0.9127602 0.3978421 0 0.917454 0.207044 0 0.9783317 0.1840287 0 0.9829209 -0.002899289 0 0.9999958 -0.03488272 0 0.9993914 -0.2072838 0 0.9782809 -0.2463827 0 0.9691726 -0.4019008 0 0.9156833 -0.4431071 0 0.8964686 -0.5795076 0 0.8149669 -0.6206373 0 0.7840978 -0.7333216 0 0.679882 -0.7674678 0 0.6410875 -0.812945 0 0.5823405 -0.8675303 0 0.4973846 -0.8675308 1.10654e-6 0.4973835 -0.8675288 2.36702e-6 0.4973871 -0.8675277 0 0.497389 -0.8675097 0 0.4974203 -0.867528 1.84971e-6 0.4973884 -0.8675301 9.76295e-7 0.4973848 -0.8675366 -2.68584e-5 0.4973735 -0.8675258 1.52799e-5 0.4973923 -0.8675304 0 0.4973843 0.5823405 0 -0.812945 0.6410546 0 -0.7674954 0.679882 0 -0.7333216 0.7840978 0 -0.6206373 0.8149669 0 -0.5795076 0.8964809 0 -0.4430826 0.9156833 0 -0.4019008 0.96918 0 -0.2463541 0.9782809 0 -0.2072838 0.9993925 0 -0.0348522 0.9999958 0 -0.002899289 0.9829209 0 0.1840287 0.9783317 0 0.207044 0.917454 0 0.3978421 0.9127602 0 0.4084959 0.8666253 0 0.4989596 0.6311681 0 0.7756462 0.6700162 0 0.7423465 0.7423465 0 0.6700162 0.7756462 0 0.6311681 0.03170973 -0.9976204 0.06122201 0.06302154 -0.9901255 0.1252191 0.04104852 -0.9948403 0.09277892 0.08041685 -0.9776682 0.1941603 0.0365622 -0.99484 0.09464055 0.04394716 -0.9901247 0.1331234 0.02084475 -0.9976192 0.06573885 0.1242138 -0.9618487 0.2437583 0.1257391 -0.9554037 0.2671957 0.09998136 -0.9554079 0.277848 0.1555582 -0.9410707 0.3003125 0.1023324 -0.9410736 0.3223486 0.084508 -0.9618474 0.2602078 0 1 2.07034e-6 -0.3003125 0.9410708 0.1555582 -0.2437583 0.9618487 0.1242138 -0.2664025 0.9556492 0.1255562 -0.1942825 0.9776389 0.08047801 -0.2771746 0.955645 0.09958386 -0.2602078 0.9618474 0.084508 -0.3223486 0.9410736 0.1023324 -0.1252489 0.9901198 0.0630517 -0.0930227 0.9948061 0.04132306 -0.09500634 0.994805 0.03656202 -0.06122201 0.9976204 0.03170973 -0.06570845 0.9976212 0.02084481 -0.1331532 0.9901193 0.04397749 -0.0963183 0 -0.9953506 0.004852473 0.004058957 -0.9999801 0.006591975 -0.003021299 -0.9999738 0.1508862 0.004089534 -0.9885427 0.2804381 -0.006531 -0.9598498 0.4263486 0.004333674 -0.9045487 0.5852732 -0.006195425 -0.8108125 0.6664582 0.003418147 -0.7455347 0.8227194 -0.004577934 -0.5684294 0.8512749 0.001312315 -0.5247184 0.9078256 -0.003387629 -0.4193344 0.917481 0 -0.3977796 0.9651404 0 -0.2617326 0.9651404 2.76636e-7 -0.2617329 0.9651402 0 -0.2617337 0.9651397 4.19007e-5 -0.2617354 0.9651387 -1.84975e-6 -0.2617392 0.9651404 6.50865e-7 -0.261733 0.9651403 -5.87536e-6 -0.2617332 0.9651408 3.10369e-6 -0.2617315 0.9651402 0 -0.2617333 0.9651342 -1.42773e-4 -0.2617558 -0.2804381 -0.006531 -0.9598498 -0.1508862 0.004089534 -0.9885427 -0.006591975 -0.003021299 -0.9999738 -0.004852473 0.004058957 -0.9999801 0.0963183 0 -0.9953506 -0.4263486 0.004333674 -0.9045487 -0.5852732 -0.006195425 -0.8108125 -0.6664582 0.003418147 -0.7455347 -0.8227194 -0.004577934 -0.5684294 -0.8512749 0.001312315 -0.5247184 -0.9078256 -0.003387629 -0.4193344 -0.917481 0 -0.3977796 -0.09100902 0 -0.9958501 -0.04556548 0 -0.9989613 -0.04553502 0 -0.9989628 0.04556548 0 -0.9989613 0.09100902 0 -0.9958501 0.04553502 0 -0.9989628 -0.2599604 0 0.9656193 -0.3565524 0 0.9342754 -0.3673882 0 0.9300678 -0.545383 0 0.8381869 -0.5649126 0 0.8251507 -0.7091639 0 0.7050438 -0.7313364 0 0.682017 -0.83833 0 0.5451632 -0.8595167 0 0.5111078 -0.9316847 0 0.3632679 -0.9472238 0 0.3205735 -0.9860445 0 0.1664822 -0.9932988 0 0.1155751 -0.9992861 0 -0.0377826 -0.9959993 0 -0.08936065 -0.9866207 0 -0.1630329 -0.9651404 0 -0.2617326 -0.9651404 2.76636e-7 -0.2617329 -0.9651402 0 -0.2617335 -0.9651393 3.59151e-5 -0.2617369 -0.9651342 -1.42773e-4 -0.2617558 -0.9651387 -1.84975e-6 -0.2617392 -0.9651404 6.50865e-7 -0.2617329 -0.9651403 -4.47645e-6 -0.2617335 -0.9651412 3.81992e-6 -0.2617295 -0.9651402 0 -0.2617333 0.9866207 0 -0.1630329 0.9959993 0 -0.08936065 0.9992861 0 -0.0377826 0.9932988 0 0.1155751 0.9860445 0 0.1664822 0.9472238 0 0.3205735 0.9316847 0 0.3632679 0.8595167 0 0.5111078 0.83833 0 0.5451632 0.7313364 0 0.682017 0.7091639 0 0.7050438 0.5649126 0 0.8251507 0.545383 0 0.8381869 0.3673882 0 0.9300678 0.3565524 0 0.9342754 0.2599604 0 0.9656193 0.2599888 0 0.9656117 -0.1021171 0 0.9947724 -0.05111873 0 0.9986926 0.05111873 0 0.9986926 0.1021171 0 0.9947724 -0.1555582 0.9410707 -0.3003125 -0.1242138 0.9618487 -0.2437583 -0.1255562 0.9556492 -0.2664025 -0.08047801 0.9776389 -0.1942825 -0.09958386 0.955645 -0.2771746 -0.08450871 0.9618551 -0.2601794 -0.1023324 0.9410736 -0.3223486 -0.0630517 0.9901198 -0.1252489 -0.04132306 0.9948061 -0.0930227 -0.03656202 0.994805 -0.09500634 -0.03170973 0.9976204 -0.06122201 -0.02084475 0.9976192 -0.06573885 -0.04397749 0.9901193 -0.1331532 0 1 2.55779e-7 0 1 5.17585e-7 0 1 6.20806e-6 0 1 -4.99789e-6 0 1 5.21474e-6 0 1 -1.33738e-6 0 1 6.63114e-6 0.103428 0.1441399 0.9841374 0.1002264 0.2839545 0.9535852 0 0.1441425 0.989557 0 0.283947 0.95884 -0.103428 0.1441399 0.9841374 -0.1002264 0.2839545 0.9535852 -0.2057284 0.1441106 0.9679401 -0.1993516 0.2839509 0.9378864 -0.3057747 0.1441435 0.9411293 -0.2962809 0.2839511 0.9119153 -0.4024879 0.1441119 0.9040108 -0.389971 0.2839482 0.8759545 -0.4947808 0.1441127 0.8569852 -0.4794175 0.2839455 0.8303819 -0.5816364 0.144112 0.8005817 -0.5636005 0.2839519 0.7757099 -0.6621437 0.1441114 0.7353896 -0.6415776 0.2839519 0.7125656 -0.7353863 0.1441413 0.6621407 -0.7125656 0.2839519 0.6415776 -0.8005817 0.144112 0.5816364 -0.7757099 0.2839519 0.5636005 -0.8569852 0.1441127 0.4947808 -0.8303723 0.2839527 0.4794296 -0.9040108 0.1441119 0.4024879 -0.8759545 0.2839482 0.389971 -0.9411293 0.1441435 0.3057747 -0.9119153 0.2839511 0.2962809 -0.9679358 0.1441405 0.2057275 -0.9378864 0.2839509 0.1993516 -0.9841374 0.1441399 0.103428 -0.953588 0.2839462 0.1002234 -0.989557 0.1441425 0 -0.95884 0.283947 0 -0.9841374 0.1441399 -0.103428 -0.9535852 0.2839545 -0.1002264 -0.9679401 0.1441106 -0.2057284 -0.9378864 0.2839509 -0.1993516 -0.9411293 0.1441435 -0.3057747 -0.9119153 0.2839511 -0.2962809 -0.9040108 0.1441119 -0.4024879 -0.8759545 0.2839482 -0.389971 -0.8569852 0.1441127 -0.4947808 -0.8303723 0.2839527 -0.4794296 -0.8005817 0.144112 -0.5816364 -0.7757099 0.2839519 -0.5636005 -0.7353896 0.1441114 -0.6621437 -0.7125656 0.2839519 -0.6415776 -0.6621437 0.1441114 -0.7353896 -0.6415776 0.2839519 -0.7125656 -0.5816364 0.144112 -0.8005817 -0.5636005 0.2839519 -0.7757099 -0.4947808 0.1441127 -0.8569852 -0.4794175 0.2839455 -0.8303819 -0.4024879 0.1441119 -0.9040108 -0.3899968 0.2839448 -0.875944 -0.3057747 0.1441435 -0.9411293 -0.2962809 0.2839511 -0.9119153 -0.2057284 0.1441106 -0.9679401 -0.1993516 0.2839509 -0.9378864 -0.103428 0.1441399 -0.9841374 -0.1002264 0.2839545 -0.9535852 -0.05179053 0.143927 -0.9882323 -0.05017364 0.283585 -0.9576336 0.05176007 0.1439273 -0.9882338 0.05017322 0.2836131 -0.9576253 0.103428 0.1441399 -0.9841374 0.1002264 0.2839545 -0.9535852 0.2057284 0.1441106 -0.9679401 0.1993516 0.2839509 -0.9378864 0.3057747 0.1441435 -0.9411293 0.2962809 0.2839511 -0.9119153 0.4024879 0.1441119 -0.9040108 0.389971 0.2839482 -0.8759545 0.4947808 0.1441127 -0.8569852 0.4794175 0.2839455 -0.8303819 0.5816364 0.144112 -0.8005817 0.5636005 0.2839519 -0.7757099 0.6621437 0.1441114 -0.7353896 0.6415776 0.2839519 -0.7125656 0.7353863 0.1441413 -0.6621407 0.7125656 0.2839519 -0.6415776 0.8005817 0.144112 -0.5816364 0.7757099 0.2839519 -0.5636005 0.8569852 0.1441127 -0.4947808 0.8303723 0.2839527 -0.4794296 0.9040108 0.1441119 -0.4024879 0.8759545 0.2839482 -0.389971 0.9411293 0.1441435 -0.3057747 0.9119153 0.2839511 -0.2962809 0.9679358 0.1441405 -0.2057275 0.9378864 0.2839509 -0.1993516 0.9841374 0.1441399 -0.103428 0.953588 0.2839462 -0.1002234 0.989557 0.1441425 0 0.95884 0.283947 0 0.9841374 0.1441399 0.103428 0.9535852 0.2839545 0.1002264 0.9679401 0.1441106 0.2057284 0.9378864 0.2839509 0.1993516 0.9411293 0.1441435 0.3057747 0.9119153 0.2839511 0.2962809 0.9040108 0.1441119 0.4024879 0.8759545 0.2839482 0.389971 0.8569852 0.1441127 0.4947808 0.8303723 0.2839527 0.4794296 0.8005817 0.144112 0.5816364 0.7757099 0.2839519 0.5636005 0.7353896 0.1441114 0.6621437 0.7125656 0.2839519 0.6415776 0.6621437 0.1441114 0.7353896 0.6415776 0.2839519 0.7125656 0.5816364 0.144112 0.8005817 0.5636005 0.2839519 0.7757099 0.4947808 0.1441127 0.8569852 0.4794175 0.2839455 0.8303819 0.4024879 0.1441119 0.9040108 0.3899968 0.2839448 0.875944 0.3057747 0.1441435 0.9411293 0.2962809 0.2839511 0.9119153 0.2057284 0.1441106 0.9679401 0.1993516 0.2839509 0.9378864 -0.05536288 0.8481451 0.5268633 -0.06784451 0.760573 0.6456981 0 0.848132 0.5297849 0 0.7605649 0.649262 0.05536144 0.8481537 0.5268496 0.06784451 0.760573 0.6456981 0.1101454 0.8481413 0.5181933 0.134986 0.7605669 0.6350723 0.1637068 0.8481381 0.5038471 0.2006313 0.7605618 0.6174892 0.2154679 0.848138 0.4839789 0.2640563 0.760581 0.5931196 0.2648795 0.8481395 0.458801 0.3246356 0.7605757 0.5622602 0.3113927 0.8481431 0.4285885 0.3816126 0.7605701 0.5252667 0.3544847 0.8481386 0.3937023 0.4344432 0.7605732 0.4824807 0.3937023 0.8481386 0.3544847 0.4824807 0.7605732 0.4344432 0.4285774 0.8481516 0.3113846 0.5252667 0.7605701 0.3816126 0.458801 0.8481394 0.2648795 0.5622602 0.7605757 0.3246356 0.4839664 0.8481466 0.2154623 0.5931196 0.760581 0.2640563 0.5038471 0.8481381 0.1637068 0.6174892 0.7605618 0.2006313 0.5181933 0.8481413 0.1101454 0.6350723 0.7605669 0.134986 0.5268496 0.8481537 0.05536144 0.6456981 0.760573 0.06784451 0.5297849 0.848132 0 0.649262 0.7605649 0 0.5268496 0.8481537 -0.05536144 0.6456981 0.760573 -0.06784451 0.5181933 0.8481413 -0.1101454 0.6350723 0.7605669 -0.134986 0.5038471 0.8481381 -0.1637068 0.6174892 0.7605618 -0.2006313 0.4839789 0.848138 -0.2154679 0.5931196 0.760581 -0.2640563 0.458801 0.8481394 -0.2648795 0.5622811 0.7605627 -0.32463 0.4285774 0.8481516 -0.3113846 0.5252667 0.7605701 -0.3816126 0.3937023 0.8481386 -0.3544847 0.4825041 0.760562 -0.4344368 0.3544847 0.8481386 -0.3937023 0.4344432 0.7605732 -0.4824807 0.3113846 0.8481516 -0.4285774 0.3816126 0.7605701 -0.5252667 0.2648795 0.8481395 -0.458801 0.3246356 0.7605757 -0.5622602 0.2154679 0.848138 -0.4839789 0.2640563 0.760581 -0.5931196 0.1637068 0.8481381 -0.5038471 0.2006313 0.7605618 -0.6174892 0.1101454 0.8481413 -0.5181933 0.134986 0.7605669 -0.6350723 0.05536288 0.8481451 -0.5268633 0.06784451 0.760573 -0.6456981 0.02774167 0.847816 -0.5295646 0.03399842 0.7601131 -0.6489009 -0.02774167 0.847816 -0.5295646 -0.03399842 0.7601131 -0.6489009 -0.05536144 0.8481537 -0.5268496 -0.06784451 0.760573 -0.6456981 -0.1101454 0.8481413 -0.5181933 -0.134986 0.7605669 -0.6350723 -0.1637068 0.8481381 -0.5038471 -0.2006313 0.7605618 -0.6174892 -0.2154679 0.848138 -0.4839789 -0.2640563 0.760581 -0.5931196 -0.2648795 0.8481395 -0.458801 -0.3246356 0.7605757 -0.5622602 -0.3113927 0.8481431 -0.4285885 -0.3816126 0.7605701 -0.5252667 -0.3544847 0.8481386 -0.3937023 -0.4344432 0.7605732 -0.4824807 -0.3937023 0.8481386 -0.3544847 -0.4824807 0.7605732 -0.4344432 -0.4285774 0.8481516 -0.3113846 -0.5252667 0.7605701 -0.3816126 -0.458801 0.8481394 -0.2648795 -0.5622602 0.7605757 -0.3246356 -0.4839664 0.8481466 -0.2154623 -0.5931196 0.760581 -0.2640563 -0.5038471 0.8481381 -0.1637068 -0.6174892 0.7605618 -0.2006313 -0.5181933 0.8481413 -0.1101454 -0.6350723 0.7605669 -0.134986 -0.5268496 0.8481537 -0.05536144 -0.6456981 0.760573 -0.06784451 -0.5297849 0.848132 0 -0.649262 0.7605649 0 -0.5268496 0.8481537 0.05536144 -0.6456981 0.760573 0.06784451 -0.5181933 0.8481413 0.1101454 -0.6350723 0.7605669 0.134986 -0.5038471 0.8481381 0.1637068 -0.6174892 0.7605618 0.2006313 -0.4839789 0.848138 0.2154679 -0.5931196 0.760581 0.2640563 -0.458801 0.8481394 0.2648795 -0.5622811 0.7605627 0.32463 -0.4285774 0.8481516 0.3113846 -0.5252667 0.7605701 0.3816126 -0.3937023 0.8481386 0.3544847 -0.4825041 0.760562 0.4344368 -0.3544847 0.8481386 0.3937023 -0.4344432 0.7605732 0.4824807 -0.3113846 0.8481516 0.4285774 -0.3816126 0.7605701 0.5252667 -0.2648795 0.8481395 0.458801 -0.3246356 0.7605757 0.5622602 -0.2154679 0.848138 0.4839789 -0.2640563 0.760581 0.5931196 -0.1637068 0.8481381 0.5038471 -0.2006313 0.7605618 0.6174892 -0.1101454 0.8481413 0.5181933 -0.134986 0.7605669 0.6350723 0.0438866 0.5440964 -0.8378742 0.08765137 0.5446168 -0.8340923 0.1743571 0.544618 -0.8203603 0.2591728 0.5446231 -0.797631 0.3411127 0.5446145 -0.7661836 0.4193369 0.5446496 -0.7263013 0.4929459 0.5446454 -0.6785025 0.5611889 0.5446169 -0.6232652 0.6232652 0.5446169 -0.5611889 0.6785025 0.5446454 -0.4929459 0.7263013 0.5446496 -0.4193369 0.7661836 0.5446145 -0.3411127 0.797631 0.5446231 -0.2591728 0.8203467 0.5446394 -0.1743541 0.8340923 0.5446168 -0.08765137 0.8386667 0.5446451 0 0.8340923 0.5446168 0.08765137 0.8203603 0.544618 0.1743571 0.7976178 0.5446447 0.2591685 0.7661836 0.5446145 0.3411127 0.7263013 0.5446496 0.4193369 0.6785025 0.5446454 0.4929459 0.6232652 0.5446169 0.5611889 0.5611889 0.5446169 0.6232652 0.4929459 0.5446454 0.6785025 0.4193369 0.5446496 0.7263013 0.3411127 0.5446145 0.7661836 0.2591685 0.5446445 0.7976177 0.1743571 0.544618 0.8203603 0.08765137 0.5446168 0.8340923 0 0.5446451 0.8386667 -0.08765137 0.5446168 0.8340923 -0.1743571 0.544618 0.8203603 -0.2591728 0.5446231 0.797631 -0.3411127 0.5446145 0.7661836 -0.4193369 0.5446496 0.7263013 -0.4929459 0.5446454 0.6785025 -0.5611889 0.5446169 0.6232652 -0.6232652 0.5446169 0.5611889 -0.6785025 0.5446454 0.4929459 -0.7263013 0.5446496 0.4193369 -0.7661836 0.5446145 0.3411127 -0.797631 0.5446231 0.2591728 -0.8203467 0.5446394 0.1743541 -0.8340923 0.5446168 0.08765137 -0.8386667 0.5446451 0 -0.8340923 0.5446168 -0.08765137 -0.8203603 0.544618 -0.1743571 -0.7976178 0.5446447 -0.2591685 -0.7661836 0.5446145 -0.3411127 -0.7263013 0.5446496 -0.4193369 -0.6785025 0.5446454 -0.4929459 -0.6232652 0.5446169 -0.5611889 -0.5611889 0.5446169 -0.6232652 -0.4929459 0.5446454 -0.6785025 -0.4193369 0.5446496 -0.7263013 -0.3411127 0.5446145 -0.7661836 -0.2591685 0.5446445 -0.7976177 -0.1743571 0.544618 -0.8203603 -0.08765137 0.5446168 -0.8340923 -0.0438866 0.5440964 -0.8378742 -0.1564108 0 -0.9876922 0.1564108 0 -0.9876922 -0.1119455 0 -0.9937145 0.1119455 0 -0.9937145 0.222514 0 -0.9749296 0.3302743 0 -0.943885 0.5320384 0 -0.8467203 0.6234773 0 -0.7818415 0.7071068 0 -0.7071068 0.7818415 0 -0.6234773 0.8467203 0 -0.5320384 0.9009695 0 -0.4338826 0.943885 0 -0.3302743 0.9937145 0 -0.1119455 0.9937145 0 0.1119455 0.9749296 0 0.222514 0.943885 0 0.3302743 0.9009695 0 0.4338826 0.8467203 0 0.5320384 0.7071068 0 0.7071068 0.6234773 0 0.7818415 0.5320384 0 0.8467203 0.4338826 0 0.9009695 0.3302743 0 0.943885 0.222514 0 0.9749296 0.1119455 0 0.9937145 0.05606329 0 0.9984273 -0.05606329 0 0.9984273 -0.1119455 0 0.9937145 -0.222514 0 0.9749296 -0.3302743 0 0.943885 -0.4338826 0 0.9009695 -0.5320384 0 0.8467203 -0.6234773 0 0.7818415 -0.7071068 0 0.7071068 -0.8467203 0 0.5320384 -0.9009695 0 0.4338826 -0.943885 0 0.3302743 -0.9749296 0 0.222514 -0.9937145 0 0.1119455 -0.9937145 0 -0.1119455 -0.943885 0 -0.3302743 -0.9009695 0 -0.4338826 -0.8467203 0 -0.5320384 -0.7818415 0 -0.6234773 -0.7071068 0 -0.7071068 -0.6234773 0 -0.7818415 -0.5320384 0 -0.8467203 -0.3302743 0 -0.943885 -0.222514 0 -0.9749296</float_array>
          <technique_common>
            <accessor source="#Body2-mesh-normals-array" count="2390" stride="3">
              <param name="X" type="float"/>
              <param name="Y" type="float"/>
              <param name="Z" type="float"/>
            </accessor>
          </technique_common>
        </source>
        <source id="Body2-mesh-map-0">
          <float_array id="Body2-mesh-map-0-array" count="19236">0 0 0 0 0 0 0 0 0 0 0 0 0 0 0 0 0 0 0 0 0 0 0 0 0 0 0 0 0 0 0 0 0 0 0 0 0 0 0 0 0 0 0 0 0 0 0 0 0 0 0 0 0 0 0 0 0 0 0 0 0 0 0 0 0 0 0 0 0 0 0 0 0 0 0 0 0 0 0 0 0 0 0 0 0 0 0 0 0 0 0 0 0 0 0 0 0 0 0 0 0 0 0 0 0 0 0 0 0 0 0 0 0 0 0 0 0 0 0 0 0 0 0 0 0 0 0 0 0 0 0 0 0 0 0 0 0 0 0 0 0 0 0 0 0 0 0 0 0 0 0 0 0 0 0 0 0 0 0 0 0 0 0 0 0 0 0 0 0 0 0 0 0 0 0 0 0 0 0 0 0 0 0 0 0 0 0 0 0 0 0 0 0 0 0 0 0 0 0 0 0 0 0 0 0 0 0 0 0 0 0 0 0 0 0 0 0 0 0 0 0 0 0 0 0 0 0 0 0 0 0 0 0 0 0 0 0 0 0 0 0 0 0 0 0 0 0 0 0 0 0 0 0 0 0 0 0 0 0 0 0 0 0 0 0 0 0 0 0 0 0 0 0 0 0 0 0 0 0 0 0 0 0 0 0 0 0 0 0 0 0 0 0 0 0 0 0 0 0 0 0 0 0 0 0 0 0 0 0 0 0 0 0 0 0 0 0 0 0 0 0 0 0 0 0 0 0 0 0 0 0 0 0 0 0 0 0 0 0 0 0 0 0 0 0 0 0 0 0 0 0 0 0 0 0 0 0 0 0 0 0 0 0 0 0 0 0 0 0 0 0 0 0 0 0 0 0 0 0 0 0 0 0 0 0 0 0 0 0 0 0 0 0 0 0 0 0 0 0 0 0 0 0 0 0 0 0 0 0 0 0 0 0 0 0 0 0 0 0 0 0 0 0 0 0 0 0 0 0 0 0 0 0 0 0 0 0 0 0 0 0 0 0 0 0 0 0 0 0 0 0 0 0 0 0 0 0 0 0 0 0 0 0 0 0 0 0 0 0 0 0 0 0 0 0 0 0 0 0 0 0 0 0 0 0 0 0 0 0 0 0 0 0 0 0 0 0 0 0 0 0 0 0 0 0 0 0 0 0 0 0 0 0 0 0 0 0 0 0 0 0 0 0 0 0 0 0 0 0 0 0 0 0 0 0 0 0 0 0 0 0 0 0 0 0 0 0 0 0 0 0 0 0 0 0 0 0 0 0 0 0 0 0 0 0 0 0 0 0 0 0 0 0 0 0 0 0 0 0 0 0 0 0 0 0 0 0 0 0 0 0 0 0 0 0 0 0 0 0 0 0 0 0 0 0 0 0 0 0 0 0 0 0 0 0 0 0 0 0 0 0 0 0 0 0 0 0 0 0 0 0 0 0 0 0 0 0 0 0 0 0 0 0 0 0 0 0 0 0 0 0 0 0 0 0 0 0 0 0 0 0 0 0 0 0 0 0 0 0 0 0 0 0 0 0 0 0 0 0 0 0 0 0 0 0 0 0 0 0 0 0 0 0 0 0 0 0 0 0 0 0 0 0 0 0 0 0 0 0 0 0 0 0 0 0 0 0 0 0 0 0 0 0 0 0 0 0 0 0 0 0 0 0 0 0 0 0 0 0 0 0 0 0 0 0 0 0 0 0 0 0 0 0 0 0 0 0 0 0 0 0 0 0 0 0 0 0 0 0 0 0 0 0 0 0 0 0 0 0 0 0 0 0 0 0 0 0 0 0 0 0 0 0 0 0 0 0 0 0 0 0 0 0 0 0 0 0 0 0 0 0 0 0 0 0 0 0 0 0 0 0 0 0 0 0 0 0 0 0 0 0 0 0 0 0 0 0 0 0 0 0 0 0 0 0 0 0 0 0 0 0 0 0 0 0 0 0 0 0 0 0 0 0 0 0 0 0 0 0 0 0 0 0 0 0 0 0 0 0 0 0 0 0 0 0 0 0 0 0 0 0 0 0 0 0 0 0 0 0 0 0 0 0 0 0 0 0 0 0 0 0 0 0 0 0 0 0 0 0 0 0 0 0 0 0 0 0 0 0 0 0 0 0 0 0 0 0 0 0 0 0 0 0 0 0 0 0 0 0 0 0 0 0 0 0 0 0 0 0 0 0 0 0 0 0 0 0 0 0 0 0 0 0 0 0 0 0 0 0 0 0 0 0 0 0 0 0 0 0 0 0 0 0 0 0 0 0 0 0 0 0 0 0 0 0 0 0 0 0 0 0 0 0 0 0 0 0 0 0 0 0 0 0 0 0 0 0 0 0 0 0 0 0 0 0 0 0 0 0 0 0 0 0 0 0 0 0 0 0 0 0 0 0 0 0 0 0 0 0 0 0 0 0 0 0 0 0 0 0 0 0 0 0 0 0 0 0 0 0 0 0 0 0 0 0 0 0 0 0 0 0 0 0 0 0 0 0 0 0 0 0 0 0 0 0 0 0 0 0 0 0 0 0 0 0 0 0 0 0 0 0 0 0 0 0 0 0 0 0 0 0 0 0 0 0 0 0 0 0 0 0 0 0 0 0 0 0 0 0 0 0 0 0 0 0 0 0 0 0 0 0 0 0 0 0 0 0 0 0 0 0 0 0 0 0 0 0 0 0 0 0 0 0 0 0 0 0 0 0 0 0 0 0 0 0 0 0 0 0 0 0 0 0 0 0 0 0 0 0 0 0 0 0 0 0 0 0 0 0 0 0 0 0 0 0 0 0 0 0 0 0 0 0 0 0 0 0 0 0 0 0 0 0 0 0 0 0 0 0 0 0 0 0 0 0 0 0 0 0 0 0 0 0 0 0 0 0 0 0 0 0 0 0 0 0 0 0 0 0 0 0 0 0 0 0 0 0 0 0 0 0 0 0 0 0 0 0 0 0 0 0 0 0 0 0 0 0 0 0 0 0 0 0 0 0 0 0 0 0 0 0 0 0 0 0 0 0 0 0 0 0 0 0 0 0 0 0 0 0 0 0 0 0 0 0 0 0 0 0 0 0 0 0 0 0 0 0 0 0 0 0 0 0 0 0 0 0 0 0 0 0 0 0 0 0 0 0 0 0 0 0 0 0 0 0 0 0 0 0 0 0 0 0 0 0 0 0 0 0 0 0 0 0 0 0 0 0 0 0 0 0 0 0 0 0 0 0 0 0 0 0 0 0 0 0 0 0 0 0 0 0 0 0 0 0 0 0 0 0 0 0 0 0 0 0 0 0 0 0 0 0 0 0 0 0 0 0 0 0 0 0 0 0 0 0 0 0 0 0 0 0 0 0 0 0 0 0 0 0 0 0 0 0 0 0 0 0 0 0 0 0 0 0 0 0 0 0 0 0 0 0 0 0 0 0 0 0 0 0 0 0 0 0 0 0 0 0 0 0 0 0 0 0 0 0 0 0 0 0 0 0 0 0 0 0 0 0 0 0 0 0 0 0 0 0 0 0 0 0 0 0 0 0 0 0 0 0 0 0 0 0 0 0 0 0 0 0 0 0 0 0 0 0 0 0 0 0 0 0 0 0 0 0 0 0 0 0 0 0 0 0 0 0 0 0 0 0 0 0 0 0 0 0 0 0 0 0 0 0 0 0 0 0 0 0 0 0 0 0 0 0 0 0 0 0 0 0 0 0 0 0 0 0 0 0 0 0 0 0 0 0 0 0 0 0 0 0 0 0 0 0 0 0 0 0 0 0 0 0 0 0 0 0 0 0 0 0 0 0 0 0 0 0 0 0 0 0 0 0 0 0 0 0 0 0 0 0 0 0 0 0 0 0 0 0 0 0 0 0 0 0 0 0 0 0 0 0 0 0 0 0 0 0 0 0 0 0 0 0 0 0 0 0 0 0 0 0 0 0 0 0 0 0 0 0 0 0 0 0 0 0 0 0 0 0 0 0 0 0 0 0 0 0 0 0 0 0 0 0 0 0 0 0 0 0 0 0 0 0 0 0 0 0 0 0 0 0 0 0 0 0 0 0 0 0 0 0 0 0 0 0 0 0 0 0 0 0 0 0 0 0 0 0 0 0 0 0 0 0 0 0 0 0 0 0 0 0 0 0 0 0 0 0 0 0 0 0 0 0 0 0 0 0 0 0 0 0 0 0 0 0 0 0 0 0 0 0 0 0 0 0 0 0 0 0 0 0 0 0 0 0 0 0 0 0 0 0 0 0 0 0 0 0 0 0 0 0 0 0 0 0 0 0 0 0 0 0 0 0 0 0 0 0 0 0 0 0 0 0 0 0 0 0 0 0 0 0 0 0 0 0 0 0 0 0 0 0 0 0 0 0 0 0 0 0 0 0 0 0 0 0 0 0 0 0 0 0 0 0 0 0 0 0 0 0 0 0 0 0 0 0 0 0 0 0 0 0 0 0 0 0 0 0 0 0 0 0 0 0 0 0 0 0 0 0 0 0 0 0 0 0 0 0 0 0 0 0 0 0 0 0 0 0 0 0 0 0 0 0 0 0 0 0 0 0 0 0 0 0 0 0 0 0 0 0 0 0 0 0 0 0 0 0 0 0 0 0 0 0 0 0 0 0 0 0 0 0 0 0 0 0 0 0 0 0 0 0 0 0 0 0 0 0 0 0 0 0 0 0 0 0 0 0 0 0 0 0 0 0 0 0 0 0 0 0 0 0 0 0 0 0 0 0 0 0 0 0 0 0 0 0 0 0 0 0 0 0 0 0 0 0 0 0 0 0 0 0 0 0 0 0 0 0 0 0 0 0 0 0 0 0 0 0 0 0 0 0 0 0 0 0 0 0 0 0 0 0 0 0 0 0 0 0 0 0 0 0 0 0 0 0 0 0 0 0 0 0 0 0 0 0 0 0 0 0 0 0 0 0 0 0 0 0 0 0 0 0 0 0 0 0 0 0 0 0 0 0 0 0 0 0 0 0 0 0 0 0 0 0 0 0 0 0 0 0 0 0 0 0 0 0 0 0 0 0 0 0 0 0 0 0 0 0 0 0 0 0 0 0 0 0 0 0 0 0 0 0 0 0 0 0 0 0 0 0 0 0 0 0 0 0 0 0 0 0 0 0 0 0 0 0 0 0 0 0 0 0 0 0 0 0 0 0 0 0 0 0 0 0 0 0 0 0 0 0 0 0 0 0 0 0 0 0 0 0 0 0 0 0 0 0 0 0 0 0 0 0 0 0 0 0 0 0 0 0 0 0 0 0 0 0 0 0 0 0 0 0 0 0 0 0 0 0 0 0 0 0 0 0 0 0 0 0 0 0 0 0 0 0 0 0 0 0 0 0 0 0 0 0 0 0 0 0 0 0 0 0 0 0 0 0 0 0 0 0 0 0 0 0 0 0 0 0 0 0 0 0 0 0 0 0 0 0 0 0 0 0 0 0 0 0 0 0 0 0 0 0 0 0 0 0 0 0 0 0 0 0 0 0 0 0 0 0 0 0 0 0 0 0 0 0 0 0 0 0 0 0 0 0 0 0 0 0 0 0 0 0 0 0 0 0 0 0 0 0 0 0 0 0 0 0 0 0 0 0 0 0 0 0 0 0 0 0 0 0 0 0 0 0 0 0 0 0 0 0 0 0 0 0 0 0 0 0 0 0 0 0 0 0 0 0 0 0 0 0 0 0 0 0 0 0 0 0 0 0 0 0 0 0 0 0 0 0 0 0 0 0 0 0 0 0 0 0 0 0 0 0 0 0 0 0 0 0 0 0 0 0 0 0 0 0 0 0 0 0 0 0 0 0 0 0 0 0 0 0 0 0 0 0 0 0 0 0 0 0 0 0 0 0 0 0 0 0 0 0 0 0 0 0 0 0 0 0 0 0 0 0 0 0 0 0 0 0 0 0 0 0 0 0 0 0 0 0 0 0 0 0 0 0 0 0 0 0 0 0 0 0 0 0 0 0 0 0 0 0 0 0 0 0 0 0 0 0 0 0 0 0 0 0 0 0 0 0 0 0 0 0 0 0 0 0 0 0 0 0 0 0 0 0 0 0 0 0 0 0 0 0 0 0 0 0 0 0 0 0 0 0 0 0 0 0 0 0 0 0 0 0 0 0 0 0 0 0 0 0 0 0 0 0 0 0 0 0 0 0 0 0 0 0 0 0 0 0 0 0 0 0 0 0 0 0 0 0 0 0 0 0 0 0 0 0 0 0 0 0 0 0 0 0 0 0 0 0 0 0 0 0 0 0 0 0 0 0 0 0 0 0 0 0 0 0 0 0 0 0 0 0 0 0 0 0 0 0 0 0 0 0 0 0 0 0 0 0 0 0 0 0 0 0 0 0 0 0 0 0 0 0 0 0 0 0 0 0 0 0 0 0 0 0 0 0 0 0 0 0 0 0 0 0 0 0 0 0 0 0 0 0 0 0 0 0 0 0 0 0 0 0 0 0 0 0 0 0 0 0 0 0 0 0 0 0 0 0 0 0 0 0 0 0 0 0 0 0 0 0 0 0 0 0 0 0 0 0 0 0 0 0 0 0 0 0 0 0 0 0 0 0 0 0 0 0 0 0 0 0 0 0 0 0 0 0 0 0 0 0 0 0 0 0 0 0 0 0 0 0 0 0 0 0 0 0 0 0 0 0 0 0 0 0 0 0 0 0 0 0 0 0 0 0 0 0 0 0 0 0 0 0 0 0 0 0 0 0 0 0 0 0 0 0 0 0 0 0 0 0 0 0 0 0 0 0 0 0 0 0 0 0 0 0 0 0 0 0 0 0 0 0 0 0 0 0 0 0 0 0 0 0 0 0 0 0 0 0 0 0 0 0 0 0 0 0 0 0 0 0 0 0 0 0 0 0 0 0 0 0 0 0 0 0 0 0 0 0 0 0 0 0 0 0 0 0 0 0 0 0 0 0 0 0 0 0 0 0 0 0 0 0 0 0 0 0 0 0 0 0 0 0 0 0 0 0 0 0 0 0 0 0 0 0 0 0 0 0 0 0 0 0 0 0 0 0 0 0 0 0 0 0 0 0 0 0 0 0 0 0 0 0 0 0 0 0 0 0 0 0 0 0 0 0 0 0 0 0 0 0 0 0 0 0 0 0 0 0 0 0 0 0 0 0 0 0 0 0 0 0 0 0 0 0 0 0 0 0 0 0 0 0 0 0 0 0 0 0 0 0 0 0 0 0 0 0 0 0 0 0 0 0 0 0 0 0 0 0 0 0 0 0 0 0 0 0 0 0 0 0 0 0 0 0 0 0 0 0 0 0 0 0 0 0 0 0 0 0 0 0 0 0 0 0 0 0 0 0 0 0 0 0 0 0 0 0 0 0 0 0 0 0 0 0 0 0 0 0 0 0 0 0 0 0 0 0 0 0 0 0 0 0 0 0 0 0 0 0 0 0 0 0 0 0 0 0 0 0 0 0 0 0 0 0 0 0 0 0 0 0 0 0 0 0 0 0 0 0 0 0 0 0 0 0 0 0 0 0 0 0 0 0 0 0 0 0 0 0 0 0 0 0 0 0 0 0 0 0 0 0 0 0 0 0 0 0 0 0 0 0 0 0 0 0 0 0 0 0 0 0 0 0 0 0 0 0 0 0 0 0 0 0 0 0 0 0 0 0 0 0 0 0 0 0 0 0 0 0 0 0 0 0 0 0 0 0 0 0 0 0 0 0 0 0 0 0 0 0 0 0 0 0 0 0 0 0 0 0 0 0 0 0 0 0 0 0 0 0 0 0 0 0 0 0 0 0 0 0 0 0 0 0 0 0 0 0 0 0 0 0 0 0 0 0 0 0 0 0 0 0 0 0 0 0 0 0 0 0 0 0 0 0 0 0 0 0 0 0 0 0 0 0 0 0 0 0 0 0 0 0 0 0 0 0 0 0 0 0 0 0 0 0 0 0 0 0 0 0 0 0 0 0 0 0 0 0 0 0 0 0 0 0 0 0 0 0 0 0 0 0 0 0 0 0 0 0 0 0 0 0 0 0 0 0 0 0 0 0 0 0 0 0 0 0 0 0 0 0 0 0 0 0 0 0 0 0 0 0 0 0 0 0 0 0 0 0 0 0 0 0 0 0 0 0 0 0 0 0 0 0 0 0 0 0 0 0 0 0 0 0 0 0 0 0 0 0 0 0 0 0 0 0 0 0 0 0 0 0 0 0 0 0 0 0 0 0 0 0 0 0 0 0 0 0 0 0 0 0 0 0 0 0 0 0 0 0 0 0 0 0 0 0 0 0 0 0 0 0 0 0 0 0 0 0 0 0 0 0 0 0 0 0 0 0 0 0 0 0 0 0 0 0 0 0 0 0 0 0 0 0 0 0 0 0 0 0 0 0 0 0 0 0 0 0 0 0 0 0 0 0 0 0 0 0 0 0 0 0 0 0 0 0 0 0 0 0 0 0 0 0 0 0 0 0 0 0 0 0 0 0 0 0 0 0 0 0 0 0 0 0 0 0 0 0 0 0 0 0 0 0 0 0 0 0 0 0 0 0 0 0 0 0 0 0 0 0 0 0 0 0 0 0 0 0 0 0 0 0 0 0 0 0 0 0 0 0 0 0 0 0 0 0 0 0 0 0 0 0 0 0 0 0 0 0 0 0 0 0 0 0 0 0 0 0 0 0 0 0 0 0 0 0 0 0 0 0 0 0 0 0 0 0 0 0 0 0 0 0 0 0 0 0 0 0 0 0 0 0 0 0 0 0 0 0 0 0 0 0 0 0 0 0 0 0 0 0 0 0 0 0 0 0 0 0 0 0 0 0 0 0 0 0 0 0 0 0 0 0 0 0 0 0 0 0 0 0 0 0 0 0 0 0 0 0 0 0 0 0 0 0 0 0 0 0 0 0 0 0 0 0 0 0 0 0 0 0 0 0 0 0 0 0 0 0 0 0 0 0 0 0 0 0 0 0 0 0 0 0 0 0 0 0 0 0 0 0 0 0 0 0 0 0 0 0 0 0 0 0 0 0 0 0 0 0 0 0 0 0 0 0 0 0 0 0 0 0 0 0 0 0 0 0 0 0 0 0 0 0 0 0 0 0 0 0 0 0 0 0 0 0 0 0 0 0 0 0 0 0 0 0 0 0 0 0 0 0 0 0 0 0 0 0 0 0 0 0 0 0 0 0 0 0 0 0 0 0 0 0 0 0 0 0 0 0 0 0 0 0 0 0 0 0 0 0 0 0 0 0 0 0 0 0 0 0 0 0 0 0 0 0 0 0 0 0 0 0 0 0 0 0 0 0 0 0 0 0 0 0 0 0 0 0 0 0 0 0 0 0 0 0 0 0 0 0 0 0 0 0 0 0 0 0 0 0 0 0 0 0 0 0 0 0 0 0 0 0 0 0 0 0 0 0 0 0 0 0 0 0 0 0 0 0 0 0 0 0 0 0 0 0 0 0 0 0 0 0 0 0 0 0 0 0 0 0 0 0 0 0 0 0 0 0 0 0 0 0 0 0 0 0 0 0 0 0 0 0 0 0 0 0 0 0 0 0 0 0 0 0 0 0 0 0 0 0 0 0 0 0 0 0 0 0 0 0 0 0 0 0 0 0 0 0 0 0 0 0 0 0 0 0 0 0 0 0 0 0 0 0 0 0 0 0 0 0 0 0 0 0 0 0 0 0 0 0 0 0 0 0 0 0 0 0 0 0 0 0 0 0 0 0 0 0 0 0 0 0 0 0 0 0 0 0 0 0 0 0 0 0 0 0 0 0 0 0 0 0 0 0 0 0 0 0 0 0 0 0 0 0 0 0 0 0 0 0 0 0 0 0 0 0 0 0 0 0 0 0 0 0 0 0 0 0 0 0 0 0 0 0 0 0 0 0 0 0 0 0 0 0 0 0 0 0 0 0 0 0 0 0 0 0 0 0 0 0 0 0 0 0 0 0 0 0 0 0 0 0 0 0 0 0 0 0 0 0 0 0 0 0 0 0 0 0 0 0 0 0 0 0 0 0 0 0 0 0 0 0 0 0 0 0 0 0 0 0 0 0 0 0 0 0 0 0 0 0 0 0 0 0 0 0 0 0 0 0 0 0 0 0 0 0 0 0 0 0 0 0 0 0 0 0 0 0 0 0 0 0 0 0 0 0 0 0 0 0 0 0 0 0 0 0 0 0 0 0 0 0 0 0 0 0 0 0 0 0 0 0 0 0 0 0 0 0 0 0 0 0 0 0 0 0 0 0 0 0 0 0 0 0 0 0 0 0 0 0 0 0 0 0 0 0 0 0 0 0 0 0 0 0 0 0 0 0 0 0 0 0 0 0 0 0 0 0 0 0 0 0 0 0 0 0 0 0 0 0 0 0 0 0 0 0 0 0 0 0 0 0 0 0 0 0 0 0 0 0 0 0 0 0 0 0 0 0 0 0 0 0 0 0 0 0 0 0 0 0 0 0 0 0 0 0 0 0 0 0 0 0 0 0 0 0 0 0 0 0 0 0 0 0 0 0 0 0 0 0 0 0 0 0 0 0 0 0 0 0 0 0 0 0 0 0 0 0 0 0 0 0 0 0 0 0 0 0 0 0 0 0 0 0 0 0 0 0 0 0 0 0 0 0 0 0 0 0 0 0 0 0 0 0 0 0 0 0 0 0 0 0 0 0 0 0 0 0 0 0 0 0 0 0 0 0 0 0 0 0 0 0 0 0 0 0 0 0 0 0 0 0 0 0 0 0 0 0 0 0 0 0 0 0 0 0 0 0 0 0 0 0 0 0 0 0 0 0 0 0 0 0 0 0 0 0 0 0 0 0 0 0 0 0 0 0 0 0 0 0 0 0 0 0 0 0 0 0 0 0 0 0 0 0 0 0 0 0 0 0 0 0 0 0 0 0 0 0 0 0 0 0 0 0 0 0 0 0 0 0 0 0 0 0 0 0 0 0 0 0 0 0 0 0 0 0 0 0 0 0 0 0 0 0 0 0 0 0 0 0 0 0 0 0 0 0 0 0 0 0 0 0 0 0 0 0 0 0 0 0 0 0 0 0 0 0 0 0 0 0 0 0 0 0 0 0 0 0 0 0 0 0 0 0 0 0 0 0 0 0 0 0 0 0 0 0 0 0 0 0 0 0 0 0 0 0 0 0 0 0 0 0 0 0 0 0 0 0 0 0 0 0 0 0 0 0 0 0 0 0 0 0 0 0 0 0 0 0 0 0 0 0 0 0 0 0 0 0 0 0 0 0 0 0 0 0 0 0 0 0 0 0 0 0 0 0 0 0 0 0 0 0 0 0 0 0 0 0 0 0 0 0 0 0 0 0 0 0 0 0 0 0 0 0 0 0 0 0 0 0 0 0 0 0 0 0 0 0 0 0 0 0 0 0 0 0 0 0 0 0 0 0 0 0 0 0 0 0 0 0 0 0 0 0 0 0 0 0 0 0 0 0 0 0 0 0 0 0 0 0 0 0 0 0 0 0 0 0 0 0 0 0 0 0 0 0 0 0 0 0 0 0 0 0 0 0 0 0 0 0 0 0 0 0 0 0 0 0 0 0 0 0 0 0 0 0 0 0 0 0 0 0 0 0 0 0 0 0 0 0 0 0 0 0 0 0 0 0 0 0 0 0 0 0 0 0 0 0 0 0 0 0 0 0 0 0 0 0 0 0 0 0 0 0 0 0 0 0 0 0 0 0 0 0 0 0 0 0 0 0 0 0 0 0 0 0 0 0 0 0 0 0 0 0 0 0 0 0 0 0 0 0 0 0 0 0 0 0 0 0 0 0 0 0 0 0 0 0 0 0 0 0 0 0 0 0 0 0 0 0 0 0 0 0 0 0 0 0 0 0 0 0 0 0 0 0 0 0 0 0 0 0 0 0 0 0 0 0 0 0 0 0 0 0 0 0 0 0 0 0 0 0 0 0 0 0 0 0 0 0 0 0 0 0 0 0 0 0 0 0 0 0 0 0 0 0 0 0 0 0 0 0 0 0 0 0 0 0 0 0 0 0 0 0 0 0 0 0 0 0 0 0 0 0 0 0 0 0 0 0 0 0 0 0 0 0 0 0 0 0 0 0 0 0 0 0 0 0 0 0 0 0 0 0 0 0 0 0 0 0 0 0 0 0 0 0 0 0 0 0 0 0 0 0 0 0 0 0 0 0 0 0 0 0 0 0 0 0 0 0 0 0 0 0 0 0 0 0 0 0 0 0 0 0 0 0 0 0 0 0 0 0 0 0 0 0 0 0 0 0 0 0 0 0 0 0 0 0 0 0 0 0 0 0 0 0 0 0 0 0 0 0 0 0 0 0 0 0 0 0 0 0 0 0 0 0 0 0 0 0 0 0 0 0 0 0 0 0 0 0 0 0 0 0 0 0 0 0 0 0 0 0 0 0 0 0 0 0 0 0 0 0 0 0 0 0 0 0 0 0 0 0 0 0 0 0 0 0 0 0 0 0 0 0 0 0 0 0 0 0 0 0 0 0 0 0 0 0 0 0 0 0 0 0 0 0 0 0 0 0 0 0 0 0 0 0 0 0 0 0 0 0 0 0 0 0 0 0 0 0 0 0 0 0 0 0 0 0 0 0 0 0 0 0 0 0 0 0 0 0 0 0 0 0 0 0 0 0 0 0 0 0 0 0 0 0 0 0 0 0 0 0 0 0 0 0 0 0 0 0 0 0 0 0 0 0 0 0 0 0 0 0 0 0 0 0 0 0 0 0 0 0 0 0 0 0 0 0 0 0 0 0 0 0 0 0 0 0 0 0 0 0 0 0 0 0 0 0 0 0 0 0 0 0 0 0 0 0 0 0 0 0 0 0 0 0 0 0 0 0 0 0 0 0 0 0 0 0 0 0 0 0 0 0 0 0 0 0 0 0 0 0 0 0 0 0 0 0 0 0 0 0 0 0 0 0 0 0 0 0 0 0 0 0 0 0 0 0 0 0 0 0 0 0 0 0 0 0 0 0 0 0 0 0 0 0 0 0 0 0 0 0 0 0 0 0 0 0 0 0 0 0 0 0 0 0 0 0 0 0 0 0 0 0 0 0 0 0 0 0 0 0 0 0 0 0 0 0 0 0 0 0 0 0 0 0 0 0 0 0 0 0 0 0 0 0 0 0 0 0 0 0 0 0 0 0 0 0 0 0 0 0 0 0 0 0 0 0 0 0 0 0 0 0 0 0 0 0 0 0 0 0 0 0 0 0 0 0 0 0 0 0 0 0 0 0 0 0 0 0 0 0 0 0 0 0 0 0 0 0 0 0 0 0 0 0 0 0 0 0 0 0 0 0 0 0 0 0 0 0 0 0 0 0 0 0 0 0 0 0 0 0 0 0 0 0 0 0 0 0 0 0 0 0 0 0 0 0 0 0 0 0 0 0 0 0 0 0 0 0 0 0 0 0 0 0 0 0 0 0 0 0 0 0 0 0 0 0 0 0 0 0 0 0 0 0 0 0 0 0 0 0 0 0 0 0 0 0 0 0 0 0 0 0 0 0 0 0 0 0 0 0 0 0 0 0 0 0 0 0 0 0 0 0 0 0 0 0 0 0 0 0 0 0 0 0 0 0 0 0 0 0 0 0 0 0 0 0 0 0 0 0 0 0 0 0 0 0 0 0 0 0 0 0 0 0 0 0 0 0 0 0 0 0 0 0 0 0 0 0 0 0 0 0 0 0 0 0 0 0 0 0 0 0 0 0 0 0 0 0 0 0 0 0 0 0 0 0 0 0 0 0 0 0 0 0 0 0 0 0 0 0 0 0 0 0 0 0 0 0 0 0 0 0 0 0 0 0 0 0 0 0 0 0 0 0 0 0 0 0 0 0 0 0 0 0 0 0 0 0 0 0 0 0 0 0 0 0 0 0 0 0 0 0 0 0 0 0 0 0 0 0 0 0 0 0 0 0 0 0 0 0 0 0 0 0 0 0 0 0 0 0 0 0 0 0 0 0 0 0 0 0 0 0 0 0 0 0 0 0 0 0 0 0 0 0 0 0 0 0 0 0 0 0 0 0 0 0 0 0 0 0 0 0 0 0 0 0 0 0 0 0 0 0 0 0 0 0 0 0 0 0 0 0 0 0 0 0 0 0 0 0 0 0 0 0 0 0 0 0 0 0 0 0 0 0 0 0 0 0 0 0 0 0 0 0 0 0 0 0 0 0 0 0 0 0 0 0 0 0 0 0 0 0 0 0 0 0 0 0 0 0 0 0 0 0 0 0 0 0 0 0 0 0 0 0 0 0 0 0 0 0 0 0 0 0 0 0 0 0 0 0 0 0 0 0 0 0 0 0 0 0 0 0 0 0 0 0 0 0 0 0 0 0 0 0 0 0 0 0 0 0 0 0 0 0 0 0 0 0 0 0 0 0 0 0 0 0 0 0 0 0 0 0 0 0 0 0 0 0 0 0 0 0 0 0 0 0 0 0 0 0 0 0 0 0 0 0 0 0 0 0 0 0 0 0 0 0 0 0 0 0 0 0 0 0 0 0 0 0 0 0 0 0 0 0 0 0 0 0 0 0 0 0 0 0 0 0 0 0 0 0 0 0 0 0 0 0 0 0 0 0 0 0 0 0 0 0 0 0 0 0 0 0 0 0 0 0 0 0 0 0 0 0 0 0 0 0 0 0 0 0 0 0 0 0 0 0 0 0 0 0 0 0 0 0 0 0 0 0 0 0 0 0 0 0 0 0 0 0 0 0 0 0 0 0 0 0 0 0 0 0 0 0 0 0 0 0 0 0 0 0 0 0 0 0 0 0 0 0 0 0 0 0 0 0 0 0 0 0 0 0 0 0 0 0 0 0 0 0 0 0 0 0 0 0 0 0 0 0 0 0 0 0 0 0 0 0 0 0 0 0 0 0 0 0 0 0 0 0 0 0 0 0 0 0 0 0 0 0 0 0 0 0 0 0 0 0 0 0 0 0 0 0 0 0 0 0 0 0 0 0 0 0 0 0 0 0 0 0 0 0 0 0 0 0 0 0 0 0 0 0 0 0 0 0 0 0 0 0 0 0 0 0 0 0 0 0 0 0 0 0 0 0 0 0 0 0 0 0 0 0 0 0 0 0 0 0 0 0 0 0 0 0 0 0 0 0 0 0 0 0 0 0 0 0 0 0 0 0 0 0 0 0 0 0 0 0 0 0 0 0 0 0 0 0 0 0 0 0 0 0 0 0 0 0 0 0 0 0 0 0 0 0 0 0 0 0 0 0 0 0 0 0 0 0 0 0 0 0 0 0 0 0 0 0 0 0 0 0 0 0 0 0 0 0 0 0 0 0 0 0 0 0 0 0 0 0 0 0 0 0 0 0 0 0 0 0 0 0 0 0 0 0 0 0 0 0 0 0 0 0 0 0 0 0 0 0 0 0 0 0 0 0 0 0 0 0 0 0 0 0 0 0 0 0 0 0 0 0 0 0 0 0 0 0 0 0 0 0 0 0 0 0 0 0 0 0 0 0 0 0 0 0 0 0 0 0 0 0 0 0 0 0 0 0 0 0 0 0 0 0 0 0 0 0 0 0 0 0 0 0 0 0 0 0 0 0 0 0 0 0 0 0 0 0 0 0 0 0 0 0 0 0 0 0 0 0 0 0 0 0 0 0 0 0 0 0 0 0 0 0 0 0 0 0 0 0 0 0 0 0 0 0 0 0 0 0 0 0 0 0 0 0 0 0 0 0 0 0 0 0 0 0 0 0 0 0 0 0 0 0 0 0 0 0 0 0 0 0 0 0 0 0 0 0 0 0 0 0 0 0 0 0 0 0 0 0 0 0 0 0 0 0 0 0 0 0 0 0 0 0 0 0 0 0 0 0 0 0 0 0 0 0 0 0 0 0 0 0 0 0 0 0 0 0 0 0 0 0 0 0 0 0 0 0 0 0 0 0 0 0 0 0 0 0 0 0 0 0 0 0 0 0 0 0 0 0 0 0 0 0 0 0 0 0 0 0 0 0 0 0 0 0 0 0 0 0 0 0 0 0 0 0 0 0 0 0 0 0 0 0 0 0 0 0 0 0 0 0 0 0 0 0 0 0 0 0 0 0 0 0 0 0 0 0 0 0 0 0 0 0 0 0 0 0 0 0 0 0 0 0 0 0 0 0 0 0 0 0 0 0 0 0 0 0 0 0 0 0 0 0 0 0 0 0 0 0 0 0 0 0 0 0 0 0 0 0 0 0 0 0 0 0 0 0 0 0 0 0 0 0 0 0 0 0 0 0 0 0 0 0 0 0 0 0 0 0 0 0 0 0 0 0 0 0 0 0 0 0 0 0 0 0 0 0 0 0 0 0 0 0 0 0 0 0 0 0 0 0 0 0 0 0 0 0 0 0 0 0 0 0 0 0 0 0 0 0 0 0 0 0 0 0 0 0 0 0 0 0 0 0 0 0 0 0 0 0 0 0 0 0 0 0 0 0 0 0 0 0 0 0 0 0 0 0 0 0 0 0 0 0 0 0 0 0 0 0 0 0 0 0 0 0 0 0 0 0 0 0 0 0 0 0 0 0 0 0 0 0 0 0 0 0 0 0 0 0 0 0 0 0 0 0 0 0 0 0 0 0 0 0 0 0 0 0 0 0 0 0 0 0 0 0 0 0 0 0 0 0 0 0 0 0 0 0 0 0 0 0 0 0 0 0 0 0 0 0 0 0 0 0 0 0 0 0 0 0 0 0 0 0 0 0 0 0 0 0 0 0 0 0 0 0 0 0 0 0 0 0 0 0 0 0 0 0 0 0 0 0 0 0 0 0 0 0 0 0 0 0 0 0 0 0 0 0 0 0 0 0 0 0 0 0 0 0 0 0 0 0 0 0 0 0 0 0 0 0 0 0 0 0 0 0 0 0 0 0 0 0 0 0 0 0 0 0 0 0 0 0 0 0 0 0 0 0 0 0 0 0 0 0 0 0 0 0 0 0 0 0 0 0 0 0 0 0 0 0 0 0 0 0 0 0 0 0 0 0 0 0 0 0 0 0 0 0 0 0 0 0 0 0 0 0 0 0 0 0 0 0 0 0 0 0 0 0 0 0 0 0 0 0 0 0 0 0 0 0 0 0 0 0 0 0 0 0 0 0 0 0 0 0 0 0 0 0 0 0 0 0 0 0 0 0 0 0 0 0 0 0 0 0 0 0 0 0 0 0 0 0 0 0 0 0 0 0 0 0 0 0 0 0 0 0 0 0 0 0 0 0 0 0 0 0 0 0 0 0 0 0 0 0 0 0 0 0 0 0 0 0 0 0 0 0 0 0 0 0 0 0 0 0 0 0 0 0 0 0 0 0 0 0 0 0 0 0 0 0 0 0 0 0 0 0 0 0 0 0 0 0 0 0 0 0 0 0 0 0 0 0 0 0 0 0 0 0 0 0 0 0 0 0 0 0 0 0 0 0 0 0 0 0 0 0 0 0 0 0 0 0 0 0 0 0 0 0 0 0 0 0 0 0 0 0 0 0 0 0 0 0 0 0 0 0 0 0 0 0 0 0 0 0 0 0 0 0 0 0 0 0 0 0 0 0 0 0 0 0 0 0 0 0 0 0 0 0 0 0 0 0 0 0 0 0 0 0 0 0 0 0 0 0 0 0 0 0 0 0 0 0 0 0 0 0 0 0 0 0 0 0 0 0 0 0 0 0 0 0 0 0 0 0 0 0 0 0 0 0 0 0 0 0 0 0 0 0 0 0 0 0 0 0 0 0 0 0 0 0 0 0 0 0 0 0 0 0 0 0 0 0 0 0 0 0 0 0 0 0 0 0 0 0 0 0 0 0 0 0 0 0 0 0 0 0 0 0 0 0 0 0 0 0 0 0 0 0 0 0 0 0 0 0 0 0 0 0 0 0 0 0 0 0 0 0 0 0 0 0 0 0 0 0 0 0 0 0 0 0 0 0 0 0 0 0 0 0 0 0 0 0 0 0 0 0 0 0 0 0 0 0 0 0 0 0 0 0 0 0 0 0 0 0 0 0 0 0 0 0 0 0 0 0 0 0 0 0 0 0 0 0 0 0 0 0 0 0 0 0 0 0 0 0 0 0 0 0 0 0 0 0 0 0 0 0 0 0 0 0 0 0 0 0 0 0 0 0 0 0 0 0 0 0 0 0 0 0 0 0 0 0 0 0 0 0 0 0 0 0 0 0 0 0 0 0 0 0 0 0 0 0 0 0 0 0 0 0 0 0 0 0 0 0 0 0 0 0 0 0 0 0 0 0 0 0 0 0 0 0 0 0 0 0 0 0 0 0 0 0 0 0 0 0 0 0 0 0 0 0 0 0 0 0 0 0 0 0 0 0 0 0 0 0 0 0 0 0 0 0 0 0 0 0 0 0 0 0 0 0 0 0 0 0 0 0 0 0 0 0 0 0 0 0 0 0 0 0 0 0 0 0 0 0 0 0 0 0 0 0 0 0 0 0 0 0 0 0 0 0 0 0 0 0 0 0 0 0 0 0 0 0 0 0 0 0 0 0 0 0 0 0 0 0 0 0 0 0 0 0 0 0 0 0 0 0 0 0 0 0 0 0 0 0 0 0 0 0 0 0 0 0 0 0 0 0 0 0 0 0 0 0 0 0 0 0 0 0 0 0 0 0 0 0 0 0 0 0 0 0 0 0 0 0 0 0 0 0 0 0 0 0 0 0 0 0 0 0 0 0 0 0 0 0 0 0 0 0 0 0 0 0 0 0 0 0 0 0 0 0 0 0 0 0 0 0 0 0 0 0 0 0 0 0 0 0 0 0 0 0 0 0 0 0 0 0 0 0 0 0 0 0 0 0 0 0 0 0 0 0 0 0 0 0 0 0 0 0 0 0 0 0 0 0 0 0 0 0 0 0 0 0 0 0 0 0 0 0 0 0 0 0 0 0 0 0 0 0 0 0 0 0 0 0 0 0 0 0 0 0 0 0 0 0 0 0 0 0 0 0 0 0 0 0 0 0 0 0 0 0 0 0 0 0 0 0 0 0 0 0 0 0 0 0 0 0 0 0 0 0 0 0 0 0 0 0 0 0 0 0 0 0 0 0 0 0 0 0 0 0 0 0 0 0 0 0 0 0 0 0 0 0 0 0 0 0 0 0 0 0 0 0 0 0 0 0 0 0 0 0 0 0 0 0 0 0 0 0 0 0 0 0 0 0 0 0 0 0 0 0 0 0 0 0 0 0 0 0 0 0 0 0 0 0 0 0 0 0 0 0 0 0 0 0 0 0 0 0 0 0 0 0 0 0 0 0 0 0 0 0 0 0 0 0 0 0 0 0 0 0 0 0 0 0 0 0 0 0 0 0 0 0 0 0 0 0 0 0 0 0 0 0 0 0 0 0 0 0 0 0 0 0 0 0 0 0 0 0 0 0 0 0 0 0 0 0 0 0 0 0 0 0 0 0 0 0 0 0 0 0 0 0 0 0 0 0 0 0 0 0 0 0 0 0 0 0 0 0 0 0 0 0 0 0 0 0 0 0 0 0 0 0 0 0 0 0 0 0 0 0 0 0 0 0 0 0 0 0 0 0 0 0 0 0 0 0 0 0 0 0 0 0 0 0 0 0 0 0 0 0 0 0 0 0 0 0 0 0 0 0 0 0 0 0 0 0 0 0 0 0 0 0 0 0 0 0 0 0 0 0 0 0 0 0 0 0 0 0 0 0 0 0 0 0 0 0 0 0 0 0 0 0 0 0 0 0 0 0 0 0 0 0 0 0 0 0 0 0 0 0 0 0 0 0 0 0 0 0 0 0 0 0 0 0 0 0 0 0 0 0 0 0 0 0 0 0 0 0 0 0 0 0 0 0 0 0 0 0 0 0 0 0 0 0 0 0 0 0 0 0 0 0 0 0 0 0 0 0 0 0 0 0 0 0 0 0 0 0 0 0 0 0 0 0 0 0 0 0 0 0 0 0 0 0 0 0 0 0 0 0 0 0 0 0 0 0 0 0 0 0 0 0 0 0 0 0 0 0 0 0 0 0 0 0 0 0 0 0 0 0 0 0 0 0 0 0 0 0 0 0 0 0 0 0 0 0 0 0 0 0 0 0 0 0 0 0 0 0 0 0 0 0 0 0 0 0 0 0 0 0 0 0 0 0 0 0 0 0 0 0 0 0 0 0 0 0 0 0 0 0 0 0 0 0 0 0 0 0 0 0 0 0 0 0 0 0 0 0 0 0 0 0 0 0 0 0 0 0 0 0 0 0 0 0 0 0 0 0 0 0 0 0 0 0 0 0 0 0 0 0 0 0 0 0 0 0 0 0 0 0 0 0 0 0 0 0 0 0 0 0 0 0 0 0 0 0 0 0 0 0 0 0 0 0 0 0 0 0 0 0 0 0 0 0 0 0 0 0 0 0 0 0 0 0 0 0 0 0 0 0 0 0 0 0 0 0 0 0 0 0 0 0 0 0 0 0 0 0 0 0 0 0 0 0 0 0 0 0 0 0 0 0 0 0 0 0 0 0 0 0 0 0 0 0 0 0 0 0 0 0 0 0 0 0 0 0 0 0 0 0 0 0 0 0 0 0 0 0 0 0 0 0 0 0 0 0 0 0 0 0 0 0 0 0 0 0 0 0 0 0 0 0 0 0 0 0 0 0 0 0 0 0 0 0 0 0 0 0 0 0 0 0 0 0 0 0 0 0 0 0 0 0 0 0 0 0 0 0 0 0 0 0 0 0 0 0 0 0 0 0 0 0 0 0 0 0 0 0 0 0 0 0 0 0 0 0 0 0 0 0 0 0 0 0 0 0 0 0 0 0 0 0 0 0 0 0 0 0 0 0 0 0 0 0 0 0 0 0 0 0 0 0 0 0 0 0 0 0 0 0 0 0 0 0 0 0 0 0 0 0 0 0 0 0 0 0 0 0 0 0 0 0 0 0 0 0 0 0 0 0 0 0 0 0 0 0 0 0 0 0 0 0 0 0 0 0 0 0 0 0 0 0 0 0 0 0 0 0 0 0 0 0 0 0 0 0 0 0 0 0 0 0 0 0 0 0 0 0 0 0 0 0 0 0 0 0 0 0 0 0 0 0 0 0 0 0 0 0 0 0 0 0 0 0 0 0 0 0 0 0 0 0 0 0 0 0 0 0 0 0 0 0 0 0 0 0 0 0 0 0 0 0 0 0 0 0 0 0 0 0 0 0 0 0 0 0 0 0 0 0 0 0 0 0 0 0 0 0 0 0 0 0 0 0 0 0 0 0 0 0 0 0 0 0 0 0 0 0 0 0 0 0 0 0 0 0 0 0 0 0 0 0 0 0 0 0 0 0 0 0 0 0 0 0 0 0 0 0 0 0 0 0 0 0 0 0 0 0 0 0 0 0 0 0 0 0 0 0 0 0 0 0 0 0 0 0 0 0 0 0 0 0 0 0 0 0 0 0 0 0 0 0 0 0 0 0 0 0 0 0 0 0 0 0 0 0 0 0 0 0 0 0 0 0 0 0 0 0 0 0 0 0 0 0 0 0 0 0 0 0 0 0 0 0 0 0 0 0 0 0 0 0 0 0 0 0 0 0 0 0 0 0 0 0 0 0 0 0 0 0 0 0 0 0 0 0 0 0 0 0 0 0 0 0 0 0 0 0 0 0 0 0 0 0 0 0 0 0 0 0 0 0 0 0 0 0 0 0 0 0 0 0 0 0 0 0 0 0 0 0 0 0 0 0 0 0 0 0 0 0 0 0 0 0 0 0 0 0 0 0 0 0 0 0 0 0 0 0 0 0 0 0 0 0 0 0 0 0 0 0 0 0 0 0 0 0 0 0 0 0 0 0 0 0 0 0 0 0 0 0 0 0 0 0 0 0 0 0 0 0 0 0 0 0 0 0 0 0 0 0 0 0 0 0 0 0 0 0 0 0 0 0 0 0 0 0 0 0 0 0 0 0 0 0 0 0 0 0 0 0 0 0 0 0 0 0 0 0 0 0 0 0 0 0 0 0 0 0 0 0 0 0 0 0 0 0 0 0 0 0 0 0 0 0 0 0 0 0 0 0 0 0 0 0 0 0 0 0 0 0 0 0 0 0 0 0 0 0 0 0 0 0 0 0 0 0 0 0 0 0 0 0 0 0 0 0 0 0 0 0 0 0 0 0 0 0 0 0 0 0 0 0 0 0 0 0 0 0 0 0 0 0 0 0 0 0 0 0 0 0 0 0 0 0 0 0 0 0 0 0 0 0 0 0 0 0 0 0 0 0 0 0 0 0 0 0 0 0 0 0 0 0 0 0 0 0 0 0 0 0 0 0 0 0 0 0 0 0 0 0 0 0 0 0 0 0 0 0 0 0 0 0 0 0 0 0 0 0 0 0 0 0 0 0 0 0 0 0 0 0 0 0 0 0 0 0 0 0 0 0 0 0 0 0 0 0 0 0 0 0 0 0 0 0 0 0 0 0 0 0 0 0 0 0 0 0 0 0 0 0 0 0 0 0 0 0 0 0 0 0 0 0 0 0 0 0 0 0 0 0 0 0 0 0 0 0 0 0 0 0 0 0 0 0 0 0 0 0 0 0 0 0 0 0 0 0 0 0 0 0 0 0 0 0 0 0 0 0 0 0 0 0 0 0 0 0 0 0 0 0 0 0 0 0 0 0 0 0 0 0 0 0 0 0 0 0 0 0 0 0 0 0 0 0 0 0 0 0 0 0 0 0 0 0 0 0 0 0 0 0 0 0 0 0 0 0 0 0 0 0 0 0 0 0 0 0 0 0 0 0 0 0 0 0 0 0 0 0 0 0 0 0 0 0 0 0 0 0 0 0 0 0 0 0 0 0 0 0 0 0 0 0 0 0 0 0 0 0 0 0 0 0 0 0 0 0 0 0 0 0 0 0 0 0 0 0 0 0 0 0 0 0 0 0 0 0 0 0 0 0 0 0 0 0 0 0 0 0 0 0 0 0 0 0 0 0 0 0 0 0 0 0 0 0 0 0 0 0 0 0 0 0 0 0 0 0 0 0 0 0 0 0 0 0 0 0 0 0 0 0 0 0 0 0 0 0 0 0 0 0 0 0 0 0 0 0 0 0 0 0 0 0 0 0 0 0 0 0 0 0 0 0 0 0 0 0 0 0 0 0 0 0 0 0 0 0 0 0 0 0 0 0 0 0 0 0 0 0 0 0 0 0 0 0 0 0 0 0 0 0 0 0 0 0 0 0 0 0 0 0 0 0 0 0 0 0 0 0 0 0 0 0 0 0 0 0 0 0 0 0 0 0 0 0 0 0 0 0 0 0 0 0 0 0 0 0 0 0 0 0 0 0 0 0 0 0 0 0 0 0 0 0 0 0 0 0 0 0 0 0 0 0 0 0 0 0 0 0 0 0 0 0 0 0 0 0 0 0 0 0 0 0 0 0 0 0 0 0 0 0 0 0 0 0 0 0 0 0 0 0 0 0 0 0 0 0 0 0 0 0 0 0 0 0 0 0 0 0 0 0 0 0 0 0 0 0 0 0 0 0 0 0 0 0 0 0 0 0 0 0 0 0 0 0 0 0 0 0 0 0 0 0 0 0 0 0 0 0 0 0 0 0 0 0 0 0 0 0 0 0 0 0 0 0 0 0 0 0 0 0 0 0 0 0 0 0 0 0 0 0 0 0 0 0 0 0 0 0 0 0 0 0 0 0 0 0 0 0 0 0 0 0 0 0 0 0 0 0 0 0 0 0 0 0 0 0 0 0 0 0 0 0 0 0 0 0 0 0 0 0 0 0 0 0 0 0 0 0 0 0 0 0 0 0 0 0 0 0 0 0 0 0 0 0 0 0 0 0 0 0 0 0 0 0 0 0 0 0 0 0 0 0 0 0 0 0 0 0 0 0 0 0 0 0 0 0 0 0 0 0 0 0 0 0 0 0 0 0 0 0 0 0 0 0 0 0 0 0 0 0 0 0 0 0 0 0 0 0 0 0 0 0 0 0 0 0 0 0 0 0 0 0 0 0 0 0 0 0 0 0 0 0 0 0 0 0 0 0 0 0 0 0 0 0 0 0 0 0 0 0 0 0 0 0 0 0 0 0 0 0 0 0 0 0 0 0 0 0 0 0 0 0 0 0 0 0 0 0 0 0 0 0 0 0 0 0 0 0 0 0 0 0 0 0 0 0 0 0 0 0 0 0 0 0 0 0 0 0 0 0 0 0 0 0 0 0 0 0 0 0 0 0 0 0 0 0 0 0 0 0 0 0 0 0 0 0 0 0 0 0 0 0 0 0 0 0 0 0 0 0 0 0 0 0 0 0 0 0 0 0 0 0 0 0 0 0 0 0 0 0 0 0 0 0 0 0 0 0 0 0 0 0 0 0 0 0 0 0 0 0 0 0 0 0 0 0 0 0 0 0 0 0 0 0 0 0 0 0 0 0 0 0 0 0 0 0 0 0 0 0 0 0 0 0 0 0 0 0 0 0 0 0 0 0 0 0 0 0 0 0 0 0 0 0 0 0 0 0 0 0 0 0 0 0 0 0 0 0 0 0 0 0 0 0 0 0 0 0 0 0 0 0 0 0 0 0 0 0 0 0 0 0 0 0 0 0 0 0 0 0 0 0 0 0 0 0 0 0 0 0 0 0 0 0 0 0 0 0 0 0 0 0 0 0 0 0 0 0 0 0 0 0 0 0 0 0 0 0 0 0 0 0 0 0 0 0 0 0 0 0 0 0 0 0 0 0 0 0 0 0 0 0 0 0 0 0 0 0 0 0 0 0 0 0 0 0 0 0 0 0 0 0 0 0 0 0 0 0 0 0 0 0 0 0 0 0 0 0 0 0 0 0 0 0 0 0 0 0 0 0 0 0 0 0 0 0 0 0 0 0 0 0 0 0 0 0 0 0 0 0 0 0 0 0 0 0 0 0 0 0 0 0 0 0 0 0 0 0 0 0 0 0 0 0 0 0 0 0 0 0 0 0 0 0 0 0 0 0 0 0 0 0 0 0 0 0 0 0 0 0 0 0 0 0 0 0 0 0 0 0 0 0 0 0 0 0 0 0 0 0 0 0 0 0 0 0 0 0 0 0 0 0 0 0 0 0 0 0 0 0 0 0 0 0 0 0 0 0 0 0 0 0 0 0 0 0 0 0 0 0 0 0 0 0 0 0 0 0 0 0 0 0 0 0 0 0 0 0 0 0 0 0 0 0 0 0 0 0 0 0 0 0 0 0 0 0 0 0 0 0 0 0 0 0 0 0 0 0 0 0 0 0 0 0 0 0 0 0 0 0 0 0 0 0 0 0 0 0 0 0 0 0 0 0 0 0 0 0 0 0 0 0 0 0 0 0 0 0 0 0 0 0 0 0 0 0 0 0 0 0 0 0 0 0 0 0 0 0 0 0 0 0 0 0 0 0 0 0 0 0 0 0 0 0 0 0 0 0 0 0 0 0 0 0 0 0 0 0 0 0 0 0 0 0 0 0 0 0 0 0 0 0 0 0 0 0 0 0 0 0 0 0 0 0 0 0 0 0 0 0 0 0 0 0 0 0 0 0 0 0 0 0 0 0 0 0 0 0 0 0 0 0 0 0 0 0 0 0 0 0 0 0 0 0 0 0 0 0 0 0 0 0 0 0 0 0 0 0 0 0 0 0 0 0 0 0 0 0 0 0 0 0 0 0 0 0 0 0 0 0 0 0 0 0 0 0 0 0 0 0 0 0 0 0 0 0 0 0 0 0 0 0 0 0 0 0 0 0 0 0 0 0 0 0 0 0 0 0 0 0 0 0 0 0 0 0 0 0 0 0 0 0 0 0 0 0 0 0 0 0 0 0 0 0 0 0 0 0 0 0 0 0 0 0 0 0 0 0 0 0 0 0 0 0 0 0 0 0 0 0 0 0 0 0 0 0 0 0 0 0 0 0 0 0 0 0 0 0 0 0 0 0 0 0 0 0 0 0 0 0 0 0 0 0 0 0 0 0 0 0 0 0 0 0 0 0 0 0 0 0 0 0 0 0 0 0 0 0 0 0 0 0 0 0 0 0 0 0 0 0 0 0 0 0 0 0 0 0 0 0 0 0 0 0 0 0 0 0 0 0 0 0 0 0 0 0 0 0 0 0 0 0 0 0 0 0 0 0 0 0 0 0 0 0 0 0 0 0 0 0 0 0 0 0 0 0 0 0 0 0 0 0 0 0 0 0 0 0 0 0 0 0 0 0 0 0 0 0 0 0 0 0 0 0 0 0 0 0 0 0 0 0 0 0 0 0 0 0 0 0 0 0 0 0 0 0 0 0 0 0 0 0 0 0 0 0 0 0 0 0 0 0 0 0 0 0 0 0 0 0 0 0 0 0 0 0 0 0 0 0 0 0 0 0 0 0 0 0 0 0 0 0 0 0 0 0 0 0 0 0 0 0 0 0 0 0 0 0 0 0 0 0 0 0 0 0 0 0 0 0 0 0 0 0 0 0 0 0 0 0 0 0 0 0 0 0 0 0 0 0 0 0 0 0 0 0 0 0 0 0 0 0 0 0 0 0 0 0 0 0 0 0 0 0 0 0 0 0 0 0 0 0 0 0 0 0 0 0 0 0 0 0 0 0 0 0 0 0 0 0 0 0 0 0 0 0 0 0 0 0 0 0 0 0 0 0 0 0 0 0 0 0 0 0 0 0 0 0 0 0 0 0 0 0 0 0 0 0 0 0 0 0 0 0 0 0 0 0 0 0 0 0 0 0 0 0 0 0 0 0 0 0 0 0 0 0 0 0 0 0 0 0 0 0 0 0 0 0 0 0 0 0 0 0 0 0 0 0 0 0 0 0 0 0 0 0 0 0 0 0 0 0 0 0 0 0 0 0 0 0 0 0 0 0 0 0 0 0 0 0 0 0 0 0 0 0 0 0 0 0 0 0 0 0 0 0 0 0 0 0 0 0 0 0 0 0 0 0 0 0 0 0 0 0 0 0 0 0 0 0 0 0 0 0 0 0 0 0 0 0 0 0 0 0 0 0 0 0 0 0 0 0 0 0 0 0 0 0 0 0 0 0 0 0 0 0 0 0 0 0 0 0 0 0 0 0 0 0 0 0 0 0 0 0 0 0 0 0 0 0 0 0 0 0 0 0 0 0 0 0 0 0 0 0 0 0 0 0 0 0 0 0 0 0 0 0 0 0 0 0 0 0 0 0 0 0 0 0 0 0 0 0 0 0 0 0 0 0 0 0 0 0 0 0 0 0 0 0 0 0 0 0 0 0 0 0 0 0 0 0 0 0 0 0 0 0 0 0 0 0 0 0 0 0 0 0 0 0 0 0 0 0 0 0 0 0 0 0 0 0 0 0 0 0 0 0 0 0 0 0 0 0 0 0 0 0 0 0 0 0 0 0 0 0 0 0 0 0 0 0 0 0 0 0 0 0 0 0 0 0 0 0 0 0 0 0 0 0 0 0 0 0 0 0 0 0 0 0 0 0 0 0 0 0 0 0 0 0 0 0 0 0 0 0 0 0 0 0 0 0 0 0 0 0 0 0 0 0 0 0 0 0 0 0 0 0 0 0 0 0 0 0 0 0 0 0 0 0 0 0 0 0 0 0 0 0 0 0 0 0 0 0 0 0 0 0 0 0 0 0 0 0 0 0 0 0 0 0 0 0 0 0 0 0 0 0 0 0 0 0 0 0 0 0 0 0 0 0 0 0 0 0 0 0 0 0 0 0 0 0 0 0 0 0 0 0 0 0 0 0 0 0 0 0 0 0 0 0 0 0 0 0 0 0 0 0 0 0 0 0 0 0 0 0 0 0 0 0 0 0 0 0 0 0 0 0 0 0 0 0 0 0 0 0 0 0 0 0 0 0 0 0 0 0 0 0 0 0 0 0 0 0 0 0 0 0 0 0 0 0 0 0 0 0 0 0 0 0 0 0 0 0 0 0 0 0 0 0 0 0 0 0 0 0 0 0 0 0 0 0 0 0 0 0 0 0 0 0 0 0 0 0 0 0 0 0 0 0 0 0 0 0 0 0 0 0 0 0 0 0 0 0 0 0 0 0 0 0 0 0 0 0 0 0 0 0 0 0 0 0 0 0 0 0 0 0 0 0 0 0 0 0 0 0 0 0 0 0 0 0 0 0 0 0 0 0 0 0 0 0 0 0 0 0 0 0 0 0 0 0 0 0 0 0 0 0 0 0 0 0 0 0 0 0 0 0 0 0 0 0 0 0 0 0 0 0 0 0 0 0 0 0 0 0 0 0 0 0 0 0 0 0 0 0 0 0 0 0 0 0 0 0 0 0 0 0 0 0 0 0 0 0 0 0 0 0 0 0 0 0 0 0 0 0 0 0 0 0 0 0 0 0 0 0 0 0 0 0 0 0 0 0 0 0 0 0 0 0 0 0 0 0 0 0 0 0 0 0 0 0 0 0 0 0 0 0 0 0 0 0 0 0 0 0 0 0 0 0 0 0 0 0 0 0 0 0 0 0 0 0 0 0 0 0 0 0 0 0 0 0 0 0 0 0 0 0 0 0 0 0 0 0 0 0 0 0 0 0 0 0 0 0 0 0 0 0 0 0 0 0 0 0 0 0 0 0 0 0 0 0 0 0 0 0 0 0 0 0 0 0 0 0 0 0 0 0 0 0 0 0 0 0 0 0 0 0 0 0 0 0 0 0 0 0 0 0 0 0 0 0 0 0 0 0 0 0 0 0 0 0 0 0 0 0 0 0 0 0 0 0 0 0 0 0 0 0 0 0 0 0 0 0 0 0 0 0 0 0 0 0 0 0 0 0 0 0 0 0 0 0 0 0 0 0 0 0 0 0 0 0 0 0 0 0 0 0 0 0 0 0 0 0 0 0 0 0 0 0 0 0 0 0 0 0 0 0 0 0 0 0 0 0 0 0 0 0 0 0 0 0 0 0 0 0 0 0 0 0 0 0 0 0 0 0 0 0 0 0 0 0 0 0 0 0 0 0 0 0 0 0 0 0 0 0 0 0 0 0 0 0 0 0 0 0 0 0 0 0 0 0 0 0 0 0 0 0 0 0 0 0 0 0 0 0 0 0 0 0 0 0 0 0 0 0 0 0 0 0 0 0 0 0 0 0 0 0 0 0 0 0 0 0 0 0 0 0 0 0 0 0 0 0 0 0 0 0 0 0 0 0 0 0 0 0 0 0 0 0 0 0 0 0 0 0 0 0 0 0 0 0 0 0 0 0 0 0 0 0 0 0 0 0 0 0 0 0 0 0 0 0 0 0 0 0 0 0 0 0 0 0 0 0 0 0 0 0 0 0 0 0 0 0 0 0 0 0 0 0 0 0 0 0 0 0 0 0 0 0 0 0 0 0 0 0 0 0 0 0 0 0 0 0 0 0 0 0 0 0 0 0 0 0 0 0 0 0 0 0 0 0 0 0 0 0 0 0 0 0 0 0 0 0 0 0 0 0 0 0 0 0 0 0 0 0 0 0 0 0 0 0 0 0 0 0 0 0 0 0 0 0 0 0 0 0 0 0 0 0 0 0 0 0 0 0 0 0 0 0 0 0 0 0 0 0 0 0 0 0 0 0 0 0 0 0 0 0 0 0 0 0 0 0 0 0 0 0 0 0 0 0 0 0 0 0 0 0 0 0 0 0 0 0 0 0 0 0 0 0 0 0 0 0 0 0 0 0 0 0 0 0 0 0 0 0 0 0 0 0 0 0 0 0 0 0 0 0 0 0 0 0 0 0 0 0 0 0 0 0 0 0 0 0 0 0 0 0 0 0 0 0 0 0 0 0 0 0 0 0 0 0 0 0 0 0 0 0 0 0 0 0 0 0 0 0 0 0 0 0 0 0 0 0 0 0 0 0 0 0 0 0 0 0 0 0 0 0 0 0 0 0 0 0 0 0 0 0 0 0 0 0 0 0 0 0 0 0 0 0 0 0 0 0 0 0 0 0 0 0 0 0 0 0 0 0 0 0 0 0 0 0 0 0 0 0 0 0 0 0 0 0 0 0 0 0 0 0 0 0 0 0 0 0 0 0 0 0 0 0 0 0 0 0 0 0 0 0 0 0 0 0 0 0 0 0 0 0 0 0 0 0 0 0 0 0 0 0 0 0 0 0 0 0 0 0 0 0 0 0 0 0 0 0 0 0 0 0 0 0 0 0 0 0 0 0 0 0 0 0 0 0 0 0 0 0 0 0 0 0 0 0 0 0 0 0 0 0 0 0 0 0 0 0 0 0 0 0 0 0 0 0 0 0 0 0 0 0 0 0 0 0 0 0 0 0 0 0 0 0 0 0 0 0 0 0 0 0 0 0 0 0 0 0 0 0 0 0 0 0 0 0 0 0 0 0 0 0 0 0 0 0 0 0 0 0 0 0 0 0 0 0 0 0 0 0 0 0 0 0 0 0 0 0 0 0 0 0 0 0 0 0 0 0 0 0 0 0 0 0 0 0 0 0 0 0 0 0 0 0 0 0 0 0 0 0 0 0 0 0 0 0 0 0 0 0 0 0 0 0 0 0 0 0 0 0 0 0 0 0 0 0 0 0 0 0 0 0 0 0 0 0 0 0 0 0 0 0 0 0 0 0 0 0 0 0 0 0 0 0 0 0 0 0 0 0 0 0 0 0 0 0 0 0 0 0 0 0 0 0 0 0 0 0 0 0 0 0 0 0 0 0 0 0 0 0 0 0 0 0 0 0 0 0 0 0 0 0 0 0 0 0 0 0 0 0 0 0 0 0 0 0 0 0 0 0 0 0 0 0 0 0 0 0 0 0 0 0 0 0 0 0 0 0 0 0 0 0 0 0 0 0 0 0 0 0 0 0 0 0 0 0 0 0 0 0 0 0 0 0 0 0 0 0 0 0 0 0 0 0 0 0 0 0 0 0 0 0 0 0 0 0 0 0 0 0 0 0 0 0 0 0 0 0 0 0 0 0 0 0 0 0 0 0 0 0 0 0 0 0 0 0 0 0 0 0 0 0 0 0 0 0 0 0 0 0 0 0 0 0 0 0 0 0 0 0 0 0 0 0 0 0 0 0 0 0 0 0 0 0 0 0 0 0 0 0 0 0 0 0 0 0 0 0 0 0 0 0 0 0 0 0 0 0 0 0 0 0 0 0 0 0 0 0 0 0 0 0 0 0 0 0 0 0 0 0 0 0 0 0 0 0 0 0 0 0 0 0 0 0 0 0 0 0 0 0 0 0 0 0 0 0 0 0 0 0 0 0 0 0 0 0 0 0 0 0 0 0 0 0 0 0 0 0 0 0 0 0 0 0 0 0 0 0 0 0 0 0 0 0 0 0 0 0 0 0 0 0 0 0 0 0 0 0 0 0 0 0 0 0 0 0 0 0 0 0 0 0 0 0 0 0 0 0 0 0 0 0 0 0 0 0 0 0 0 0 0 0 0 0 0 0 0 0 0 0 0 0 0 0 0 0 0 0 0 0 0 0 0 0 0 0 0 0 0 0 0 0 0 0 0 0 0 0 0 0 0 0 0 0 0 0 0 0 0 0 0 0 0 0 0 0 0 0 0 0 0 0 0 0 0 0 0 0 0 0 0 0 0 0 0 0 0 0 0 0 0 0 0 0 0 0 0 0 0 0 0 0 0 0 0 0 0 0 0 0 0 0 0 0 0 0 0 0 0 0 0 0 0 0 0 0 0 0 0 0 0 0 0 0 0 0 0 0 0 0 0 0 0 0 0 0 0 0 0 0 0 0 0 0 0 0 0 0 0 0 0 0 0 0 0 0 0 0 0 0 0 0 0 0 0 0 0 0 0 0 0 0 0 0 0 0 0 0 0 0 0 0 0 0 0 0 0 0 0 0 0 0 0 0 0 0 0 0 0 0 0 0 0 0 0 0 0 0 0 0 0 0 0 0 0 0 0 0 0 0 0 0 0 0 0 0 0 0 0 0 0 0 0 0 0 0 0 0 0 0 0 0 0 0 0 0 0 0 0 0 0 0 0 0 0 0 0 0 0 0 0 0 0 0 0 0 0 0 0 0 0 0 0 0 0 0 0 0 0 0 0 0 0 0 0 0 0 0 0 0 0 0 0 0 0 0 0 0 0 0 0 0 0 0 0 0 0 0 0 0 0 0 0 0 0 0 0 0 0 0 0 0 0 0 0 0 0 0 0 0 0 0 0 0 0 0 0 0 0 0 0 0 0 0 0 0 0 0 0 0 0 0 0 0 0 0 0 0 0 0 0 0 0 0 0 0 0 0 0 0 0 0 0 0 0 0 0 0 0 0 0 0 0 0 0 0 0 0 0 0 0 0 0 0 0 0 0 0 0 0 0 0 0 0 0 0 0 0 0 0 0 0 0 0 0 0 0 0 0 0 0 0 0 0 0 0 0 0 0 0 0 0 0 0 0 0 0 0 0 0 0 0 0 0 0 0 0 0 0 0 0 0 0 0 0 0 0 0 0 0 0 0 0 0 0 0 0 0 0 0 0 0 0 0 0 0 0 0 0 0 0 0 0 0 0 0 0 0 0 0 0 0 0 0 0 0 0 0 0 0 0 0 0 0 0 0 0 0 0 0 0 0 0 0 0 0 0 0 0 0 0 0 0 0 0 0 0 0 0 0 0 0 0 0 0 0 0 0 0 0 0 0 0 0 0 0 0 0 0 0 0 0 0 0 0 0 0 0 0 0 0 0 0 0 0 0 0 0 0 0 0 0 0 0 0 0 0 0 0 0 0 0 0 0 0 0 0 0 0 0 0 0 0 0 0 0 0 0 0 0 0 0 0 0 0 0 0 0 0 0 0 0 0 0 0 0 0 0 0 0 0 0 0 0 0 0 0 0 0 0 0 0 0 0 0 0 0 0 0 0 0 0 0 0 0 0 0 0 0 0 0 0 0 0 0 0 0 0 0 0 0 0 0 0 0 0 0 0 0 0 0 0 0 0 0 0 0 0 0 0 0 0 0 0 0 0 0 0 0 0 0 0 0 0 0 0 0 0 0 0 0 0 0 0 0 0 0 0 0 0 0 0 0 0 0 0 0 0 0 0 0 0 0 0 0 0 0 0 0 0 0 0 0 0 0 0 0 0 0 0 0 0 0 0 0 0 0 0 0 0 0 0 0 0 0 0 0 0 0 0 0 0 0 0 0 0 0 0 0 0 0 0 0 0 0 0 0 0 0 0 0 0 0 0 0 0 0 0 0 0 0 0 0 0 0 0 0 0 0 0 0 0 0 0 0 0 0 0 0 0 0 0 0 0 0 0 0 0 0 0 0 0 0 0 0 0 0 0 0 0 0 0 0 0 0 0 0 0 0 0 0 0 0 0 0 0 0 0 0 0 0 0 0 0 0 0 0 0 0 0 0 0 0 0 0 0 0 0 0 0 0 0 0 0 0 0 0 0 0 0 0 0 0 0 0 0 0 0 0 0 0 0 0 0 0 0 0 0 0 0 0 0 0 0 0 0 0 0 0 0 0 0 0 0 0 0 0 0 0 0 0 0 0 0 0 0 0 0 0 0 0 0 0 0 0 0 0 0 0 0 0 0 0 0 0 0 0 0 0 0 0 0 0 0 0 0 0 0 0 0 0 0 0 0 0 0 0 0 0 0 0 0 0 0 0 0 0 0 0 0 0 0 0 0 0 0 0 0 0 0 0 0 0 0 0 0 0 0 0 0 0 0 0 0 0 0 0 0 0 0 0 0 0 0 0 0 0 0 0 0 0 0 0 0 0 0 0 0 0 0 0 0 0 0 0 0 0 0 0 0 0 0 0 0 0 0 0 0 0 0 0 0 0 0 0 0 0 0 0 0 0 0 0 0 0 0 0 0 0 0 0 0 0 0 0 0 0 0 0 0 0 0 0 0 0 0 0 0 0 0 0 0 0 0 0 0 0 0 0 0 0 0 0 0 0 0 0 0 0 0 0 0 0 0 0 0 0 0 0 0 0 0 0 0 0 0 0 0 0 0 0 0 0 0 0 0 0 0 0 0 0 0 0 0 0 0 0 0 0 0 0 0 0 0 0 0 0 0 0 0 0 0 0 0 0 0 0 0 0 0 0 0 0 0 0 0 0 0 0 0 0 0 0 0 0 0 0 0 0 0 0 0 0 0 0 0 0 0 0 0 0 0 0 0 0 0 0 0 0 0 0 0 0 0 0 0 0 0 0 0 0 0 0 0 0 0 0 0 0 0 0 0 0 0 0 0 0 0 0 0 0 0 0 0 0 0 0 0 0 0 0 0 0 0 0 0 0 0 0 0 0 0 0 0 0 0 0 0 0 0 0 0 0 0 0 0 0 0 0 0 0 0 0 0 0 0 0 0 0 0 0 0 0 0 0 0 0 0 0 0 0 0 0 0 0 0 0 0 0 0 0 0 0 0 0 0 0 0 0 0 0 0 0 0 0 0 0 0 0 0 0 0 0 0 0 0 0 0 0 0 0 0 0 0 0 0 0 0 0 0 0 0 0 0 0 0 0 0 0 0 0 0 0 0 0 0 0 0 0 0 0 0 0 0 0 0 0 0 0 0 0 0 0 0 0 0 0 0 0 0 0 0 0 0 0 0 0 0 0 0 0 0 0 0 0 0 0 0 0 0 0 0 0 0 0 0 0 0 0 0 0 0 0 0 0 0 0 0 0 0 0 0 0 0 0 0 0 0 0 0 0 0 0 0 0 0 0 0 0 0 0 0 0 0 0 0 0 0 0 0 0 0 0 0 0 0 0 0 0 0 0 0 0 0 0 0 0 0 0 0 0 0 0 0 0 0 0 0 0 0 0 0 0 0 0 0 0 0 0 0 0 0 0 0 0 0 0 0 0 0 0 0 0 0 0 0 0 0 0 0 0 0 0 0 0 0 0 0 0 0 0 0 0 0 0 0 0 0 0 0 0 0 0 0 0 0 0 0 0 0 0 0 0 0 0 0 0 0 0 0 0 0 0 0 0 0 0 0 0 0 0 0 0 0 0 0 0 0 0 0 0 0 0 0 0 0 0 0 0 0 0 0 0 0 0 0 0 0 0 0 0 0 0 0 0 0 0 0 0 0 0 0 0 0 0 0 0 0 0 0 0 0 0 0 0 0 0 0 0 0 0 0 0 0 0 0 0 0 0 0 0 0 0 0 0 0 0 0 0 0 0 0 0 0 0 0 0 0 0 0 0 0 0 0 0 0 0 0 0 0 0 0 0 0 0 0 0 0 0 0 0 0 0 0 0 0 0 0 0 0 0 0 0 0 0 0 0 0 0 0 0 0 0 0 0 0 0 0 0 0 0 0 0 0 0 0 0 0 0 0 0 0 0 0 0 0 0 0 0 0 0 0 0 0 0 0 0 0 0 0 0 0 0 0 0 0 0 0 0 0 0 0 0 0 0 0 0 0 0 0 0 0 0 0 0 0 0 0 0 0 0 0 0 0 0 0 0 0 0 0 0 0 0 0 0 0 0 0 0 0 0 0 0 0 0 0 0 0 0 0 0 0 0 0 0 0 0 0 0 0 0 0 0 0 0 0 0 0 0 0 0 0 0 0 0 0 0 0 0 0 0 0 0 0 0 0 0 0 0 0 0 0 0 0 0 0 0 0 0 0 0 0 0 0 0 0 0 0 0 0 0 0 0 0 0 0 0 0 0 0 0 0 0 0 0 0 0 0 0 0 0 0 0 0 0 0 0 0 0 0 0 0 0 0 0 0 0 0 0 0 0 0 0 0 0 0 0 0 0 0 0 0 0 0 0 0 0 0 0 0 0 0 0 0 0 0 0 0 0 0 0 0 0 0 0 0 0 0 0 0 0 0 0 0 0 0 0 0 0 0 0 0 0 0 0 0 0 0 0 0 0 0 0 0 0 0 0 0 0 0 0 0 0 0 0 0 0 0 0 0 0 0 0 0 0 0 0 0 0 0 0 0 0 0 0 0 0 0 0 0 0 0 0 0 0 0 0 0 0 0 0 0 0 0 0 0 0 0 0 0 0 0 0 0 0 0 0 0 0 0 0 0 0 0 0 0 0 0 0 0 0 0 0 0 0 0 0 0 0 0 0 0 0 0 0 0 0 0 0 0 0 0 0 0 0 0 0 0 0 0 0 0 0 0 0 0 0 0 0 0 0 0 0 0 0 0 0 0 0 0 0 0 0 0 0 0 0 0 0 0 0 0 0 0 0 0 0 0 0 0 0 0 0 0 0 0 0 0 0 0 0 0 0 0 0 0 0 0 0 0 0 0 0 0 0 0 0 0 0 0 0 0 0 0 0 0 0 0 0 0 0 0 0 0 0 0 0 0 0 0 0 0 0 0 0 0 0 0 0 0 0 0 0 0 0 0 0 0 0 0 0 0 0 0 0 0 0 0 0 0 0 0 0 0 0 0 0 0 0 0 0 0 0 0 0 0 0 0 0 0 0 0 0 0 0 0 0 0 0 0 0 0 0 0 0 0 0 0 0 0 0 0 0 0 0 0 0 0 0 0 0 0 0 0 0 0 0 0 0 0 0 0 0 0 0 0 0 0 0 0 0 0 0 0 0 0 0 0 0 0 0 0 0 0 0 0 0 0 0 0 0 0 0 0 0 0 0 0 0 0 0 0 0 0 0 0 0 0 0 0 0 0 0 0 0 0 0 0 0 0 0 0 0 0 0 0 0 0 0 0 0 0 0 0 0 0 0 0 0 0 0 0 0 0 0 0 0 0 0 0 0 0 0 0 0 0 0 0 0 0 0 0 0 0 0 0 0 0 0 0 0 0 0 0 0 0 0 0 0 0 0 0 0 0 0 0 0 0 0 0 0 0 0 0 0 0 0 0 0 0 0 0 0 0 0 0 0 0 0 0 0 0 0 0 0 0 0 0 0 0 0 0 0 0 0 0 0 0 0 0 0 0 0 0 0 0 0 0 0 0 0 0 0 0 0 0 0 0 0 0 0 0 0 0 0 0 0 0 0 0 0 0 0 0 0 0 0 0 0 0 0 0 0 0 0 0 0 0 0 0 0 0 0 0 0 0 0 0 0 0 0 0 0 0 0 0 0 0 0 0 0 0 0 0 0 0 0 0 0 0 0 0 0 0 0 0 0 0 0 0 0 0 0 0 0 0 0 0 0 0 0 0 0 0 0 0 0 0 0 0 0 0 0 0 0 0 0 0 0 0 0 0 0 0 0 0 0 0 0 0 0 0 0 0 0 0 0 0 0 0 0 0 0 0 0 0 0 0 0 0 0 0 0 0 0 0 0 0 0 0 0 0 0 0 0 0 0 0 0 0 0 0 0 0 0 0 0 0 0 0 0 0 0 0 0 0 0 0 0 0 0 0 0 0 0 0 0 0 0 0 0 0 0 0 0 0 0 0 0 0 0 0 0 0 0 0 0 0 0 0 0 0 0 0 0 0 0 0 0 0 0 0 0 0 0 0 0 0 0 0 0 0 0 0 0 0 0 0 0 0 0 0 0 0 0 0 0 0 0 0 0 0 0 0 0 0 0 0 0 0 0 0 0 0 0 0 0 0 0 0 0 0 0 0 0 0 0 0 0 0 0 0 0 0 0 0 0 0 0 0 0 0 0 0 0 0 0 0 0 0 0 0 0 0 0 0 0 0 0 0 0 0 0 0 0 0 0 0 0 0 0 0 0 0 0 0 0 0 0 0 0 0 0 0 0 0 0 0 0 0 0 0 0 0 0 0 0 0 0 0 0 0 0 0 0 0 0 0 0 0 0 0 0 0 0 0 0 0 0 0 0 0 0 0 0 0 0 0 0 0 0 0 0 0 0 0 0 0 0 0 0 0 0 0 0 0 0 0 0 0 0 0 0 0 0 0 0 0 0 0 0 0 0 0 0 0 0 0 0 0 0 0 0 0 0 0 0 0 0 0 0 0 0 0 0 0 0 0 0 0 0 0 0 0 0 0 0 0 0 0 0 0 0 0 0 0 0 0 0 0 0 0 0 0 0 0 0 0 0 0 0 0 0 0 0 0 0 0 0 0 0 0 0 0 0 0 0 0 0 0 0 0 0 0 0 0 0 0 0 0 0 0 0 0 0 0 0 0 0 0 0 0 0 0 0 0 0 0 0 0 0 0 0 0 0 0 0 0 0 0 0 0 0 0 0 0 0 0 0 0 0 0 0 0 0 0 0 0 0 0 0 0 0 0 0 0 0 0 0 0 0 0 0 0 0 0 0 0 0 0 0 0 0 0 0 0 0 0 0 0 0 0 0 0 0 0 0 0 0 0 0 0 0 0 0 0 0 0 0 0 0 0 0 0 0 0 0 0 0 0 0 0 0 0 0 0 0 0 0 0 0 0 0 0 0 0 0 0 0 0 0 0 0 0 0 0 0 0 0 0 0 0 0 0 0 0 0 0 0 0 0 0 0 0 0 0 0 0 0 0 0 0 0 0 0 0 0 0 0 0 0 0 0 0 0 0 0 0 0 0 0 0 0 0 0 0 0 0 0 0 0 0 0 0 0 0 0 0 0 0 0 0 0 0 0 0 0 0 0 0 0 0 0 0 0 0 0 0 0 0 0 0 0 0 0 0 0 0 0 0 0 0 0 0 0 0 0 0 0 0 0 0 0 0 0 0 0 0 0 0 0 0 0 0 0 0 0 0 0 0 0 0 0 0 0 0 0 0 0 0 0 0 0 0 0 0 0 0 0 0 0 0 0 0 0 0 0 0 0 0 0 0 0 0 0 0 0 0 0 0 0 0 0 0 0 0 0 0 0 0 0 0 0 0 0 0 0 0 0 0 0 0 0 0 0 0 0 0 0 0 0 0 0 0 0 0 0 0 0 0 0 0 0 0 0 0 0 0 0 0 0 0 0 0 0 0 0 0 0 0 0 0 0 0 0 0 0 0 0 0 0 0 0 0 0 0 0 0 0 0 0 0 0 0 0 0 0 0 0 0 0 0 0 0 0 0 0 0 0 0 0 0 0 0 0 0 0 0 0 0 0 0 0 0 0 0 0 0 0 0 0 0 0 0 0 0 0 0 0 0 0 0 0 0 0 0 0 0 0 0 0 0 0 0 0 0 0 0 0 0 0 0 0 0 0 0 0 0 0 0 0 0 0 0 0 0 0 0 0 0 0 0 0 0 0 0 0 0 0 0 0 0 0 0 0 0 0 0 0 0 0 0 0 0 0 0 0 0 0 0 0 0 0 0 0 0 0 0 0 0 0 0 0 0 0 0 0 0 0 0 0 0 0 0 0 0 0 0 0 0 0 0 0 0 0 0 0 0 0 0 0 0 0 0 0 0 0 0 0 0 0 0 0 0 0 0 0 0 0 0 0 0 0 0 0 0 0 0 0 0 0 0 0 0 0 0 0 0 0 0 0 0 0 0 0 0 0 0 0 0 0 0 0 0 0 0 0 0 0 0 0 0 0 0 0 0 0 0 0 0 0 0 0 0 0 0 0 0 0 0 0 0 0 0 0 0 0 0 0 0 0 0 0 0 0 0 0 0 0 0 0 0 0 0 0 0 0 0 0 0 0 0 0 0 0 0 0 0 0 0 0 0 0 0 0 0 0 0 0 0 0 0 0 0 0 0 0 0 0 0 0 0 0 0 0 0 0 0 0 0 0 0 0 0 0 0 0 0 0 0 0 0 0 0 0 0 0 0 0 0 0 0 0 0 0 0 0 0 0 0 0 0 0 0 0 0 0 0 0 0 0 0 0 0 0 0 0 0 0 0 0 0 0 0 0 0 0 0 0 0 0 0 0 0 0 0 0 0 0 0 0 0 0 0 0 0 0 0 0 0 0 0 0 0 0 0 0 0 0 0 0 0 0 0 0 0 0 0 0 0 0 0 0 0 0 0 0 0 0 0 0 0 0 0 0 0 0 0 0 0 0 0 0 0 0 0 0 0 0 0 0 0 0 0 0 0 0 0 0 0 0 0 0 0 0 0 0 0 0 0 0 0 0 0 0 0 0 0 0 0 0 0 0 0 0 0 0 0 0 0 0 0 0 0 0 0 0 0 0 0 0 0 0 0 0 0 0 0 0 0 0 0 0 0 0 0 0 0 0 0 0 0 0 0 0 0 0 0 0 0 0 0 0 0 0 0 0 0 0 0 0 0 0 0 0 0 0 0 0 0 0 0 0 0 0 0 0 0 0 0 0 0 0 0 0 0 0 0 0 0 0 0 0 0 0 0 0 0 0 0 0 0 0 0 0 0 0 0 0 0 0 0 0 0 0 0 0 0 0 0 0 0 0 0 0 0 0 0 0 0 0 0 0 0 0 0 0 0 0 0 0 0 0 0 0 0 0 0 0 0 0 0 0 0 0 0 0 0 0 0 0 0 0 0 0 0 0 0 0 0 0 0 0 0 0 0 0 0 0 0 0 0 0 0 0 0 0 0 0 0 0 0 0 0 0 0 0 0 0 0 0 0 0 0 0 0 0 0 0 0 0 0 0 0 0 0 0 0 0 0 0 0 0 0 0 0 0 0 0 0 0 0 0 0 0 0 0 0 0 0 0 0 0 0 0 0 0 0 0 0 0 0 0 0 0 0 0 0 0 0 0 0 0 0 0 0 0 0 0 0 0 0 0 0 0 0 0 0 0 0 0 0 0 0 0 0 0 0 0 0 0 0 0 0 0 0 0 0 0 0 0 0 0 0 0 0 0 0 0 0 0 0 0 0 0 0 0 0 0 0 0 0 0 0 0 0 0 0 0 0 0 0 0 0 0 0 0 0 0 0 0 0 0 0 0 0 0 0 0 0 0 0 0 0 0 0 0 0 0 0 0 0 0 0 0 0 0 0 0 0 0 0 0 0 0 0 0 0 0 0 0 0 0 0 0 0 0 0 0 0 0 0 0 0 0 0 0 0 0 0 0 0 0 0 0 0 0 0 0 0 0 0 0 0 0 0 0 0 0 0 0 0 0 0 0 0 0 0 0 0 0 0 0 0 0 0 0 0 0 0 0 0 0 0 0 0 0 0 0 0 0 0 0 0 0 0 0 0 0 0 0 0 0 0 0 0 0 0 0 0 0 0 0 0 0 0 0 0 0 0 0 0 0 0 0 0 0 0 0 0 0 0 0 0 0 0 0 0 0 0 0 0 0 0 0 0 0 0 0 0 0 0 0 0 0 0 0 0 0 0 0 0 0 0 0 0 0 0 0 0 0 0 0 0 0 0 0 0 0 0 0 0 0 0 0 0 0 0 0 0 0 0 0 0 0 0 0 0 0 0 0 0 0 0 0 0 0 0 0 0 0 0 0 0 0 0 0 0 0 0 0 0 0 0 0 0 0 0 0 0 0 0 0 0 0 0 0 0 0 0 0 0 0 0 0 0 0 0 0 0 0 0 0 0 0 0 0 0 0 0 0 0 0 0 0 0 0 0 0 0 0 0 0 0 0 0 0 0 0 0 0 0 0 0 0 0 0 0 0 0 0 0 0 0 0 0 0 0 0 0 0 0 0 0 0 0 0 0 0 0 0 0 0 0 0 0 0 0 0 0 0 0 0 0 0 0 0 0 0 0 0 0 0 0 0 0 0 0 0 0 0 0 0 0 0 0 0 0 0 0 0 0 0 0 0 0 0 0 0 0 0 0 0 0 0 0 0 0 0 0 0 0 0 0 0 0 0 0 0 0 0 0 0 0 0 0 0 0 0 0 0 0 0 0 0 0 0 0 0 0 0 0 0 0 0 0 0 0 0 0 0 0 0 0 0 0 0 0 0 0 0 0 0 0 0 0 0 0 0 0 0 0 0 0 0 0 0 0 0 0 0 0 0 0 0 0 0 0 0 0 0 0 0 0 0 0 0 0 0 0 0 0 0 0 0 0 0 0 0 0 0 0 0 0 0 0 0 0 0 0 0 0 0 0 0 0 0 0 0 0 0 0 0 0 0 0 0 0 0 0 0 0 0 0 0 0 0 0 0 0 0 0 0 0 0 0 0 0 0 0 0 0 0 0 0 0 0 0 0 0 0 0 0 0 0 0 0 0 0 0 0 0 0 0 0 0 0 0 0 0 0 0 0 0 0 0 0 0 0 0 0 0 0 0 0 0 0 0 0 0 0 0 0 0 0 0 0 0 0 0 0 0 0 0 0 0 0 0 0 0 0 0 0 0 0 0 0 0 0 0 0 0 0 0 0 0 0 0 0 0 0 0 0 0 0 0 0 0 0 0 0 0 0 0 0 0 0 0 0 0 0 0 0 0 0 0 0 0 0 0 0 0 0 0 0 0 0 0 0 0 0 0 0 0 0 0 0 0 0 0 0 0 0 0 0 0 0 0 0 0 0 0 0 0 0 0 0 0 0 0 0 0 0 0 0 0 0 0 0 0 0 0 0 0 0 0 0 0 0 0 0 0 0 0 0 0 0 0 0 0 0 0 0 0 0 0 0 0 0 0 0 0 0 0 0 0 0 0 0 0 0 0 0 0 0 0 0 0 0 0 0 0 0 0 0 0 0 0 0 0 0 0 0 0 0 0 0 0 0 0 0 0 0 0 0 0 0 0 0 0 0 0 0 0 0 0 0 0 0 0 0 0 0 0 0 0 0 0 0 0 0 0 0 0 0 0 0 0 0 0 0 0 0 0 0 0 0 0 0 0 0 0 0 0 0 0 0 0 0 0 0 0 0 0 0 0 0 0 0 0 0 0 0 0 0 0 0 0 0 0 0 0 0 0 0 0 0 0 0 0 0 0 0 0 0 0 0 0 0 0 0 0 0 0 0 0 0 0 0 0 0 0 0 0 0 0 0 0 0 0 0 0 0 0 0 0 0 0 0 0 0 0 0 0 0 0 0 0 0 0 0 0 0 0 0 0 0 0 0 0 0 0 0 0 0 0 0 0 0 0 0 0 0 0 0 0 0 0 0 0 0 0 0 0 0 0 0 0 0 0 0 0 0 0 0 0 0 0 0 0 0 0 0 0 0 0 0 0 0 0 0 0 0 0 0 0 0 0 0 0 0 0 0 0 0 0 0 0 0 0 0 0 0 0 0 0 0 0 0 0 0 0 0 0 0 0 0 0 0 0 0 0 0 0 0 0 0 0 0 0 0 0 0 0 0 0 0 0 0 0 0 0 0 0 0 0 0 0 0 0 0 0 0 0 0 0 0 0 0 0 0 0 0 0 0 0 0 0 0 0 0 0 0 0 0 0 0 0 0 0 0 0 0 0 0 0 0 0 0 0 0 0 0 0 0 0 0 0 0 0 0 0 0 0 0 0 0 0 0 0 0 0 0 0 0 0 0 0 0 0 0 0 0 0 0 0 0 0 0 0 0 0 0 0 0 0 0 0 0 0 0 0 0 0 0 0 0 0 0 0 0 0 0 0 0 0 0 0 0 0 0 0 0 0 0 0 0 0 0 0 0 0 0 0 0 0 0 0 0 0 0 0 0 0 0 0 0 0 0 0 0 0 0 0 0 0 0 0 0 0 0 0 0 0 0 0 0 0 0 0 0 0 0 0 0 0 0 0 0 0 0 0 0 0 0 0 0 0 0 0 0 0 0 0 0</float_array>
          <technique_common>
            <accessor source="#Body2-mesh-map-0-array" count="9618" stride="2">
              <param name="S" type="float"/>
              <param name="T" type="float"/>
            </accessor>
          </technique_common>
        </source>
        <vertices id="Body2-mesh-vertices">
          <input semantic="POSITION" source="#Body2-mesh-positions"/>
        </vertices>
        <triangles material="Material_001-material" count="3206">
          <input semantic="VERTEX" source="#Body2-mesh-vertices" offset="0"/>
          <input semantic="NORMAL" source="#Body2-mesh-normals" offset="1"/>
          <input semantic="TEXCOORD" source="#Body2-mesh-map-0" offset="2" set="0"/>
          <p>1 0 0 69 0 1 0 1 2 0 1 3 69 0 4 71 2 5 70 3 6 35 3 7 34 4 8 34 4 9 35 3 10 36 4 11 34 4 12 36 4 13 33 5 14 33 5 15 36 4 16 37 5 17 33 5 18 37 5 19 32 6 20 32 6 21 37 5 22 38 6 23 32 6 24 38 6 25 31 7 26 31 7 27 38 6 28 39 7 29 31 7 30 39 7 31 30 8 32 30 8 33 39 7 34 40 8 35 30 8 36 40 8 37 29 9 38 29 9 39 40 8 40 41 9 41 29 9 42 41 9 43 28 10 44 28 10 45 41 9 46 42 11 47 28 10 48 42 11 49 27 12 50 27 12 51 42 11 52 43 12 53 27 12 54 43 12 55 26 13 56 26 13 57 43 12 58 44 13 59 26 13 60 44 13 61 25 14 62 25 14 63 44 13 64 45 14 65 25 14 66 45 14 67 24 15 68 24 15 69 45 14 70 46 15 71 24 15 72 46 15 73 23 16 74 23 16 75 46 15 76 47 16 77 23 16 78 47 16 79 22 17 80 22 17 81 47 16 82 48 17 83 22 17 84 48 17 85 21 18 86 21 18 87 48 17 88 49 19 89 21 18 90 49 19 91 20 20 92 20 20 93 49 19 94 50 20 95 20 20 96 50 20 97 19 21 98 19 21 99 50 20 100 51 21 101 19 21 102 51 21 103 18 22 104 18 22 105 51 21 106 52 22 107 18 22 108 52 22 109 17 23 110 17 23 111 52 22 112 53 23 113 17 23 114 53 23 115 16 24 116 16 24 117 53 23 118 54 24 119 16 24 120 54 24 121 15 25 122 15 25 123 54 24 124 55 25 125 15 25 126 55 25 127 14 26 128 14 26 129 55 25 130 56 27 131 14 26 132 56 27 133 13 28 134 13 28 135 56 27 136 57 28 137 13 28 138 57 28 139 12 29 140 12 29 141 57 28 142 58 29 143 12 29 144 58 29 145 11 30 146 11 30 147 58 29 148 59 30 149 11 30 150 59 30 151 10 31 152 10 31 153 59 30 154 60 31 155 10 31 156 60 31 157 9 32 158 9 32 159 60 31 160 61 32 161 9 32 162 61 32 163 8 33 164 8 33 165 61 32 166 62 33 167 8 33 168 62 33 169 7 34 170 7 34 171 62 33 172 63 34 173 7 34 174 63 34 175 6 35 176 6 35 177 63 34 178 64 35 179 6 35 180 64 35 181 5 36 182 5 36 183 64 35 184 65 36 185 5 36 186 65 36 187 4 37 188 4 37 189 65 36 190 66 37 191 4 37 192 66 37 193 3 38 194 3 38 195 66 37 196 67 38 197 3 38 198 67 38 199 2 39 200 2 39 201 67 38 202 68 39 203 2 39 204 68 39 205 1 0 206 1 0 207 68 39 208 69 0 209 73 40 210 107 41 211 72 41 212 72 41 213 107 41 214 108 42 215 72 41 216 108 42 217 106 42 218 106 42 219 108 42 220 109 43 221 106 42 222 109 43 223 105 43 224 105 43 225 109 43 226 110 44 227 105 43 228 110 44 229 104 44 230 104 44 231 110 44 232 111 45 233 104 44 234 111 45 235 103 45 236 103 45 237 111 45 238 112 46 239 103 45 240 112 46 241 102 46 242 102 46 243 112 46 244 113 47 245 102 46 246 113 47 247 101 47 248 101 47 249 113 47 250 114 48 251 101 47 252 114 48 253 100 48 254 100 48 255 114 48 256 115 49 257 100 48 258 115 49 259 99 49 260 99 49 261 115 49 262 116 50 263 99 49 264 116 50 265 98 50 266 98 50 267 116 50 268 117 51 269 98 50 270 117 51 271 97 51 272 97 51 273 117 51 274 118 52 275 97 51 276 118 52 277 96 52 278 96 52 279 118 52 280 119 53 281 96 52 282 119 53 283 95 53 284 95 53 285 119 53 286 120 54 287 95 53 288 120 54 289 94 54 290 94 54 291 120 54 292 121 55 293 94 54 294 121 55 295 93 55 296 93 55 297 121 55 298 122 56 299 93 55 300 122 56 301 92 56 302 92 56 303 122 56 304 123 57 305 92 56 306 123 57 307 91 57 308 91 57 309 123 57 310 143 58 311 91 57 312 143 58 313 90 58 314 142 59 315 124 59 316 125 60 317 142 59 318 125 60 319 89 60 320 89 60 321 125 60 322 126 61 323 89 60 324 126 61 325 88 61 326 88 61 327 126 61 328 127 62 329 88 61 330 127 62 331 87 62 332 87 62 333 127 62 334 128 63 335 87 62 336 128 63 337 86 63 338 86 63 339 128 63 340 129 64 341 86 63 342 129 64 343 85 64 344 85 64 345 129 64 346 130 65 347 85 64 348 130 65 349 84 65 350 84 65 351 130 65 352 131 66 353 84 65 354 131 66 355 83 66 356 83 66 357 131 66 358 132 67 359 83 66 360 132 67 361 82 67 362 82 67 363 132 67 364 133 68 365 82 67 366 133 68 367 81 68 368 81 68 369 133 68 370 134 69 371 81 68 372 134 69 373 80 69 374 80 69 375 134 69 376 135 70 377 80 69 378 135 70 379 79 70 380 79 70 381 135 70 382 136 71 383 79 70 384 136 71 385 78 71 386 78 71 387 136 71 388 137 72 389 78 71 390 137 72 391 77 72 392 77 72 393 137 72 394 138 73 395 77 72 396 138 73 397 76 73 398 76 73 399 138 73 400 139 74 401 76 73 402 139 74 403 75 74 404 75 74 405 139 74 406 140 75 407 75 74 408 140 75 409 74 75 410 74 75 411 140 75 412 141 40 413 74 75 414 141 40 415 73 40 416 73 40 417 141 40 418 107 41 419 144 76 420 145 76 421 178 76 422 178 77 423 145 77 424 146 77 425 178 78 426 146 78 427 177 78 428 177 79 429 146 79 430 147 79 431 177 76 432 147 76 433 176 76 434 176 80 435 147 80 436 148 80 437 176 81 438 148 81 439 149 81 440 149 82 441 150 82 442 176 82 443 176 83 444 150 83 445 151 83 446 176 84 447 151 84 448 152 84 449 152 85 450 153 85 451 176 85 452 176 86 453 153 86 454 154 86 455 176 87 456 154 87 457 155 87 458 155 88 459 156 88 460 176 88 461 176 89 462 156 89 463 157 89 464 176 90 465 157 90 466 175 90 467 175 91 468 157 91 469 158 91 470 175 92 471 158 92 472 159 92 473 159 76 474 160 76 475 175 76 476 175 93 477 160 93 478 161 93 479 175 94 480 161 94 481 162 94 482 162 76 483 163 76 484 175 76 485 175 76 486 163 76 487 164 76 488 175 95 489 164 95 490 165 95 491 165 76 492 166 76 493 175 76 494 175 96 495 166 96 496 174 96 497 174 76 498 166 76 499 167 76 500 174 97 501 167 97 502 173 97 503 173 98 504 167 98 505 168 98 506 173 99 507 168 99 508 172 99 509 172 76 510 168 76 511 169 76 512 172 76 513 169 76 514 171 76 515 171 100 516 169 100 517 170 100 518 180 101 519 298 101 520 179 102 521 179 102 522 298 101 523 300 102 524 299 103 525 239 103 526 238 104 527 238 104 528 239 103 529 240 104 530 238 104 531 240 104 532 237 105 533 237 105 534 240 104 535 241 105 536 237 105 537 241 105 538 236 106 539 236 106 540 241 105 541 242 106 542 236 106 543 242 106 544 235 107 545 235 107 546 242 106 547 243 107 548 235 107 549 243 107 550 234 108 551 234 108 552 243 107 553 244 108 554 234 108 555 244 108 556 233 109 557 233 109 558 244 108 559 245 109 560 233 109 561 245 109 562 232 110 563 232 110 564 245 109 565 246 110 566 232 110 567 246 110 568 231 111 569 231 111 570 246 110 571 247 111 572 231 111 573 247 111 574 230 112 575 230 112 576 247 111 577 248 112 578 230 112 579 248 112 580 229 113 581 229 113 582 248 112 583 249 113 584 229 113 585 249 113 586 228 114 587 228 114 588 249 113 589 250 114 590 228 114 591 250 114 592 227 115 593 227 115 594 250 114 595 251 115 596 227 115 597 251 115 598 226 116 599 226 116 600 251 115 601 252 116 602 226 116 603 252 116 604 225 117 605 225 117 606 252 116 607 253 117 608 225 117 609 253 117 610 224 118 611 224 118 612 253 117 613 254 118 614 224 118 615 254 118 616 223 119 617 223 119 618 254 118 619 255 119 620 223 119 621 255 119 622 222 120 623 222 120 624 255 119 625 256 121 626 222 120 627 256 121 628 221 122 629 221 122 630 256 121 631 257 122 632 221 122 633 257 122 634 220 123 635 220 123 636 257 122 637 258 124 638 220 123 639 258 124 640 219 125 641 219 125 642 258 124 643 259 125 644 219 125 645 259 125 646 218 126 647 218 126 648 259 125 649 260 126 650 218 126 651 260 126 652 217 127 653 217 127 654 260 126 655 261 127 656 217 127 657 261 127 658 216 128 659 216 128 660 261 127 661 262 128 662 216 128 663 262 128 664 215 129 665 215 129 666 262 128 667 263 129 668 215 129 669 263 129 670 214 130 671 214 130 672 263 129 673 264 130 674 214 130 675 264 130 676 213 131 677 213 131 678 264 130 679 265 131 680 213 131 681 265 131 682 212 132 683 212 132 684 265 131 685 266 132 686 212 132 687 266 132 688 211 133 689 211 133 690 266 132 691 267 133 692 211 133 693 267 133 694 210 134 695 210 134 696 267 133 697 268 134 698 210 134 699 268 134 700 209 135 701 209 135 702 268 134 703 269 135 704 209 135 705 269 135 706 208 136 707 208 136 708 269 135 709 270 136 710 208 136 711 270 136 712 207 137 713 207 137 714 270 136 715 271 137 716 207 137 717 271 137 718 206 138 719 206 138 720 271 137 721 272 138 722 206 138 723 272 138 724 205 139 725 205 139 726 272 138 727 273 139 728 205 139 729 273 139 730 204 140 731 204 140 732 273 139 733 274 140 734 204 140 735 274 140 736 203 141 737 203 141 738 274 140 739 275 141 740 203 141 741 275 141 742 202 142 743 202 142 744 275 141 745 276 142 746 202 142 747 276 142 748 201 143 749 201 143 750 276 142 751 277 143 752 201 143 753 277 143 754 200 144 755 200 144 756 277 143 757 278 144 758 200 144 759 278 144 760 199 145 761 199 145 762 278 144 763 279 145 764 199 145 765 279 145 766 198 146 767 198 146 768 279 145 769 280 146 770 198 146 771 280 146 772 197 147 773 197 147 774 280 146 775 281 147 776 197 147 777 281 147 778 196 148 779 196 148 780 281 147 781 282 148 782 196 148 783 282 148 784 195 149 785 195 149 786 282 148 787 283 149 788 195 149 789 283 149 790 194 150 791 194 150 792 283 149 793 284 150 794 194 150 795 284 150 796 193 151 797 193 151 798 284 150 799 285 151 800 193 151 801 285 151 802 192 152 803 192 152 804 285 151 805 286 153 806 192 152 807 286 153 808 191 154 809 191 154 810 286 153 811 287 154 812 191 154 813 287 154 814 190 155 815 190 155 816 287 154 817 288 156 818 190 155 819 288 156 820 189 157 821 189 157 822 288 156 823 289 157 824 189 157 825 289 157 826 188 158 827 188 158 828 289 157 829 290 158 830 188 158 831 290 158 832 187 159 833 187 159 834 290 158 835 291 159 836 187 159 837 291 159 838 186 160 839 186 160 840 291 159 841 292 160 842 186 160 843 292 160 844 185 161 845 185 161 846 292 160 847 293 161 848 185 161 849 293 161 850 184 162 851 184 162 852 293 161 853 294 162 854 184 162 855 294 162 856 183 163 857 183 163 858 294 162 859 295 163 860 183 163 861 295 163 862 182 164 863 182 164 864 295 163 865 296 164 866 182 164 867 296 164 868 181 165 869 181 165 870 296 164 871 297 165 872 181 165 873 297 165 874 180 101 875 180 101 876 297 165 877 298 101 878 302 166 879 420 166 880 301 41 881 301 41 882 420 166 883 361 41 884 301 41 885 361 41 886 360 167 887 360 167 888 361 41 889 362 167 890 360 167 891 362 167 892 359 168 893 359 168 894 362 167 895 363 168 896 359 168 897 363 168 898 358 169 899 358 169 900 363 168 901 364 169 902 358 169 903 364 169 904 357 170 905 357 170 906 364 169 907 365 170 908 357 170 909 365 170 910 356 171 911 356 171 912 365 170 913 366 171 914 356 171 915 366 171 916 355 172 917 355 172 918 366 171 919 367 172 920 355 172 921 367 172 922 354 173 923 354 173 924 367 172 925 368 173 926 354 173 927 368 173 928 353 174 929 353 174 930 368 173 931 369 174 932 353 174 933 369 174 934 352 175 935 352 175 936 369 174 937 370 175 938 352 175 939 370 175 940 351 176 941 351 176 942 370 175 943 371 176 944 351 176 945 371 176 946 350 177 947 350 177 948 371 176 949 372 177 950 350 177 951 372 177 952 349 70 953 349 70 954 372 177 955 373 70 956 349 70 957 373 70 958 348 178 959 348 178 960 373 70 961 374 178 962 348 178 963 374 178 964 347 179 965 347 179 966 374 178 967 375 179 968 347 179 969 375 179 970 346 180 971 346 180 972 375 179 973 376 180 974 346 180 975 376 180 976 345 181 977 345 181 978 376 180 979 377 181 980 345 181 981 377 181 982 344 182 983 344 182 984 377 181 985 378 182 986 344 182 987 378 182 988 343 183 989 343 183 990 378 182 991 379 183 992 343 183 993 379 183 994 342 184 995 342 184 996 379 183 997 380 184 998 342 184 999 380 184 1000 341 185 1001 341 185 1002 380 184 1003 381 185 1004 341 185 1005 381 185 1006 340 186 1007 340 186 1008 381 185 1009 382 186 1010 340 186 1011 382 186 1012 339 187 1013 339 187 1014 382 186 1015 383 187 1016 339 187 1017 383 187 1018 338 188 1019 338 188 1020 383 187 1021 384 188 1022 338 188 1023 384 188 1024 337 63 1025 337 63 1026 384 188 1027 385 63 1028 337 63 1029 385 63 1030 336 189 1031 336 189 1032 385 63 1033 386 189 1034 336 189 1035 386 189 1036 335 190 1037 335 190 1038 386 189 1039 387 190 1040 335 190 1041 387 190 1042 334 191 1043 334 191 1044 387 190 1045 388 191 1046 334 191 1047 388 191 1048 333 192 1049 333 192 1050 388 191 1051 389 192 1052 333 192 1053 389 192 1054 332 193 1055 332 193 1056 389 192 1057 390 193 1058 332 193 1059 390 193 1060 331 194 1061 331 194 1062 390 193 1063 421 194 1064 422 195 1065 391 195 1066 330 196 1067 330 196 1068 391 195 1069 392 196 1070 330 196 1071 392 196 1072 329 197 1073 329 197 1074 392 196 1075 393 197 1076 329 197 1077 393 197 1078 328 198 1079 328 198 1080 393 197 1081 394 198 1082 328 198 1083 394 198 1084 327 199 1085 327 199 1086 394 198 1087 395 199 1088 327 199 1089 395 199 1090 326 200 1091 326 200 1092 395 199 1093 396 200 1094 326 200 1095 396 200 1096 325 55 1097 325 55 1098 396 200 1099 397 55 1100 325 55 1101 397 55 1102 324 201 1103 324 201 1104 397 55 1105 398 201 1106 324 201 1107 398 201 1108 323 202 1109 323 202 1110 398 201 1111 399 202 1112 323 202 1113 399 202 1114 322 203 1115 322 203 1116 399 202 1117 400 203 1118 322 203 1119 400 203 1120 321 204 1121 321 204 1122 400 203 1123 401 204 1124 321 204 1125 401 204 1126 320 205 1127 320 205 1128 401 204 1129 402 205 1130 320 205 1131 402 205 1132 319 206 1133 319 206 1134 402 205 1135 403 206 1136 319 206 1137 403 206 1138 318 207 1139 318 207 1140 403 206 1141 404 207 1142 318 207 1143 404 207 1144 317 208 1145 317 208 1146 404 207 1147 405 208 1148 317 208 1149 405 208 1150 316 209 1151 316 209 1152 405 208 1153 406 209 1154 316 209 1155 406 209 1156 315 210 1157 315 210 1158 406 209 1159 407 210 1160 315 210 1161 407 210 1162 314 211 1163 314 211 1164 407 210 1165 408 211 1166 314 211 1167 408 211 1168 313 48 1169 313 48 1170 408 211 1171 409 48 1172 313 48 1173 409 48 1174 312 212 1175 312 212 1176 409 48 1177 410 212 1178 312 212 1179 410 212 1180 311 213 1181 311 213 1182 410 212 1183 411 213 1184 311 213 1185 411 213 1186 310 214 1187 310 214 1188 411 213 1189 412 214 1190 310 214 1191 412 214 1192 309 215 1193 309 215 1194 412 214 1195 413 215 1196 309 215 1197 413 215 1198 308 216 1199 308 216 1200 413 215 1201 414 216 1202 308 216 1203 414 216 1204 307 217 1205 307 217 1206 414 216 1207 415 217 1208 307 217 1209 415 217 1210 306 218 1211 306 218 1212 415 217 1213 416 218 1214 306 218 1215 416 218 1216 305 219 1217 305 219 1218 416 218 1219 417 219 1220 305 219 1221 417 219 1222 304 220 1223 304 220 1224 417 219 1225 418 220 1226 304 220 1227 418 220 1228 303 221 1229 303 221 1230 418 220 1231 419 221 1232 303 221 1233 419 221 1234 302 166 1235 302 166 1236 419 221 1237 420 166 1238 424 222 1239 538 222 1240 423 222 1241 423 222 1242 538 222 1243 479 222 1244 423 222 1245 479 222 1246 480 222 1247 538 222 1248 424 222 1249 537 222 1250 537 222 1251 424 222 1252 425 222 1253 537 222 1254 425 222 1255 536 222 1256 536 222 1257 425 222 1258 426 222 1259 536 222 1260 426 222 1261 535 222 1262 535 222 1263 426 222 1264 427 222 1265 535 222 1266 427 222 1267 534 222 1268 534 223 1269 427 223 1270 428 223 1271 534 224 1272 428 224 1273 533 224 1274 533 222 1275 428 222 1276 429 222 1277 533 222 1278 429 222 1279 532 222 1280 532 225 1281 429 225 1282 430 225 1283 532 222 1284 430 222 1285 531 222 1286 531 226 1287 430 226 1288 431 226 1289 531 227 1290 431 227 1291 530 227 1292 530 228 1293 431 228 1294 432 228 1295 530 229 1296 432 229 1297 529 229 1298 529 230 1299 432 230 1300 433 230 1301 529 222 1302 433 222 1303 528 222 1304 528 231 1305 433 231 1306 434 231 1307 528 222 1308 434 222 1309 527 222 1310 527 232 1311 434 232 1312 435 232 1313 527 233 1314 435 233 1315 526 233 1316 526 234 1317 435 234 1318 436 234 1319 526 235 1320 436 235 1321 525 235 1322 525 236 1323 436 236 1324 437 236 1325 525 222 1326 437 222 1327 524 222 1328 524 222 1329 437 222 1330 523 222 1331 523 237 1332 437 237 1333 438 237 1334 523 238 1335 438 238 1336 522 238 1337 522 239 1338 438 239 1339 439 239 1340 522 240 1341 439 240 1342 521 240 1343 521 241 1344 439 241 1345 440 241 1346 521 242 1347 440 242 1348 520 242 1349 520 243 1350 440 243 1351 441 243 1352 520 244 1353 441 244 1354 519 244 1355 519 245 1356 441 245 1357 442 245 1358 519 246 1359 442 246 1360 518 246 1361 518 247 1362 442 247 1363 443 247 1364 518 248 1365 443 248 1366 517 248 1367 517 249 1368 443 249 1369 444 249 1370 517 250 1371 444 250 1372 516 250 1373 516 251 1374 444 251 1375 445 251 1376 516 252 1377 445 252 1378 515 252 1379 515 222 1380 445 222 1381 446 222 1382 515 253 1383 446 253 1384 514 253 1385 514 254 1386 446 254 1387 447 254 1388 514 255 1389 447 255 1390 513 255 1391 513 222 1392 447 222 1393 448 222 1394 513 256 1395 448 256 1396 512 256 1397 512 222 1398 448 222 1399 449 222 1400 512 257 1401 449 257 1402 511 257 1403 511 222 1404 449 222 1405 450 222 1406 511 258 1407 450 258 1408 510 258 1409 510 222 1410 450 222 1411 451 222 1412 510 222 1413 451 222 1414 509 222 1415 509 222 1416 451 222 1417 508 222 1418 508 222 1419 451 222 1420 452 222 1421 508 222 1422 452 222 1423 507 222 1424 507 222 1425 452 222 1426 453 222 1427 507 222 1428 453 222 1429 506 222 1430 506 222 1431 453 222 1432 454 222 1433 506 222 1434 454 222 1435 505 222 1436 505 222 1437 454 222 1438 455 222 1439 505 222 1440 455 222 1441 504 222 1442 504 254 1443 455 254 1444 456 254 1445 504 259 1446 456 259 1447 503 259 1448 503 222 1449 456 222 1450 457 222 1451 503 222 1452 457 222 1453 502 222 1454 502 251 1455 457 251 1456 458 251 1457 502 222 1458 458 222 1459 501 222 1460 501 249 1461 458 249 1462 459 249 1463 501 260 1464 459 260 1465 500 260 1466 500 247 1467 459 247 1468 460 247 1469 500 261 1470 460 261 1471 499 261 1472 499 245 1473 460 245 1474 461 245 1475 499 222 1476 461 222 1477 498 222 1478 498 243 1479 461 243 1480 462 243 1481 498 222 1482 462 222 1483 497 222 1484 497 241 1485 462 241 1486 463 241 1487 497 262 1488 463 262 1489 496 262 1490 496 239 1491 463 239 1492 464 239 1493 496 263 1494 464 263 1495 495 263 1496 495 237 1497 464 237 1498 465 237 1499 495 222 1500 465 222 1501 494 222 1502 494 222 1503 465 222 1504 493 222 1505 493 236 1506 465 236 1507 466 236 1508 493 264 1509 466 264 1510 492 264 1511 492 234 1512 466 234 1513 467 234 1514 492 265 1515 467 265 1516 491 265 1517 491 232 1518 467 232 1519 468 232 1520 491 266 1521 468 266 1522 490 266 1523 490 231 1524 468 231 1525 469 231 1526 490 267 1527 469 267 1528 489 267 1529 489 230 1530 469 230 1531 470 230 1532 489 268 1533 470 268 1534 488 268 1535 488 228 1536 470 228 1537 471 228 1538 488 269 1539 471 269 1540 487 269 1541 487 226 1542 471 226 1543 472 226 1544 487 270 1545 472 270 1546 486 270 1547 486 225 1548 472 225 1549 473 225 1550 486 271 1551 473 271 1552 485 271 1553 485 222 1554 473 222 1555 474 222 1556 485 272 1557 474 272 1558 484 272 1559 484 223 1560 474 223 1561 475 223 1562 484 273 1563 475 273 1564 483 273 1565 483 222 1566 475 222 1567 476 222 1568 483 274 1569 476 274 1570 482 274 1571 482 222 1572 476 222 1573 477 222 1574 482 275 1575 477 275 1576 481 275 1577 481 222 1578 477 222 1579 478 222 1580 481 276 1581 478 276 1582 480 276 1583 480 222 1584 478 222 1585 423 222 1586 540 277 1587 541 278 1588 539 279 1589 539 279 1590 541 278 1591 542 280 1592 539 279 1593 542 280 1594 550 281 1595 550 281 1596 542 280 1597 543 282 1598 550 281 1599 543 282 1600 549 283 1601 549 283 1602 543 282 1603 544 284 1604 549 283 1605 544 284 1606 548 285 1607 548 285 1608 544 284 1609 545 286 1610 548 285 1611 545 286 1612 547 287 1613 547 287 1614 545 286 1615 546 288 1616 552 289 1617 553 289 1618 551 289 1619 551 290 1620 553 290 1621 562 290 1622 562 291 1623 553 291 1624 559 291 1625 562 292 1626 559 292 1627 560 292 1628 553 293 1629 554 293 1630 559 293 1631 559 294 1632 554 294 1633 558 294 1634 558 295 1635 554 295 1636 555 295 1637 558 296 1638 555 296 1639 556 296 1640 556 297 1641 557 297 1642 558 297 1643 560 298 1644 561 298 1645 562 298 1646 564 299 1647 572 300 1648 563 301 1649 563 301 1650 572 300 1651 573 302 1652 563 301 1653 573 302 1654 574 303 1655 572 300 1656 564 299 1657 571 304 1658 571 304 1659 564 299 1660 565 305 1661 571 304 1662 565 305 1663 570 306 1664 570 306 1665 565 305 1666 566 307 1667 570 306 1668 566 307 1669 569 308 1670 569 308 1671 566 307 1672 567 309 1673 569 308 1674 567 309 1675 568 310 1676 575 311 1677 576 311 1678 582 312 1679 582 312 1680 576 311 1681 577 312 1682 582 312 1683 577 312 1684 578 313 1685 579 314 1686 580 314 1687 578 313 1688 578 313 1689 580 314 1690 581 313 1691 578 313 1692 581 313 1693 582 312 1694 583 315 1695 584 316 1696 600 315 1697 600 315 1698 584 316 1699 599 317 1700 599 317 1701 584 316 1702 585 318 1703 599 317 1704 585 318 1705 598 319 1706 598 319 1707 585 318 1708 586 320 1709 598 319 1710 586 320 1711 597 321 1712 597 321 1713 586 320 1714 587 322 1715 597 321 1716 587 322 1717 596 323 1718 596 323 1719 587 322 1720 588 324 1721 596 323 1722 588 324 1723 595 325 1724 595 325 1725 588 324 1726 589 326 1727 595 325 1728 589 326 1729 594 327 1730 594 327 1731 589 326 1732 590 328 1733 594 327 1734 590 328 1735 593 329 1736 593 329 1737 590 328 1738 591 330 1739 593 329 1740 591 330 1741 592 330 1742 601 331 1743 602 331 1744 612 331 1745 612 332 1746 602 332 1747 603 332 1748 612 333 1749 603 333 1750 606 333 1751 606 334 1752 603 334 1753 605 334 1754 605 335 1755 603 335 1756 604 335 1757 612 336 1758 606 336 1759 611 336 1760 611 337 1761 606 337 1762 607 337 1763 611 338 1764 607 338 1765 610 338 1766 610 339 1767 607 339 1768 609 339 1769 609 340 1770 607 340 1771 608 340 1772 630 341 1773 613 341 1774 629 342 1775 629 342 1776 613 341 1777 614 343 1778 629 342 1779 614 343 1780 628 344 1781 628 344 1782 614 343 1783 615 345 1784 628 344 1785 615 345 1786 627 346 1787 627 346 1788 615 345 1789 616 347 1790 627 346 1791 616 347 1792 626 348 1793 626 348 1794 616 347 1795 617 349 1796 626 348 1797 617 349 1798 625 350 1799 625 350 1800 617 349 1801 618 351 1802 625 350 1803 618 351 1804 624 352 1805 624 352 1806 618 351 1807 619 353 1808 624 352 1809 619 353 1810 623 354 1811 623 354 1812 619 353 1813 620 355 1814 623 354 1815 620 355 1816 622 356 1817 622 356 1818 620 355 1819 621 356 1820 631 357 1821 632 357 1822 638 358 1823 638 358 1824 632 357 1825 633 358 1826 638 358 1827 633 358 1828 637 359 1829 637 359 1830 633 358 1831 634 359 1832 637 359 1833 634 359 1834 636 360 1835 636 360 1836 634 359 1837 635 360 1838 702 361 1839 639 362 1840 744 363 1841 744 363 1842 639 362 1843 640 364 1844 744 363 1845 640 364 1846 752 365 1847 752 365 1848 640 364 1849 641 366 1850 752 365 1851 641 366 1852 756 367 1853 756 367 1854 641 366 1855 642 368 1856 756 367 1857 642 368 1858 643 369 1859 756 367 1860 643 369 1861 760 370 1862 760 370 1863 643 369 1864 644 371 1865 760 370 1866 644 371 1867 645 372 1868 760 370 1869 645 372 1870 764 373 1871 764 373 1872 645 372 1873 646 374 1874 764 373 1875 646 374 1876 768 375 1877 768 375 1878 646 374 1879 647 376 1880 768 375 1881 647 376 1882 648 377 1883 768 375 1884 648 377 1885 772 378 1886 772 378 1887 648 377 1888 649 379 1889 772 378 1890 649 379 1891 776 380 1892 776 380 1893 649 379 1894 650 381 1895 776 380 1896 650 381 1897 651 382 1898 651 382 1899 886 383 1900 776 380 1901 776 380 1902 886 383 1903 738 384 1904 776 380 1905 738 384 1906 739 385 1907 740 386 1908 785 387 1909 782 388 1910 740 386 1911 782 388 1912 783 389 1913 783 389 1914 782 388 1915 788 390 1916 783 389 1917 788 390 1918 789 391 1919 789 391 1920 788 390 1921 793 392 1922 789 391 1923 793 392 1924 718 393 1925 718 393 1926 793 392 1927 717 394 1928 717 394 1929 793 392 1930 797 395 1931 717 394 1932 797 395 1933 716 396 1934 716 396 1935 797 395 1936 801 397 1937 716 396 1938 801 397 1939 715 398 1940 715 398 1941 801 397 1942 805 399 1943 715 398 1944 805 399 1945 714 400 1946 714 400 1947 805 399 1948 809 401 1949 714 400 1950 809 401 1951 713 402 1952 713 402 1953 809 401 1954 813 403 1955 713 402 1956 813 403 1957 712 404 1958 712 404 1959 813 403 1960 817 405 1961 712 404 1962 817 405 1963 711 406 1964 711 406 1965 817 405 1966 821 407 1967 711 406 1968 821 407 1969 710 408 1970 710 408 1971 821 407 1972 825 409 1973 710 408 1974 825 409 1975 709 410 1976 709 410 1977 825 409 1978 829 411 1979 709 410 1980 829 411 1981 708 412 1982 708 412 1983 829 411 1984 833 413 1985 708 412 1986 833 413 1987 707 414 1988 707 414 1989 833 413 1990 837 415 1991 707 414 1992 837 415 1993 706 416 1994 706 416 1995 837 415 1996 841 417 1997 706 416 1998 841 417 1999 705 418 2000 705 418 2001 841 417 2002 845 419 2003 705 418 2004 845 419 2005 704 420 2006 704 420 2007 845 419 2008 849 421 2009 704 420 2010 849 421 2011 703 422 2012 703 422 2013 849 421 2014 853 423 2015 703 422 2016 853 423 2017 857 424 2018 857 424 2019 853 423 2020 852 425 2021 857 424 2022 852 425 2023 856 426 2024 856 426 2025 852 425 2026 851 427 2027 856 426 2028 851 427 2029 855 428 2030 855 428 2031 851 427 2032 850 429 2033 850 429 2034 851 427 2035 846 430 2036 850 429 2037 846 430 2038 684 431 2039 684 431 2040 846 430 2041 683 432 2042 683 432 2043 846 430 2044 682 433 2045 682 433 2046 846 430 2047 681 434 2048 681 434 2049 846 430 2050 842 435 2051 681 434 2052 842 435 2053 680 436 2054 680 436 2055 842 435 2056 838 437 2057 680 436 2058 838 437 2059 679 438 2060 679 438 2061 838 437 2062 678 439 2063 678 439 2064 838 437 2065 834 440 2066 678 439 2067 834 440 2068 677 441 2069 677 441 2070 834 440 2071 830 442 2072 677 441 2073 830 442 2074 676 443 2075 676 443 2076 830 442 2077 675 444 2078 675 444 2079 830 442 2080 826 445 2081 675 444 2082 826 445 2083 674 446 2084 674 446 2085 826 445 2086 673 447 2087 673 447 2088 826 445 2089 822 448 2090 673 447 2091 822 448 2092 672 449 2093 672 449 2094 822 448 2095 818 450 2096 672 449 2097 818 450 2098 671 451 2099 671 451 2100 818 450 2101 670 452 2102 670 452 2103 818 450 2104 814 453 2105 670 452 2106 814 453 2107 669 454 2108 669 454 2109 814 453 2110 668 455 2111 668 455 2112 814 453 2113 810 456 2114 668 455 2115 810 456 2116 667 457 2117 667 457 2118 810 456 2119 666 458 2120 666 458 2121 810 456 2122 665 459 2123 665 459 2124 810 456 2125 806 460 2126 665 459 2127 806 460 2128 664 461 2129 664 461 2130 806 460 2131 802 462 2132 664 461 2133 802 462 2134 663 463 2135 663 463 2136 802 462 2137 662 464 2138 662 464 2139 802 462 2140 798 465 2141 662 464 2142 798 465 2143 661 466 2144 661 466 2145 798 465 2146 794 467 2147 661 466 2148 794 467 2149 660 468 2150 660 468 2151 794 467 2152 659 469 2153 659 469 2154 794 467 2155 790 470 2156 659 469 2157 790 470 2158 658 471 2159 658 471 2160 790 470 2161 657 472 2162 657 472 2163 790 470 2164 786 473 2165 657 472 2166 786 473 2167 656 474 2168 656 474 2169 786 473 2170 781 475 2171 656 474 2172 781 475 2173 655 476 2174 655 476 2175 781 475 2176 654 477 2177 654 477 2178 781 475 2179 785 387 2180 654 477 2181 785 387 2182 653 478 2183 653 478 2184 785 387 2185 652 479 2186 684 431 2187 685 480 2188 850 429 2189 850 429 2190 685 480 2191 686 481 2192 850 429 2193 686 481 2194 854 482 2195 854 482 2196 686 481 2197 687 483 2198 854 482 2199 687 483 2200 688 484 2201 854 482 2202 688 484 2203 858 485 2204 858 485 2205 688 484 2206 689 486 2207 858 485 2208 689 486 2209 862 487 2210 862 487 2211 689 486 2212 690 488 2213 862 487 2214 690 488 2215 691 489 2216 862 487 2217 691 489 2218 866 490 2219 866 490 2220 691 489 2221 692 491 2222 866 490 2223 692 491 2224 693 492 2225 866 490 2226 693 492 2227 870 493 2228 870 493 2229 693 492 2230 694 494 2231 870 493 2232 694 494 2233 874 495 2234 874 495 2235 694 494 2236 695 496 2237 874 495 2238 695 496 2239 696 497 2240 874 495 2241 696 497 2242 878 498 2243 878 498 2244 696 497 2245 697 499 2246 878 498 2247 697 499 2248 882 500 2249 882 500 2250 697 499 2251 698 501 2252 882 500 2253 698 501 2254 699 502 2255 699 502 2256 700 503 2257 882 500 2258 882 500 2259 700 503 2260 751 504 2261 882 500 2262 751 504 2263 750 505 2264 750 505 2265 751 504 2266 745 506 2267 750 505 2268 745 506 2269 746 507 2270 750 505 2271 746 507 2272 749 508 2273 749 508 2274 746 507 2275 747 509 2276 747 509 2277 746 507 2278 755 510 2279 747 509 2280 755 510 2281 728 511 2282 728 511 2283 755 510 2284 727 512 2285 727 512 2286 755 510 2287 759 513 2288 727 512 2289 759 513 2290 726 514 2291 726 514 2292 759 513 2293 763 515 2294 726 514 2295 763 515 2296 725 516 2297 725 516 2298 763 515 2299 767 517 2300 725 516 2301 767 517 2302 724 518 2303 724 518 2304 767 517 2305 771 519 2306 724 518 2307 771 519 2308 723 520 2309 723 520 2310 771 519 2311 775 521 2312 723 520 2313 775 521 2314 722 522 2315 722 522 2316 775 521 2317 779 523 2318 722 522 2319 779 523 2320 721 524 2321 721 524 2322 779 523 2323 780 525 2324 721 524 2325 780 525 2326 720 526 2327 887 527 2328 743 528 2329 784 529 2330 887 527 2331 784 529 2332 719 530 2333 719 530 2334 784 529 2335 789 391 2336 719 530 2337 789 391 2338 718 393 2339 700 503 2340 701 531 2341 751 504 2342 751 504 2343 701 531 2344 702 361 2345 751 504 2346 702 361 2347 744 363 2348 728 511 2349 729 532 2350 747 509 2351 747 509 2352 729 532 2353 748 533 2354 747 509 2355 748 533 2356 749 508 2357 749 508 2358 748 533 2359 884 534 2360 749 508 2361 884 534 2362 883 535 2363 749 508 2364 883 535 2365 750 505 2366 750 505 2367 883 535 2368 882 500 2369 882 500 2370 883 535 2371 878 498 2372 729 532 2373 730 536 2374 748 533 2375 748 533 2376 730 536 2377 885 537 2378 748 533 2379 885 537 2380 884 534 2381 884 534 2382 885 537 2383 880 538 2384 884 534 2385 880 538 2386 879 539 2387 884 534 2388 879 539 2389 883 535 2390 883 535 2391 879 539 2392 878 498 2393 878 498 2394 879 539 2395 874 495 2396 730 536 2397 731 540 2398 885 537 2399 885 537 2400 731 540 2401 881 541 2402 885 537 2403 881 541 2404 880 538 2405 880 538 2406 881 541 2407 876 542 2408 880 538 2409 876 542 2410 875 543 2411 880 538 2412 875 543 2413 879 539 2414 879 539 2415 875 543 2416 874 495 2417 874 495 2418 875 543 2419 870 493 2420 731 540 2421 732 544 2422 881 541 2423 881 541 2424 732 544 2425 877 545 2426 881 541 2427 877 545 2428 876 542 2429 876 542 2430 877 545 2431 872 546 2432 876 542 2433 872 546 2434 871 547 2435 876 542 2436 871 547 2437 875 543 2438 875 543 2439 871 547 2440 870 493 2441 870 493 2442 871 547 2443 866 490 2444 732 544 2445 733 548 2446 877 545 2447 877 545 2448 733 548 2449 873 549 2450 877 545 2451 873 549 2452 872 546 2453 872 546 2454 873 549 2455 868 550 2456 872 546 2457 868 550 2458 867 551 2459 872 546 2460 867 551 2461 871 547 2462 871 547 2463 867 551 2464 866 490 2465 866 490 2466 867 551 2467 862 487 2468 733 548 2469 734 552 2470 873 549 2471 873 549 2472 734 552 2473 869 553 2474 873 549 2475 869 553 2476 868 550 2477 868 550 2478 869 553 2479 864 554 2480 868 550 2481 864 554 2482 863 555 2483 868 550 2484 863 555 2485 867 551 2486 867 551 2487 863 555 2488 862 487 2489 862 487 2490 863 555 2491 858 485 2492 734 552 2493 735 556 2494 869 553 2495 869 553 2496 735 556 2497 865 557 2498 869 553 2499 865 557 2500 864 554 2501 864 554 2502 865 557 2503 860 558 2504 864 554 2505 860 558 2506 859 559 2507 864 554 2508 859 559 2509 863 555 2510 863 555 2511 859 559 2512 858 485 2513 858 485 2514 859 559 2515 854 482 2516 735 556 2517 736 560 2518 865 557 2519 865 557 2520 736 560 2521 861 561 2522 865 557 2523 861 561 2524 860 558 2525 860 558 2526 861 561 2527 856 426 2528 860 558 2529 856 426 2530 855 428 2531 860 558 2532 855 428 2533 859 559 2534 859 559 2535 855 428 2536 854 482 2537 854 482 2538 855 428 2539 850 429 2540 736 560 2541 737 562 2542 861 561 2543 861 561 2544 737 562 2545 857 424 2546 861 561 2547 857 424 2548 856 426 2549 737 562 2550 703 422 2551 857 424 2552 739 385 2553 741 563 2554 777 564 2555 777 564 2556 741 563 2557 778 565 2558 777 564 2559 778 565 2560 773 566 2561 773 566 2562 778 565 2563 774 567 2564 773 566 2565 774 567 2566 770 568 2567 773 566 2568 770 568 2569 769 569 2570 769 569 2571 770 568 2572 766 570 2573 769 569 2574 766 570 2575 765 571 2576 765 571 2577 766 570 2578 762 572 2579 765 571 2580 762 572 2581 761 573 2582 761 573 2583 762 572 2584 758 574 2585 761 573 2586 758 574 2587 757 575 2588 757 575 2589 758 574 2590 754 576 2591 757 575 2592 754 576 2593 753 577 2594 753 577 2595 754 576 2596 746 507 2597 753 577 2598 746 507 2599 745 506 2600 741 563 2601 780 525 2602 778 565 2603 778 565 2604 780 525 2605 779 523 2606 778 565 2607 779 523 2608 774 567 2609 774 567 2610 779 523 2611 775 521 2612 774 567 2613 775 521 2614 770 568 2615 770 568 2616 775 521 2617 771 519 2618 770 568 2619 771 519 2620 766 570 2621 766 570 2622 771 519 2623 767 517 2624 766 570 2625 767 517 2626 762 572 2627 762 572 2628 767 517 2629 763 515 2630 762 572 2631 763 515 2632 758 574 2633 758 574 2634 763 515 2635 759 513 2636 758 574 2637 759 513 2638 754 576 2639 754 576 2640 759 513 2641 755 510 2642 754 576 2643 755 510 2644 746 507 2645 740 386 2646 783 389 2647 742 578 2648 742 578 2649 783 389 2650 784 529 2651 742 578 2652 784 529 2653 743 528 2654 753 577 2655 745 506 2656 744 363 2657 744 363 2658 745 506 2659 751 504 2660 757 575 2661 753 577 2662 752 365 2663 752 365 2664 753 577 2665 744 363 2666 761 573 2667 757 575 2668 756 367 2669 756 367 2670 757 575 2671 752 365 2672 765 571 2673 761 573 2674 760 370 2675 760 370 2676 761 573 2677 756 367 2678 769 569 2679 765 571 2680 764 373 2681 764 373 2682 765 571 2683 760 370 2684 773 566 2685 769 569 2686 768 375 2687 768 375 2688 769 569 2689 764 373 2690 777 564 2691 773 566 2692 772 378 2693 772 378 2694 773 566 2695 768 375 2696 739 385 2697 777 564 2698 776 380 2699 776 380 2700 777 564 2701 772 378 2702 785 387 2703 781 475 2704 782 388 2705 782 388 2706 781 475 2707 787 579 2708 782 388 2709 787 579 2710 788 390 2711 788 390 2712 787 579 2713 791 580 2714 788 390 2715 791 580 2716 792 581 2717 792 581 2718 791 580 2719 795 582 2720 792 581 2721 795 582 2722 796 583 2723 796 583 2724 795 582 2725 799 584 2726 796 583 2727 799 584 2728 800 585 2729 800 585 2730 799 584 2731 803 586 2732 800 585 2733 803 586 2734 804 587 2735 804 587 2736 803 586 2737 807 588 2738 804 587 2739 807 588 2740 808 589 2741 808 589 2742 807 588 2743 811 590 2744 808 589 2745 811 590 2746 812 591 2747 812 591 2748 811 590 2749 815 592 2750 812 591 2751 815 592 2752 816 593 2753 816 593 2754 815 592 2755 819 594 2756 816 593 2757 819 594 2758 820 595 2759 820 595 2760 819 594 2761 823 596 2762 820 595 2763 823 596 2764 824 597 2765 824 597 2766 823 596 2767 827 598 2768 824 597 2769 827 598 2770 828 599 2771 828 599 2772 827 598 2773 831 600 2774 828 599 2775 831 600 2776 832 601 2777 832 601 2778 831 600 2779 835 602 2780 832 601 2781 835 602 2782 836 603 2783 836 603 2784 835 602 2785 839 604 2786 836 603 2787 839 604 2788 840 605 2789 840 605 2790 839 604 2791 843 606 2792 840 605 2793 843 606 2794 844 607 2795 844 607 2796 843 606 2797 847 608 2798 844 607 2799 847 608 2800 848 609 2801 848 609 2802 847 608 2803 851 427 2804 848 609 2805 851 427 2806 852 425 2807 789 391 2808 784 529 2809 783 389 2810 791 580 2811 787 579 2812 786 473 2813 786 473 2814 787 579 2815 781 475 2816 795 582 2817 791 580 2818 790 470 2819 790 470 2820 791 580 2821 786 473 2822 797 395 2823 793 392 2824 792 581 2825 792 581 2826 793 392 2827 788 390 2828 799 584 2829 795 582 2830 794 467 2831 794 467 2832 795 582 2833 790 470 2834 801 397 2835 797 395 2836 796 583 2837 796 583 2838 797 395 2839 792 581 2840 803 586 2841 799 584 2842 798 465 2843 798 465 2844 799 584 2845 794 467 2846 805 399 2847 801 397 2848 800 585 2849 800 585 2850 801 397 2851 796 583 2852 807 588 2853 803 586 2854 802 462 2855 802 462 2856 803 586 2857 798 465 2858 809 401 2859 805 399 2860 804 587 2861 804 587 2862 805 399 2863 800 585 2864 811 590 2865 807 588 2866 806 460 2867 806 460 2868 807 588 2869 802 462 2870 813 403 2871 809 401 2872 808 589 2873 808 589 2874 809 401 2875 804 587 2876 815 592 2877 811 590 2878 810 456 2879 810 456 2880 811 590 2881 806 460 2882 817 405 2883 813 403 2884 812 591 2885 812 591 2886 813 403 2887 808 589 2888 819 594 2889 815 592 2890 814 453 2891 814 453 2892 815 592 2893 810 456 2894 821 407 2895 817 405 2896 816 593 2897 816 593 2898 817 405 2899 812 591 2900 823 596 2901 819 594 2902 818 450 2903 818 450 2904 819 594 2905 814 453 2906 825 409 2907 821 407 2908 820 595 2909 820 595 2910 821 407 2911 816 593 2912 827 598 2913 823 596 2914 822 448 2915 822 448 2916 823 596 2917 818 450 2918 829 411 2919 825 409 2920 824 597 2921 824 597 2922 825 409 2923 820 595 2924 831 600 2925 827 598 2926 826 445 2927 826 445 2928 827 598 2929 822 448 2930 833 413 2931 829 411 2932 828 599 2933 828 599 2934 829 411 2935 824 597 2936 835 602 2937 831 600 2938 830 442 2939 830 442 2940 831 600 2941 826 445 2942 837 415 2943 833 413 2944 832 601 2945 832 601 2946 833 413 2947 828 599 2948 839 604 2949 835 602 2950 834 440 2951 834 440 2952 835 602 2953 830 442 2954 841 417 2955 837 415 2956 836 603 2957 836 603 2958 837 415 2959 832 601 2960 843 606 2961 839 604 2962 838 437 2963 838 437 2964 839 604 2965 834 440 2966 845 419 2967 841 417 2968 840 605 2969 840 605 2970 841 417 2971 836 603 2972 847 608 2973 843 606 2974 842 435 2975 842 435 2976 843 606 2977 838 437 2978 849 421 2979 845 419 2980 844 607 2981 844 607 2982 845 419 2983 840 605 2984 851 427 2985 847 608 2986 846 430 2987 846 430 2988 847 608 2989 842 435 2990 853 423 2991 849 421 2992 848 609 2993 848 609 2994 849 421 2995 844 607 2996 852 425 2997 853 423 2998 848 609 2999 889 610 3000 890 610 3001 888 610 3002 888 611 3003 890 611 3004 891 611 3005 888 76 3006 891 76 3007 893 76 3008 893 612 3009 891 612 3010 892 612 3011 894 76 3012 898 76 3013 893 76 3014 893 613 3015 898 613 3016 899 613 3017 893 76 3018 899 76 3019 888 76 3020 888 614 3021 899 614 3022 903 614 3023 903 615 3024 899 615 3025 902 615 3026 902 616 3027 899 616 3028 901 616 3029 901 76 3030 899 76 3031 900 76 3032 894 617 3033 895 617 3034 898 617 3035 898 618 3036 895 618 3037 896 618 3038 898 76 3039 896 76 3040 897 76 3041 904 619 3042 905 620 3043 915 621 3044 915 621 3045 905 620 3046 916 622 3047 915 621 3048 916 622 3049 914 623 3050 914 623 3051 916 622 3052 912 624 3053 914 623 3054 912 624 3055 913 625 3056 905 620 3057 906 626 3058 916 622 3059 916 622 3060 906 626 3061 908 627 3062 916 622 3063 908 627 3064 909 628 3065 906 626 3066 907 629 3067 908 627 3068 910 630 3069 911 631 3070 909 628 3071 909 628 3072 911 631 3073 916 622 3074 911 631 3075 912 624 3076 916 622 3077 918 632 3078 1103 633 3079 917 634 3080 917 634 3081 1103 633 3082 1104 635 3083 917 634 3084 1104 635 3085 972 636 3086 972 636 3087 1104 635 3088 1105 637 3089 972 636 3090 1105 637 3091 1106 638 3092 1103 633 3093 918 632 3094 1102 639 3095 1102 639 3096 918 632 3097 919 640 3098 1102 639 3099 919 640 3100 1101 641 3101 1101 641 3102 919 640 3103 1100 642 3104 1100 642 3105 919 640 3106 1099 643 3107 1099 643 3108 919 640 3109 1098 644 3110 1098 644 3111 919 640 3112 1097 645 3113 1097 645 3114 919 640 3115 920 646 3116 1097 645 3117 920 646 3118 1096 647 3119 1096 647 3120 920 646 3121 1095 648 3122 1095 648 3123 920 646 3124 1094 649 3125 1094 649 3126 920 646 3127 1093 650 3128 1093 650 3129 920 646 3130 1092 651 3131 1092 651 3132 920 646 3133 921 652 3134 1092 651 3135 921 652 3136 1091 653 3137 1091 653 3138 921 652 3139 1090 654 3140 1090 654 3141 921 652 3142 1089 655 3143 1089 655 3144 921 652 3145 1088 656 3146 1088 656 3147 921 652 3148 1087 657 3149 1087 657 3150 921 652 3151 922 658 3152 1087 657 3153 922 658 3154 1086 659 3155 1086 659 3156 922 658 3157 1085 660 3158 1085 660 3159 922 658 3160 1084 661 3161 1084 661 3162 922 658 3163 1083 662 3164 1083 662 3165 922 658 3166 1082 663 3167 1082 663 3168 922 658 3169 923 664 3170 1082 663 3171 923 664 3172 1081 665 3173 1081 665 3174 923 664 3175 1080 666 3176 1080 666 3177 923 664 3178 924 667 3179 1080 666 3180 924 667 3181 1079 668 3182 1079 668 3183 924 667 3184 925 669 3185 1079 668 3186 925 669 3187 1078 670 3188 1078 670 3189 925 669 3190 926 671 3191 1078 670 3192 926 671 3193 1077 672 3194 1077 672 3195 926 671 3196 1076 673 3197 1076 673 3198 926 671 3199 1075 674 3200 1075 674 3201 926 671 3202 1074 675 3203 1074 675 3204 926 671 3205 1073 676 3206 1073 676 3207 926 671 3208 927 677 3209 1073 676 3210 927 677 3211 1072 678 3212 1072 678 3213 927 677 3214 1071 679 3215 1071 679 3216 927 677 3217 1070 680 3218 1070 680 3219 927 677 3220 1069 681 3221 1069 681 3222 927 677 3223 1068 682 3224 1068 682 3225 927 677 3226 928 683 3227 1068 682 3228 928 683 3229 1067 684 3230 1067 684 3231 928 683 3232 1066 685 3233 1066 685 3234 928 683 3235 1065 686 3236 1065 686 3237 928 683 3238 1064 687 3239 1064 687 3240 928 683 3241 1063 688 3242 1063 688 3243 928 683 3244 929 689 3245 1063 688 3246 929 689 3247 1062 690 3248 1062 690 3249 929 689 3250 1061 691 3251 1061 691 3252 929 689 3253 1060 692 3254 1060 692 3255 929 689 3256 1059 693 3257 1059 693 3258 929 689 3259 1058 694 3260 1058 694 3261 929 689 3262 930 695 3263 1058 694 3264 930 695 3265 1057 696 3266 1057 696 3267 930 695 3268 1056 697 3269 1056 697 3270 930 695 3271 931 698 3272 1056 697 3273 931 698 3274 1055 699 3275 1055 699 3276 931 698 3277 932 700 3278 1055 699 3279 932 700 3280 1054 701 3281 1054 701 3282 932 700 3283 933 702 3284 1054 701 3285 933 702 3286 1053 703 3287 1053 703 3288 933 702 3289 1052 704 3290 1052 704 3291 933 702 3292 1051 705 3293 1051 705 3294 933 702 3295 1050 706 3296 1050 706 3297 933 702 3298 1049 707 3299 1049 707 3300 933 702 3301 934 708 3302 1049 707 3303 934 708 3304 1048 709 3305 1048 709 3306 934 708 3307 1047 710 3308 1047 710 3309 934 708 3310 1046 711 3311 1046 711 3312 934 708 3313 1045 712 3314 1045 712 3315 934 708 3316 1044 713 3317 1044 713 3318 934 708 3319 935 714 3320 1044 713 3321 935 714 3322 1043 715 3323 1043 715 3324 935 714 3325 1042 716 3326 1042 716 3327 935 714 3328 1041 717 3329 1041 717 3330 935 714 3331 1040 718 3332 1040 718 3333 935 714 3334 1039 719 3335 1039 719 3336 935 714 3337 936 720 3338 1039 719 3339 936 720 3340 1038 721 3341 1038 721 3342 936 720 3343 1037 722 3344 1037 722 3345 936 720 3346 1036 723 3347 1036 723 3348 936 720 3349 1035 724 3350 1035 724 3351 936 720 3352 1034 725 3353 1034 725 3354 936 720 3355 937 726 3356 1034 725 3357 937 726 3358 1033 727 3359 1033 727 3360 937 726 3361 1032 728 3362 1032 728 3363 937 726 3364 938 729 3365 1032 728 3366 938 729 3367 1031 730 3368 1031 730 3369 938 729 3370 939 731 3371 1031 730 3372 939 731 3373 1030 732 3374 1030 732 3375 939 731 3376 940 733 3377 1030 732 3378 940 733 3379 1029 734 3380 1029 734 3381 940 733 3382 1028 735 3383 1028 735 3384 940 733 3385 1027 736 3386 1027 736 3387 940 733 3388 1026 737 3389 1026 737 3390 940 733 3391 1025 738 3392 1025 738 3393 940 733 3394 941 739 3395 1025 738 3396 941 739 3397 1024 740 3398 1024 740 3399 941 739 3400 1023 741 3401 1023 741 3402 941 739 3403 1022 742 3404 1022 742 3405 941 739 3406 1021 743 3407 1021 743 3408 941 739 3409 1020 744 3410 1020 744 3411 941 739 3412 942 745 3413 1020 744 3414 942 745 3415 1019 746 3416 1019 746 3417 942 745 3418 1018 747 3419 1018 747 3420 942 745 3421 1017 748 3422 1017 748 3423 942 745 3424 1016 749 3425 1016 749 3426 942 745 3427 1015 750 3428 1015 750 3429 942 745 3430 943 751 3431 1015 750 3432 943 751 3433 1014 752 3434 1014 752 3435 943 751 3436 1013 753 3437 1013 753 3438 943 751 3439 1012 754 3440 1012 754 3441 943 751 3442 1011 755 3443 1011 755 3444 943 751 3445 1010 756 3446 1010 756 3447 943 751 3448 944 757 3449 1010 756 3450 944 757 3451 1009 758 3452 1009 758 3453 944 757 3454 1008 759 3455 1008 759 3456 944 757 3457 1165 760 3458 1008 759 3459 1165 760 3460 1007 761 3461 1166 762 3462 945 763 3463 946 764 3464 1166 762 3465 946 764 3466 1006 765 3467 1006 765 3468 946 764 3469 947 766 3470 1006 765 3471 947 766 3472 1005 767 3473 1005 767 3474 947 766 3475 1004 768 3476 1004 768 3477 947 766 3478 1003 769 3479 1003 769 3480 947 766 3481 1002 770 3482 1002 770 3483 947 766 3484 1001 771 3485 1001 771 3486 947 766 3487 948 772 3488 1001 771 3489 948 772 3490 1000 773 3491 1000 773 3492 948 772 3493 999 774 3494 999 774 3495 948 772 3496 998 775 3497 998 775 3498 948 772 3499 997 776 3500 997 776 3501 948 772 3502 996 777 3503 996 777 3504 948 772 3505 949 778 3506 996 777 3507 949 778 3508 995 779 3509 995 779 3510 949 778 3511 994 780 3512 994 780 3513 949 778 3514 993 781 3515 993 781 3516 949 778 3517 992 782 3518 992 782 3519 949 778 3520 991 783 3521 991 783 3522 949 778 3523 950 784 3524 991 783 3525 950 784 3526 990 785 3527 990 785 3528 950 784 3529 989 786 3530 989 786 3531 950 784 3532 988 787 3533 988 787 3534 950 784 3535 987 788 3536 987 788 3537 950 784 3538 986 789 3539 986 789 3540 950 784 3541 951 790 3542 986 789 3543 951 790 3544 985 791 3545 985 791 3546 951 790 3547 984 792 3548 984 792 3549 951 790 3550 952 793 3551 984 792 3552 952 793 3553 983 794 3554 983 794 3555 952 793 3556 953 795 3557 983 794 3558 953 795 3559 982 796 3560 982 796 3561 953 795 3562 954 797 3563 982 796 3564 954 797 3565 981 798 3566 981 798 3567 954 797 3568 980 799 3569 980 799 3570 954 797 3571 979 800 3572 979 800 3573 954 797 3574 978 801 3575 978 801 3576 954 797 3577 977 802 3578 977 802 3579 954 797 3580 955 803 3581 977 802 3582 955 803 3583 976 804 3584 976 804 3585 955 803 3586 975 805 3587 975 805 3588 955 803 3589 974 806 3590 974 806 3591 955 803 3592 973 807 3593 973 807 3594 955 803 3595 1164 808 3596 1164 808 3597 955 803 3598 956 809 3599 1164 808 3600 956 809 3601 1163 810 3602 1163 810 3603 956 809 3604 1162 811 3605 1162 811 3606 956 809 3607 1161 812 3608 1161 812 3609 956 809 3610 1160 813 3611 1160 813 3612 956 809 3613 1159 814 3614 1159 814 3615 956 809 3616 957 815 3617 1159 814 3618 957 815 3619 1158 816 3620 1158 816 3621 957 815 3622 1157 817 3623 1157 817 3624 957 815 3625 1156 818 3626 1156 818 3627 957 815 3628 1155 819 3629 1155 819 3630 957 815 3631 1154 820 3632 1154 820 3633 957 815 3634 958 821 3635 1154 820 3636 958 821 3637 1153 822 3638 1153 822 3639 958 821 3640 1152 823 3641 1152 823 3642 958 821 3643 959 824 3644 1152 823 3645 959 824 3646 1151 825 3647 1151 825 3648 959 824 3649 960 826 3650 1151 825 3651 960 826 3652 1150 827 3653 1150 827 3654 960 826 3655 961 828 3656 1150 827 3657 961 828 3658 1149 829 3659 1149 829 3660 961 828 3661 1148 830 3662 1148 830 3663 961 828 3664 1147 831 3665 1147 831 3666 961 828 3667 1146 832 3668 1146 832 3669 961 828 3670 1145 833 3671 1145 833 3672 961 828 3673 962 834 3674 1145 833 3675 962 834 3676 1144 835 3677 1144 835 3678 962 834 3679 1143 836 3680 1143 836 3681 962 834 3682 1142 837 3683 1142 837 3684 962 834 3685 1141 838 3686 1141 838 3687 962 834 3688 1140 839 3689 1140 839 3690 962 834 3691 963 840 3692 1140 839 3693 963 840 3694 1139 841 3695 1139 841 3696 963 840 3697 1138 842 3698 1138 842 3699 963 840 3700 1137 843 3701 1137 843 3702 963 840 3703 1136 844 3704 1136 844 3705 963 840 3706 1135 845 3707 1135 845 3708 963 840 3709 964 846 3710 1135 845 3711 964 846 3712 1134 847 3713 1134 847 3714 964 846 3715 1133 848 3716 1133 848 3717 964 846 3718 1132 849 3719 1132 849 3720 964 846 3721 1131 850 3722 1131 850 3723 964 846 3724 1130 851 3725 1130 851 3726 964 846 3727 965 852 3728 1130 851 3729 965 852 3730 1129 853 3731 1129 853 3732 965 852 3733 1128 854 3734 1128 854 3735 965 852 3736 966 855 3737 1128 854 3738 966 855 3739 1127 856 3740 1127 856 3741 966 855 3742 967 857 3743 1127 856 3744 967 857 3745 1126 858 3746 1126 858 3747 967 857 3748 968 859 3749 1126 858 3750 968 859 3751 1125 860 3752 1125 860 3753 968 859 3754 1124 861 3755 1124 861 3756 968 859 3757 1123 862 3758 1123 862 3759 968 859 3760 1122 863 3761 1122 863 3762 968 859 3763 1121 864 3764 1121 864 3765 968 859 3766 969 865 3767 1121 864 3768 969 865 3769 1120 866 3770 1120 866 3771 969 865 3772 1119 867 3773 1119 867 3774 969 865 3775 1118 868 3776 1118 868 3777 969 865 3778 1117 869 3779 1117 869 3780 969 865 3781 1116 870 3782 1116 870 3783 969 865 3784 970 871 3785 1116 870 3786 970 871 3787 1115 872 3788 1115 872 3789 970 871 3790 1114 873 3791 1114 873 3792 970 871 3793 1113 874 3794 1113 874 3795 970 871 3796 1112 875 3797 1112 875 3798 970 871 3799 1111 876 3800 1111 876 3801 970 871 3802 971 877 3803 1111 876 3804 971 877 3805 1110 878 3806 1110 878 3807 971 877 3808 1109 879 3809 1109 879 3810 971 877 3811 1108 880 3812 1108 880 3813 971 877 3814 1107 881 3815 1107 881 3816 971 877 3817 1106 638 3818 1106 638 3819 971 877 3820 972 636 3821 1167 882 3822 1168 883 3823 1178 884 3824 1178 884 3825 1168 883 3826 1179 885 3827 1178 884 3828 1179 885 3829 1177 886 3830 1177 886 3831 1179 885 3832 1175 887 3833 1177 886 3834 1175 887 3835 1176 888 3836 1168 883 3837 1169 889 3838 1179 885 3839 1179 885 3840 1169 889 3841 1171 890 3842 1179 885 3843 1171 890 3844 1172 891 3845 1169 889 3846 1170 892 3847 1171 890 3848 1173 893 3849 1174 894 3850 1172 891 3851 1172 891 3852 1174 894 3853 1179 885 3854 1174 894 3855 1175 887 3856 1179 885 3857 1180 895 3858 1181 896 3859 1191 897 3860 1191 897 3861 1181 896 3862 1192 898 3863 1191 897 3864 1192 898 3865 1190 899 3866 1190 899 3867 1192 898 3868 1188 900 3869 1190 899 3870 1188 900 3871 1189 901 3872 1181 896 3873 1182 902 3874 1192 898 3875 1192 898 3876 1182 902 3877 1184 903 3878 1192 898 3879 1184 903 3880 1185 904 3881 1182 902 3882 1183 905 3883 1184 903 3884 1186 906 3885 1187 907 3886 1185 904 3887 1185 904 3888 1187 907 3889 1192 898 3890 1187 907 3891 1188 900 3892 1192 898 3893 1194 908 3894 1195 909 3895 1193 910 3896 1193 910 3897 1195 909 3898 1196 911 3899 1193 910 3900 1196 911 3901 1204 912 3902 1204 912 3903 1196 911 3904 1197 913 3905 1204 912 3906 1197 913 3907 1203 914 3908 1203 914 3909 1197 913 3910 1198 915 3911 1203 914 3912 1198 915 3913 1202 916 3914 1202 916 3915 1198 915 3916 1199 917 3917 1202 916 3918 1199 917 3919 1201 918 3920 1201 918 3921 1199 917 3922 1200 919 3923 1206 920 3924 1207 920 3925 1205 920 3926 1205 921 3927 1207 921 3928 1216 921 3929 1216 922 3930 1207 922 3931 1213 922 3932 1216 923 3933 1213 923 3934 1214 923 3935 1207 924 3936 1208 924 3937 1213 924 3938 1213 925 3939 1208 925 3940 1212 925 3941 1212 926 3942 1208 926 3943 1209 926 3944 1212 927 3945 1209 927 3946 1210 927 3947 1210 928 3948 1211 928 3949 1212 928 3950 1214 929 3951 1215 929 3952 1216 929 3953 1218 930 3954 1226 931 3955 1217 932 3956 1217 932 3957 1226 931 3958 1227 933 3959 1217 932 3960 1227 933 3961 1228 934 3962 1226 931 3963 1218 930 3964 1225 935 3965 1225 935 3966 1218 930 3967 1219 936 3968 1225 935 3969 1219 936 3970 1224 937 3971 1224 937 3972 1219 936 3973 1220 938 3974 1224 937 3975 1220 938 3976 1223 939 3977 1223 939 3978 1220 938 3979 1221 940 3980 1223 939 3981 1221 940 3982 1222 941 3983 1229 942 3984 1230 942 3985 1236 943 3986 1236 943 3987 1230 942 3988 1231 943 3989 1236 943 3990 1231 943 3991 1232 944 3992 1233 945 3993 1234 945 3994 1232 944 3995 1232 944 3996 1234 945 3997 1235 944 3998 1232 944 3999 1235 944 4000 1236 943 4001 1237 946 4002 1238 947 4003 1254 946 4004 1254 946 4005 1238 947 4006 1253 948 4007 1253 948 4008 1238 947 4009 1239 949 4010 1253 948 4011 1239 949 4012 1252 950 4013 1252 950 4014 1239 949 4015 1240 951 4016 1252 950 4017 1240 951 4018 1251 952 4019 1251 952 4020 1240 951 4021 1241 953 4022 1251 952 4023 1241 953 4024 1250 954 4025 1250 954 4026 1241 953 4027 1242 955 4028 1250 954 4029 1242 955 4030 1249 956 4031 1249 956 4032 1242 955 4033 1243 957 4034 1249 956 4035 1243 957 4036 1248 958 4037 1248 958 4038 1243 957 4039 1244 959 4040 1248 958 4041 1244 959 4042 1247 960 4043 1247 960 4044 1244 959 4045 1245 961 4046 1247 960 4047 1245 961 4048 1246 961 4049 1255 962 4050 1256 962 4051 1266 962 4052 1266 963 4053 1256 963 4054 1257 963 4055 1266 964 4056 1257 964 4057 1260 964 4058 1260 965 4059 1257 965 4060 1259 965 4061 1259 966 4062 1257 966 4063 1258 966 4064 1266 967 4065 1260 967 4066 1265 967 4067 1265 968 4068 1260 968 4069 1261 968 4070 1265 969 4071 1261 969 4072 1264 969 4073 1264 970 4074 1261 970 4075 1263 970 4076 1263 971 4077 1261 971 4078 1262 971 4079 1284 972 4080 1267 972 4081 1283 973 4082 1283 973 4083 1267 972 4084 1268 974 4085 1283 973 4086 1268 974 4087 1282 975 4088 1282 975 4089 1268 974 4090 1269 976 4091 1282 975 4092 1269 976 4093 1281 977 4094 1281 977 4095 1269 976 4096 1270 978 4097 1281 977 4098 1270 978 4099 1280 979 4100 1280 979 4101 1270 978 4102 1271 980 4103 1280 979 4104 1271 980 4105 1279 981 4106 1279 981 4107 1271 980 4108 1272 982 4109 1279 981 4110 1272 982 4111 1278 983 4112 1278 983 4113 1272 982 4114 1273 984 4115 1278 983 4116 1273 984 4117 1277 985 4118 1277 985 4119 1273 984 4120 1274 986 4121 1277 985 4122 1274 986 4123 1276 987 4124 1276 987 4125 1274 986 4126 1275 987 4127 1285 988 4128 1286 988 4129 1292 989 4130 1292 989 4131 1286 988 4132 1287 989 4133 1292 989 4134 1287 989 4135 1291 990 4136 1291 990 4137 1287 989 4138 1288 990 4139 1291 990 4140 1288 990 4141 1290 991 4142 1290 991 4143 1288 990 4144 1289 991 4145 1294 992 4146 1295 993 4147 1293 994 4148 1293 994 4149 1295 993 4150 1504 995 4151 1293 994 4152 1504 995 4153 1505 996 4154 1295 993 4155 1296 997 4156 1504 995 4157 1504 995 4158 1296 997 4159 1503 998 4160 1503 998 4161 1296 997 4162 1298 999 4163 1503 998 4164 1298 999 4165 1299 1000 4166 1296 997 4167 1297 1001 4168 1298 999 4169 1503 998 4170 1299 1000 4171 1502 1002 4172 1502 1002 4173 1299 1000 4174 1300 1003 4175 1502 1002 4176 1300 1003 4177 1301 1004 4178 1301 1004 4179 1302 1005 4180 1502 1002 4181 1502 1002 4182 1302 1005 4183 1303 1006 4184 1502 1002 4185 1303 1006 4186 1304 1007 4187 1304 1007 4188 1305 1008 4189 1502 1002 4190 1502 1002 4191 1305 1008 4192 1306 1009 4193 1502 1002 4194 1306 1009 4195 1501 1010 4196 1501 1010 4197 1306 1009 4198 1307 1011 4199 1501 1010 4200 1307 1011 4201 1500 1012 4202 1500 1012 4203 1307 1011 4204 1308 1013 4205 1500 1012 4206 1308 1013 4207 1499 1014 4208 1499 1014 4209 1308 1013 4210 1309 1015 4211 1499 1014 4212 1309 1015 4213 1498 1016 4214 1498 1016 4215 1309 1015 4216 1310 1017 4217 1498 1016 4218 1310 1017 4219 1311 1018 4220 1311 1018 4221 1312 1019 4222 1498 1016 4223 1498 1016 4224 1312 1019 4225 1313 1020 4226 1498 1016 4227 1313 1020 4228 1314 1021 4229 1498 1016 4230 1314 1021 4231 1497 1022 4232 1497 1022 4233 1314 1021 4234 1315 1023 4235 1497 1022 4236 1315 1023 4237 1316 1024 4238 1316 1024 4239 1317 1025 4240 1497 1022 4241 1497 1022 4242 1317 1025 4243 1318 1026 4244 1497 1022 4245 1318 1026 4246 1319 1027 4247 1497 1022 4248 1319 1027 4249 1496 1028 4250 1496 1028 4251 1319 1027 4252 1320 1029 4253 1496 1028 4254 1320 1029 4255 1322 1030 4256 1322 1030 4257 1320 1029 4258 1321 1031 4259 1496 1028 4260 1322 1030 4261 1495 1032 4262 1495 1032 4263 1322 1030 4264 1323 1033 4265 1495 1034 4266 1323 1034 4267 1324 1034 4268 1324 1035 4269 1325 1035 4270 1495 1035 4271 1495 1032 4272 1325 1036 4273 1326 1037 4274 1495 1032 4275 1326 1037 4276 1327 1038 4277 1495 1032 4278 1327 1038 4279 1494 1039 4280 1494 1039 4281 1327 1038 4282 1328 1040 4283 1494 1039 4284 1328 1040 4285 1329 1041 4286 1329 1041 4287 1330 1042 4288 1494 1039 4289 1494 1039 4290 1330 1042 4291 1493 1043 4292 1493 1043 4293 1330 1042 4294 1331 1044 4295 1493 1043 4296 1331 1044 4297 1332 1045 4298 1493 1043 4299 1332 1045 4300 1492 1046 4301 1492 1046 4302 1332 1045 4303 1333 1047 4304 1492 1046 4305 1333 1047 4306 1491 1048 4307 1491 1048 4308 1333 1047 4309 1334 1049 4310 1491 1048 4311 1334 1049 4312 1335 1050 4313 1335 1050 4314 1336 1051 4315 1491 1048 4316 1491 1048 4317 1336 1051 4318 1490 1052 4319 1490 1052 4320 1336 1051 4321 1337 1053 4322 1490 1052 4323 1337 1053 4324 1338 1054 4325 1338 1054 4326 1339 1055 4327 1490 1052 4328 1490 1056 4329 1339 1056 4330 1340 1056 4331 1490 1052 4332 1340 1057 4333 1341 1058 4334 1342 1059 4335 1343 1060 4336 1341 1058 4337 1341 1058 4338 1343 1060 4339 1489 1061 4340 1341 1058 4341 1489 1061 4342 1490 1052 4343 1343 1060 4344 1344 1062 4345 1489 1061 4346 1489 1061 4347 1344 1062 4348 1488 1063 4349 1488 1063 4350 1344 1062 4351 1345 1064 4352 1488 1063 4353 1345 1064 4354 1346 1065 4355 1346 1065 4356 1347 1066 4357 1488 1063 4358 1488 1063 4359 1347 1066 4360 1487 1067 4361 1487 1067 4362 1347 1066 4363 1348 1068 4364 1487 1067 4365 1348 1068 4366 1349 1069 4367 1349 1069 4368 1350 1070 4369 1487 1067 4370 1487 1067 4371 1350 1070 4372 1351 1071 4373 1487 1067 4374 1351 1071 4375 1352 1072 4376 1352 1072 4377 1353 1073 4378 1487 1067 4379 1487 1067 4380 1353 1073 4381 1354 1074 4382 1487 1067 4383 1354 1074 4384 1486 1075 4385 1486 1075 4386 1354 1074 4387 1355 1076 4388 1486 1075 4389 1355 1076 4390 1485 1077 4391 1485 1077 4392 1355 1076 4393 1356 1078 4394 1485 1077 4395 1356 1078 4396 1544 1079 4397 1544 1079 4398 1356 1078 4399 1357 1080 4400 1544 1079 4401 1357 1080 4402 1543 1081 4403 1543 1081 4404 1357 1080 4405 1358 1082 4406 1543 1081 4407 1358 1082 4408 1359 1083 4409 1359 1083 4410 1360 1084 4411 1543 1081 4412 1543 1081 4413 1360 1084 4414 1361 1085 4415 1543 1081 4416 1361 1085 4417 1362 1086 4418 1362 1086 4419 1363 1087 4420 1543 1081 4421 1543 1081 4422 1363 1087 4423 1364 1088 4424 1543 1081 4425 1364 1088 4426 1542 1089 4427 1542 1089 4428 1364 1088 4429 1365 1090 4430 1542 1089 4431 1365 1090 4432 1367 1091 4433 1367 1091 4434 1365 1090 4435 1366 1092 4436 1542 1089 4437 1367 1091 4438 1541 1093 4439 1541 1093 4440 1367 1091 4441 1368 1094 4442 1541 1093 4443 1368 1094 4444 1370 1095 4445 1370 1095 4446 1368 1094 4447 1369 1096 4448 1541 1093 4449 1370 1095 4450 1540 1097 4451 1540 1097 4452 1370 1095 4453 1371 1098 4454 1540 1099 4455 1371 1099 4456 1372 1099 4457 1372 1100 4458 1373 1100 4459 1540 1100 4460 1540 1097 4461 1373 1101 4462 1374 1102 4463 1540 1097 4464 1374 1102 4465 1375 1103 4466 1375 1103 4467 1376 1104 4468 1540 1097 4469 1540 1097 4470 1376 1104 4471 1539 1105 4472 1539 1105 4473 1376 1104 4474 1377 1106 4475 1539 1105 4476 1377 1106 4477 1378 1107 4478 1539 1105 4479 1378 1107 4480 1538 1108 4481 1538 1108 4482 1378 1107 4483 1379 1109 4484 1538 1108 4485 1379 1109 4486 1380 1110 4487 1538 1108 4488 1380 1110 4489 1537 1111 4490 1537 1111 4491 1380 1110 4492 1381 1112 4493 1537 1111 4494 1381 1112 4495 1536 1113 4496 1536 1113 4497 1381 1112 4498 1382 1114 4499 1536 1113 4500 1382 1114 4501 1383 1115 4502 1383 1115 4503 1384 1116 4504 1536 1113 4505 1536 1113 4506 1384 1116 4507 1535 1117 4508 1535 1117 4509 1384 1116 4510 1385 1118 4511 1535 1117 4512 1385 1118 4513 1386 1119 4514 1386 1119 4515 1387 1120 4516 1535 1117 4517 1535 1121 4518 1387 1121 4519 1388 1121 4520 1535 1117 4521 1388 1122 4522 1389 1123 4523 1390 1124 4524 1391 1125 4525 1389 1123 4526 1389 1123 4527 1391 1125 4528 1534 1126 4529 1389 1123 4530 1534 1126 4531 1535 1117 4532 1391 1125 4533 1392 1127 4534 1534 1126 4535 1534 1126 4536 1392 1127 4537 1533 1128 4538 1533 1128 4539 1392 1127 4540 1393 1129 4541 1533 1128 4542 1393 1129 4543 1394 1130 4544 1394 1130 4545 1395 1131 4546 1533 1128 4547 1533 1128 4548 1395 1131 4549 1396 1132 4550 1533 1128 4551 1396 1132 4552 1397 1133 4553 1533 1128 4554 1397 1133 4555 1532 1134 4556 1532 1134 4557 1397 1133 4558 1398 1135 4559 1532 1134 4560 1398 1135 4561 1399 1136 4562 1399 1136 4563 1400 1137 4564 1532 1134 4565 1532 1134 4566 1400 1137 4567 1401 1138 4568 1532 1134 4569 1401 1138 4570 1402 1139 4571 1532 1134 4572 1402 1139 4573 1531 1140 4574 1531 1140 4575 1402 1139 4576 1403 1141 4577 1531 1140 4578 1403 1141 4579 1530 1142 4580 1530 1142 4581 1403 1141 4582 1404 1143 4583 1530 1142 4584 1404 1143 4585 1529 1144 4586 1529 1144 4587 1404 1143 4588 1405 1145 4589 1529 1144 4590 1405 1145 4591 1528 1146 4592 1528 1146 4593 1405 1145 4594 1406 1147 4595 1528 1146 4596 1406 1147 4597 1407 1148 4598 1407 1148 4599 1408 1149 4600 1528 1146 4601 1528 1146 4602 1408 1149 4603 1409 1150 4604 1528 1146 4605 1409 1150 4606 1410 1151 4607 1410 1151 4608 1411 1152 4609 1528 1146 4610 1528 1146 4611 1411 1152 4612 1412 1153 4613 1528 1146 4614 1412 1153 4615 1527 1154 4616 1527 1154 4617 1412 1153 4618 1413 1155 4619 1527 1154 4620 1413 1155 4621 1415 1156 4622 1415 1156 4623 1413 1155 4624 1414 1157 4625 1527 1154 4626 1415 1156 4627 1526 1158 4628 1526 1158 4629 1415 1156 4630 1416 1159 4631 1526 1158 4632 1416 1159 4633 1418 1160 4634 1418 1160 4635 1416 1159 4636 1417 1161 4637 1526 1158 4638 1418 1160 4639 1525 1162 4640 1525 1162 4641 1418 1160 4642 1419 1163 4643 1525 1164 4644 1419 1164 4645 1420 1164 4646 1420 1165 4647 1421 1165 4648 1525 1165 4649 1525 1162 4650 1421 1166 4651 1422 1167 4652 1525 1162 4653 1422 1167 4654 1423 1168 4655 1423 1168 4656 1424 1169 4657 1525 1162 4658 1525 1162 4659 1424 1169 4660 1524 1170 4661 1524 1170 4662 1424 1169 4663 1425 1171 4664 1524 1170 4665 1425 1171 4666 1426 1172 4667 1524 1170 4668 1426 1172 4669 1523 1173 4670 1523 1173 4671 1426 1172 4672 1427 1174 4673 1523 1173 4674 1427 1174 4675 1428 1175 4676 1523 1173 4677 1428 1175 4678 1522 1176 4679 1522 1176 4680 1428 1175 4681 1429 1177 4682 1522 1176 4683 1429 1177 4684 1521 1178 4685 1521 1178 4686 1429 1177 4687 1430 1179 4688 1521 1178 4689 1430 1179 4690 1431 1180 4691 1431 1180 4692 1432 1181 4693 1521 1178 4694 1521 1178 4695 1432 1181 4696 1520 1182 4697 1520 1182 4698 1432 1181 4699 1433 1183 4700 1520 1182 4701 1433 1183 4702 1434 1184 4703 1434 1184 4704 1435 1185 4705 1520 1182 4706 1520 1186 4707 1435 1186 4708 1436 1186 4709 1520 1182 4710 1436 1187 4711 1437 1188 4712 1438 1189 4713 1439 1190 4714 1437 1188 4715 1437 1188 4716 1439 1190 4717 1519 1191 4718 1437 1188 4719 1519 1191 4720 1520 1182 4721 1439 1190 4722 1440 1192 4723 1519 1191 4724 1519 1191 4725 1440 1192 4726 1518 1193 4727 1518 1193 4728 1440 1192 4729 1441 1194 4730 1518 1193 4731 1441 1194 4732 1442 1195 4733 1442 1195 4734 1443 1196 4735 1518 1193 4736 1518 1193 4737 1443 1196 4738 1444 1197 4739 1518 1193 4740 1444 1197 4741 1445 1198 4742 1518 1193 4743 1445 1198 4744 1517 1199 4745 1517 1199 4746 1445 1198 4747 1446 1200 4748 1517 1199 4749 1446 1200 4750 1447 1201 4751 1447 1201 4752 1448 1202 4753 1517 1199 4754 1517 1199 4755 1448 1202 4756 1449 1203 4757 1517 1199 4758 1449 1203 4759 1450 1204 4760 1517 1199 4761 1450 1204 4762 1516 1205 4763 1516 1205 4764 1450 1204 4765 1545 1206 4766 1516 1205 4767 1545 1206 4768 1515 1207 4769 1546 1208 4770 1451 1209 4771 1452 1210 4772 1546 1208 4773 1452 1210 4774 1514 1211 4775 1514 1211 4776 1452 1210 4777 1453 1212 4778 1514 1211 4779 1453 1212 4780 1513 1213 4781 1513 1213 4782 1453 1212 4783 1454 1214 4784 1513 1213 4785 1454 1214 4786 1455 1215 4787 1455 1215 4788 1456 1216 4789 1513 1213 4790 1513 1213 4791 1456 1216 4792 1457 1217 4793 1513 1213 4794 1457 1217 4795 1458 1218 4796 1513 1213 4797 1458 1218 4798 1512 1219 4799 1512 1219 4800 1458 1218 4801 1459 1220 4802 1512 1219 4803 1459 1220 4804 1460 1221 4805 1460 1221 4806 1461 1222 4807 1512 1219 4808 1512 1219 4809 1461 1222 4810 1462 1223 4811 1512 1219 4812 1462 1223 4813 1463 1224 4814 1512 1219 4815 1463 1224 4816 1511 1225 4817 1511 1225 4818 1463 1224 4819 1464 1226 4820 1511 1225 4821 1464 1226 4822 1510 1227 4823 1510 1227 4824 1464 1226 4825 1466 1228 4826 1510 1227 4827 1466 1228 4828 1467 1229 4829 1464 1226 4830 1465 1230 4831 1466 1228 4832 1467 1231 4833 1468 1231 4834 1510 1231 4835 1510 1227 4836 1468 1232 4837 1469 1233 4838 1510 1227 4839 1469 1233 4840 1470 1234 4841 1470 1234 4842 1471 1235 4843 1510 1227 4844 1510 1227 4845 1471 1235 4846 1509 1236 4847 1509 1236 4848 1471 1235 4849 1472 1237 4850 1509 1236 4851 1472 1237 4852 1473 1238 4853 1473 1238 4854 1474 1239 4855 1509 1236 4856 1509 1236 4857 1474 1239 4858 1508 1240 4859 1508 1240 4860 1474 1239 4861 1475 1241 4862 1508 1240 4863 1475 1241 4864 1476 1242 4865 1508 1240 4866 1476 1242 4867 1507 1243 4868 1507 1243 4869 1476 1242 4870 1477 1244 4871 1507 1243 4872 1477 1244 4873 1506 1245 4874 1506 1245 4875 1477 1244 4876 1478 1246 4877 1506 1245 4878 1478 1246 4879 1479 1247 4880 1506 1245 4881 1479 1247 4882 1505 996 4883 1505 996 4884 1479 1247 4885 1480 1248 4886 1505 996 4887 1480 1248 4888 1481 1249 4889 1481 1249 4890 1482 1250 4891 1505 996 4892 1505 996 4893 1482 1250 4894 1483 1251 4895 1505 1252 4896 1483 1252 4897 1484 1252 4898 1484 1253 4899 1293 994 4900 1505 996 4901 1547 1254 4902 1548 1255 4903 1558 1256 4904 1558 1256 4905 1548 1255 4906 1559 1257 4907 1558 1256 4908 1559 1257 4909 1557 1258 4910 1557 1258 4911 1559 1257 4912 1555 1259 4913 1557 1258 4914 1555 1259 4915 1556 1260 4916 1548 1255 4917 1549 1261 4918 1559 1257 4919 1559 1257 4920 1549 1261 4921 1551 1262 4922 1559 1257 4923 1551 1262 4924 1552 1263 4925 1549 1261 4926 1550 1264 4927 1551 1262 4928 1553 1265 4929 1554 1266 4930 1552 1263 4931 1552 1263 4932 1554 1266 4933 1559 1257 4934 1554 1266 4935 1555 1259 4936 1559 1257 4937 1560 76 4938 1561 76 4939 1575 76 4940 1575 1267 4941 1561 1267 4942 1572 1267 4943 1575 76 4944 1572 76 4945 1574 76 4946 1574 76 4947 1572 76 4948 1573 76 4949 1562 76 4950 1566 76 4951 1561 76 4952 1561 76 4953 1566 76 4954 1567 76 4955 1561 76 4956 1567 76 4957 1572 76 4958 1572 76 4959 1567 76 4960 1571 76 4961 1571 1268 4962 1567 1268 4963 1570 1268 4964 1570 76 4965 1567 76 4966 1569 76 4967 1569 76 4968 1567 76 4969 1568 76 4970 1562 1269 4971 1563 1269 4972 1566 1269 4973 1566 1270 4974 1563 1270 4975 1564 1270 4976 1566 76 4977 1564 76 4978 1565 76 4979 1577 222 4980 1578 222 4981 1576 222 4982 1576 1271 4983 1578 1271 4984 1581 1271 4985 1576 222 4986 1581 222 4987 1582 222 4988 1578 222 4989 1579 222 4990 1581 222 4991 1581 1272 4992 1579 1272 4993 1580 1272 4994 1576 1273 4995 1582 1273 4996 1719 1273 4997 1719 222 4998 1582 222 4999 1583 222 5000 1719 222 5001 1583 222 5002 1718 222 5003 1718 1274 5004 1583 1274 5005 1584 1274 5006 1718 1275 5007 1584 1275 5008 1717 1275 5009 1717 1276 5010 1584 1276 5011 1585 1276 5012 1717 222 5013 1585 222 5014 1716 222 5015 1716 222 5016 1585 222 5017 1726 222 5018 1716 1277 5019 1726 1277 5020 1727 1277 5021 1585 1278 5022 1586 1278 5023 1726 1278 5024 1726 1279 5025 1586 1279 5026 1725 1279 5027 1725 1280 5028 1586 1280 5029 1587 1280 5030 1725 222 5031 1587 222 5032 1588 222 5033 1588 222 5034 1589 222 5035 1725 222 5036 1725 222 5037 1589 222 5038 1724 222 5039 1724 1281 5040 1589 1281 5041 1590 1281 5042 1724 1282 5043 1590 1282 5044 1603 1282 5045 1603 222 5046 1590 222 5047 1602 222 5048 1602 1283 5049 1590 1283 5050 1591 1283 5051 1602 222 5052 1591 222 5053 1601 222 5054 1601 1284 5055 1591 1284 5056 1592 1284 5057 1601 222 5058 1592 222 5059 1600 222 5060 1600 222 5061 1592 222 5062 1593 222 5063 1600 1285 5064 1593 1285 5065 1599 1285 5066 1599 222 5067 1593 222 5068 1594 222 5069 1599 1286 5070 1594 1286 5071 1597 1286 5072 1597 222 5073 1594 222 5074 1596 222 5075 1596 222 5076 1594 222 5077 1595 222 5078 1597 222 5079 1598 222 5080 1599 222 5081 1724 222 5082 1603 222 5083 1723 222 5084 1723 222 5085 1603 222 5086 1604 222 5087 1723 1287 5088 1604 1287 5089 1605 1287 5090 1605 222 5091 1606 222 5092 1723 222 5093 1723 222 5094 1606 222 5095 1722 222 5096 1722 1288 5097 1606 1288 5098 1607 1288 5099 1722 1289 5100 1607 1289 5101 1608 1289 5102 1609 222 5103 1621 222 5104 1608 222 5105 1608 1290 5106 1621 1290 5107 1721 1290 5108 1608 1291 5109 1721 1291 5110 1722 1291 5111 1621 222 5112 1609 222 5113 1620 222 5114 1620 1292 5115 1609 1292 5116 1610 1292 5117 1620 222 5118 1610 222 5119 1619 222 5120 1619 222 5121 1610 222 5122 1618 222 5123 1618 1293 5124 1610 1293 5125 1611 1293 5126 1618 1294 5127 1611 1294 5128 1617 1294 5129 1617 1295 5130 1611 1295 5131 1612 1295 5132 1617 1296 5133 1612 1296 5134 1615 1296 5135 1615 1297 5136 1612 1297 5137 1614 1297 5138 1614 1298 5139 1612 1298 5140 1613 1298 5141 1615 1299 5142 1616 1299 5143 1617 1299 5144 1621 222 5145 1622 222 5146 1721 222 5147 1721 222 5148 1622 222 5149 1720 222 5150 1720 222 5151 1622 222 5152 1623 222 5153 1720 222 5154 1623 222 5155 1624 222 5156 1624 222 5157 1625 222 5158 1720 222 5159 1720 1300 5160 1625 1300 5161 1739 1300 5162 1739 222 5163 1625 222 5164 1626 222 5165 1739 222 5166 1626 222 5167 1639 222 5168 1639 222 5169 1626 222 5170 1638 222 5171 1638 1301 5172 1626 1301 5173 1627 1301 5174 1638 222 5175 1627 222 5176 1637 222 5177 1637 1302 5178 1627 1302 5179 1628 1302 5180 1637 1303 5181 1628 1303 5182 1629 1303 5183 1637 222 5184 1629 222 5185 1636 222 5186 1636 1304 5187 1629 1304 5188 1630 1304 5189 1636 1305 5190 1630 1305 5191 1635 1305 5192 1635 222 5193 1630 222 5194 1632 222 5195 1635 1297 5196 1632 1297 5197 1633 1297 5198 1630 1306 5199 1631 1306 5200 1632 1306 5201 1633 1298 5202 1634 1298 5203 1635 1298 5204 1739 222 5205 1639 222 5206 1738 222 5207 1738 1289 5208 1639 1289 5209 1640 1289 5210 1738 1288 5211 1640 1288 5212 1641 1288 5213 1738 222 5214 1641 222 5215 1737 222 5216 1737 1307 5217 1641 1307 5218 1642 1307 5219 1737 1287 5220 1642 1287 5221 1643 1287 5222 1643 222 5223 1644 222 5224 1737 222 5225 1737 222 5226 1644 222 5227 1736 222 5228 1736 1282 5229 1644 1282 5230 1657 1282 5231 1736 1281 5232 1657 1281 5233 1658 1281 5234 1644 222 5235 1645 222 5236 1657 222 5237 1657 1308 5238 1645 1308 5239 1656 1308 5240 1656 1309 5241 1645 1309 5242 1646 1309 5243 1656 222 5244 1646 222 5245 1655 222 5246 1655 222 5247 1646 222 5248 1647 222 5249 1655 222 5250 1647 222 5251 1654 222 5252 1654 1310 5253 1647 1310 5254 1648 1310 5255 1654 222 5256 1648 222 5257 1653 222 5258 1653 222 5259 1648 222 5260 1650 222 5261 1653 1311 5262 1650 1311 5263 1651 1311 5264 1648 1312 5265 1649 1312 5266 1650 1312 5267 1651 222 5268 1652 222 5269 1653 222 5270 1736 1313 5271 1658 1313 5272 1735 1313 5273 1735 1314 5274 1658 1314 5275 1659 1314 5276 1735 222 5277 1659 222 5278 1660 222 5279 1660 222 5280 1661 222 5281 1735 222 5282 1735 222 5283 1661 222 5284 1734 222 5285 1734 1315 5286 1661 1315 5287 1662 1315 5288 1734 1316 5289 1662 1316 5290 1675 1316 5291 1675 222 5292 1662 222 5293 1674 222 5294 1674 1276 5295 1662 1276 5296 1663 1276 5297 1674 222 5298 1663 222 5299 1673 222 5300 1673 1274 5301 1663 1274 5302 1664 1274 5303 1673 222 5304 1664 222 5305 1672 222 5306 1672 222 5307 1664 222 5308 1665 222 5309 1672 1317 5310 1665 1317 5311 1671 1317 5312 1671 222 5313 1665 222 5314 1666 222 5315 1671 1271 5316 1666 1271 5317 1669 1271 5318 1669 222 5319 1666 222 5320 1668 222 5321 1668 222 5322 1666 222 5323 1667 222 5324 1669 222 5325 1670 222 5326 1671 222 5327 1734 222 5328 1675 222 5329 1733 222 5330 1733 222 5331 1675 222 5332 1676 222 5333 1733 1318 5334 1676 1318 5335 1677 1318 5336 1677 222 5337 1678 222 5338 1733 222 5339 1733 222 5340 1678 222 5341 1732 222 5342 1732 1319 5343 1678 1319 5344 1679 1319 5345 1732 1320 5346 1679 1320 5347 1680 1320 5348 1681 222 5349 1693 222 5350 1680 222 5351 1680 1321 5352 1693 1321 5353 1731 1321 5354 1680 1322 5355 1731 1322 5356 1732 1322 5357 1682 1323 5358 1691 1323 5359 1681 1323 5360 1681 1324 5361 1691 1324 5362 1692 1324 5363 1681 1325 5364 1692 1325 5365 1693 1325 5366 1691 222 5367 1682 222 5368 1690 222 5369 1690 1326 5370 1682 1326 5371 1683 1326 5372 1690 1327 5373 1683 1327 5374 1689 1327 5375 1689 1328 5376 1683 1328 5377 1684 1328 5378 1689 1329 5379 1684 1329 5380 1687 1329 5381 1687 1330 5382 1684 1330 5383 1686 1330 5384 1686 1331 5385 1684 1331 5386 1685 1331 5387 1687 1332 5388 1688 1332 5389 1689 1332 5390 1693 222 5391 1694 222 5392 1731 222 5393 1731 222 5394 1694 222 5395 1730 222 5396 1730 222 5397 1694 222 5398 1695 222 5399 1730 222 5400 1695 222 5401 1696 222 5402 1696 222 5403 1697 222 5404 1730 222 5405 1730 1333 5406 1697 1333 5407 1729 1333 5408 1729 222 5409 1697 222 5410 1698 222 5411 1729 222 5412 1698 222 5413 1711 222 5414 1711 222 5415 1698 222 5416 1710 222 5417 1710 1325 5418 1698 1325 5419 1699 1325 5420 1710 222 5421 1699 222 5422 1709 222 5423 1709 1334 5424 1699 1334 5425 1700 1334 5426 1709 1335 5427 1700 1335 5428 1701 1335 5429 1709 222 5430 1701 222 5431 1708 222 5432 1708 1336 5433 1701 1336 5434 1702 1336 5435 1708 1337 5436 1702 1337 5437 1707 1337 5438 1707 222 5439 1702 222 5440 1704 222 5441 1707 1330 5442 1704 1330 5443 1705 1330 5444 1702 1338 5445 1703 1338 5446 1704 1338 5447 1705 1331 5448 1706 1331 5449 1707 1331 5450 1729 222 5451 1711 222 5452 1728 222 5453 1728 1320 5454 1711 1320 5455 1712 1320 5456 1728 1319 5457 1712 1319 5458 1713 1319 5459 1728 222 5460 1713 222 5461 1727 222 5462 1727 1339 5463 1713 1339 5464 1714 1339 5465 1727 1318 5466 1714 1318 5467 1715 1318 5468 1715 222 5469 1716 222 5470 1727 222 5471 1740 1340 5472 1741 1341 5473 1751 1342 5474 1751 1342 5475 1741 1341 5476 1752 1343 5477 1751 1342 5478 1752 1343 5479 1750 1344 5480 1750 1344 5481 1752 1343 5482 1748 1345 5483 1750 1344 5484 1748 1345 5485 1749 1346 5486 1741 1341 5487 1742 1347 5488 1752 1343 5489 1752 1343 5490 1742 1347 5491 1744 1348 5492 1752 1343 5493 1744 1348 5494 1745 1349 5495 1742 1347 5496 1743 1350 5497 1744 1348 5498 1746 1351 5499 1747 1352 5500 1745 1349 5501 1745 1349 5502 1747 1352 5503 1752 1343 5504 1747 1352 5505 1748 1345 5506 1752 1343 5507 1754 1353 5508 1755 1354 5509 1753 1355 5510 1753 1355 5511 1755 1354 5512 1756 1356 5513 1753 1355 5514 1756 1356 5515 1764 1357 5516 1764 1357 5517 1756 1356 5518 1757 1358 5519 1764 1357 5520 1757 1358 5521 1763 1359 5522 1763 1359 5523 1757 1358 5524 1758 1360 5525 1763 1359 5526 1758 1360 5527 1762 1361 5528 1762 1361 5529 1758 1360 5530 1759 1362 5531 1762 1361 5532 1759 1362 5533 1761 1363 5534 1761 1363 5535 1759 1362 5536 1760 1364 5537 1766 1365 5538 1767 1365 5539 1765 1365 5540 1765 1366 5541 1767 1366 5542 1776 1366 5543 1776 1367 5544 1767 1367 5545 1773 1367 5546 1776 1368 5547 1773 1368 5548 1774 1368 5549 1767 1369 5550 1768 1369 5551 1773 1369 5552 1773 1370 5553 1768 1370 5554 1772 1370 5555 1772 1371 5556 1768 1371 5557 1769 1371 5558 1772 1372 5559 1769 1372 5560 1770 1372 5561 1770 1373 5562 1771 1373 5563 1772 1373 5564 1774 1374 5565 1775 1374 5566 1776 1374 5567 1778 1375 5568 1786 1376 5569 1777 1377 5570 1777 1377 5571 1786 1376 5572 1787 1378 5573 1777 1377 5574 1787 1378 5575 1788 1379 5576 1786 1376 5577 1778 1375 5578 1785 1380 5579 1785 1380 5580 1778 1375 5581 1779 1381 5582 1785 1380 5583 1779 1381 5584 1784 1382 5585 1784 1382 5586 1779 1381 5587 1780 1383 5588 1784 1382 5589 1780 1383 5590 1783 1384 5591 1783 1384 5592 1780 1383 5593 1781 1385 5594 1783 1384 5595 1781 1385 5596 1782 1386 5597 1789 1387 5598 1790 1387 5599 1796 1388 5600 1796 1388 5601 1790 1387 5602 1791 1388 5603 1796 1388 5604 1791 1388 5605 1792 1389 5606 1793 1390 5607 1794 1390 5608 1792 1389 5609 1792 1389 5610 1794 1390 5611 1795 1389 5612 1792 1389 5613 1795 1389 5614 1796 1388 5615 1797 1391 5616 1798 1392 5617 1814 1391 5618 1814 1391 5619 1798 1392 5620 1813 1393 5621 1813 1393 5622 1798 1392 5623 1799 1394 5624 1813 1393 5625 1799 1394 5626 1812 1395 5627 1812 1395 5628 1799 1394 5629 1800 1396 5630 1812 1395 5631 1800 1396 5632 1811 1397 5633 1811 1397 5634 1800 1396 5635 1801 1398 5636 1811 1397 5637 1801 1398 5638 1810 1399 5639 1810 1399 5640 1801 1398 5641 1802 1400 5642 1810 1399 5643 1802 1400 5644 1809 1401 5645 1809 1401 5646 1802 1400 5647 1803 1402 5648 1809 1401 5649 1803 1402 5650 1808 1403 5651 1808 1403 5652 1803 1402 5653 1804 1404 5654 1808 1403 5655 1804 1404 5656 1807 1405 5657 1807 1405 5658 1804 1404 5659 1805 1406 5660 1807 1405 5661 1805 1406 5662 1806 1406 5663 1815 1407 5664 1816 1407 5665 1826 1407 5666 1826 1408 5667 1816 1408 5668 1817 1408 5669 1826 1409 5670 1817 1409 5671 1820 1409 5672 1820 1410 5673 1817 1410 5674 1819 1410 5675 1819 1411 5676 1817 1411 5677 1818 1411 5678 1826 1412 5679 1820 1412 5680 1825 1412 5681 1825 1413 5682 1820 1413 5683 1821 1413 5684 1825 1414 5685 1821 1414 5686 1824 1414 5687 1824 1415 5688 1821 1415 5689 1823 1415 5690 1823 1416 5691 1821 1416 5692 1822 1416 5693 1844 1417 5694 1827 1417 5695 1843 1418 5696 1843 1418 5697 1827 1417 5698 1828 1419 5699 1843 1418 5700 1828 1419 5701 1842 1420 5702 1842 1420 5703 1828 1419 5704 1829 1421 5705 1842 1420 5706 1829 1421 5707 1841 1422 5708 1841 1422 5709 1829 1421 5710 1830 1423 5711 1841 1422 5712 1830 1423 5713 1840 1424 5714 1840 1424 5715 1830 1423 5716 1831 1425 5717 1840 1424 5718 1831 1425 5719 1839 1426 5720 1839 1426 5721 1831 1425 5722 1832 1427 5723 1839 1426 5724 1832 1427 5725 1838 1428 5726 1838 1428 5727 1832 1427 5728 1833 1429 5729 1838 1428 5730 1833 1429 5731 1837 1430 5732 1837 1430 5733 1833 1429 5734 1834 1431 5735 1837 1430 5736 1834 1431 5737 1836 1432 5738 1836 1432 5739 1834 1431 5740 1835 1432 5741 1845 1433 5742 1846 1433 5743 1852 1434 5744 1852 1434 5745 1846 1433 5746 1847 1434 5747 1852 1434 5748 1847 1434 5749 1851 1435 5750 1851 1435 5751 1847 1434 5752 1848 1435 5753 1851 1435 5754 1848 1435 5755 1850 1436 5756 1850 1436 5757 1848 1435 5758 1849 1436 5759 1853 1437 5760 1854 1437 5761 1868 1437 5762 1868 76 5763 1854 76 5764 1867 76 5765 1867 1438 5766 1854 1438 5767 1865 1438 5768 1867 76 5769 1865 76 5770 1866 76 5771 1865 76 5772 1854 76 5773 1859 76 5774 1859 76 5775 1854 76 5776 1855 76 5777 1859 76 5778 1855 76 5779 1856 76 5780 1856 76 5781 1857 76 5782 1859 76 5783 1859 76 5784 1857 76 5785 1858 76 5786 1859 76 5787 1860 76 5788 1865 76 5789 1865 76 5790 1860 76 5791 1864 76 5792 1864 1439 5793 1860 1439 5794 1863 1439 5795 1863 1440 5796 1860 1440 5797 1862 1440 5798 1862 76 5799 1860 76 5800 1861 76 5801 1869 1441 5802 1870 1442 5803 1880 1443 5804 1880 1443 5805 1870 1442 5806 1881 1444 5807 1880 1443 5808 1881 1444 5809 1879 1445 5810 1879 1445 5811 1881 1444 5812 1877 1446 5813 1879 1445 5814 1877 1446 5815 1878 1447 5816 1870 1442 5817 1871 1448 5818 1881 1444 5819 1881 1444 5820 1871 1448 5821 1873 1449 5822 1881 1444 5823 1873 1449 5824 1874 1450 5825 1871 1448 5826 1872 1451 5827 1873 1449 5828 1875 1452 5829 1876 1453 5830 1874 1450 5831 1874 1450 5832 1876 1453 5833 1881 1444 5834 1876 1453 5835 1877 1446 5836 1881 1444 5837 1882 1454 5838 1883 1455 5839 1893 1456 5840 1893 1456 5841 1883 1455 5842 1894 1457 5843 1893 1456 5844 1894 1457 5845 1892 1458 5846 1892 1458 5847 1894 1457 5848 1890 1459 5849 1892 1458 5850 1890 1459 5851 1891 1460 5852 1883 1455 5853 1884 1461 5854 1894 1457 5855 1894 1457 5856 1884 1461 5857 1886 1462 5858 1894 1457 5859 1886 1462 5860 1887 1463 5861 1884 1461 5862 1885 1464 5863 1886 1462 5864 1888 1465 5865 1889 1466 5866 1887 1463 5867 1887 1463 5868 1889 1466 5869 1894 1457 5870 1889 1466 5871 1890 1459 5872 1894 1457 5873 1896 1467 5874 1897 1468 5875 1895 1469 5876 1895 1469 5877 1897 1468 5878 1898 1470 5879 1895 1469 5880 1898 1470 5881 1906 1471 5882 1906 1471 5883 1898 1470 5884 1899 1472 5885 1906 1471 5886 1899 1472 5887 1905 1473 5888 1905 1473 5889 1899 1472 5890 1900 1474 5891 1905 1473 5892 1900 1474 5893 1904 1475 5894 1904 1475 5895 1900 1474 5896 1901 1476 5897 1904 1475 5898 1901 1476 5899 1903 1477 5900 1903 1477 5901 1901 1476 5902 1902 1478 5903 1908 1479 5904 1909 1479 5905 1907 1479 5906 1907 1480 5907 1909 1480 5908 1918 1480 5909 1918 1481 5910 1909 1481 5911 1915 1481 5912 1918 1482 5913 1915 1482 5914 1916 1482 5915 1909 1483 5916 1910 1483 5917 1915 1483 5918 1915 1484 5919 1910 1484 5920 1914 1484 5921 1914 1485 5922 1910 1485 5923 1911 1485 5924 1914 1486 5925 1911 1486 5926 1912 1486 5927 1912 1487 5928 1913 1487 5929 1914 1487 5930 1916 1488 5931 1917 1488 5932 1918 1488 5933 1920 1489 5934 1928 1490 5935 1919 1491 5936 1919 1491 5937 1928 1490 5938 1929 1492 5939 1919 1491 5940 1929 1492 5941 1930 1493 5942 1928 1490 5943 1920 1489 5944 1927 1494 5945 1927 1494 5946 1920 1489 5947 1921 1495 5948 1927 1494 5949 1921 1495 5950 1926 1496 5951 1926 1496 5952 1921 1495 5953 1922 1497 5954 1926 1496 5955 1922 1497 5956 1925 1498 5957 1925 1498 5958 1922 1497 5959 1923 1499 5960 1925 1498 5961 1923 1499 5962 1924 1500 5963 1931 1501 5964 1932 1501 5965 1938 1502 5966 1938 1502 5967 1932 1501 5968 1933 1503 5969 1938 1502 5970 1933 1503 5971 1934 1504 5972 1935 1505 5973 1936 1505 5974 1934 1504 5975 1934 1504 5976 1936 1505 5977 1937 1506 5978 1934 1504 5979 1937 1506 5980 1938 1502 5981 1939 1507 5982 1940 1508 5983 1956 1507 5984 1956 1507 5985 1940 1508 5986 1955 1509 5987 1955 1509 5988 1940 1508 5989 1941 1510 5990 1955 1509 5991 1941 1510 5992 1954 1511 5993 1954 1511 5994 1941 1510 5995 1942 1512 5996 1954 1511 5997 1942 1512 5998 1953 1513 5999 1953 1513 6000 1942 1512 6001 1943 1514 6002 1953 1513 6003 1943 1514 6004 1952 1515 6005 1952 1515 6006 1943 1514 6007 1944 1516 6008 1952 1515 6009 1944 1516 6010 1951 1517 6011 1951 1517 6012 1944 1516 6013 1945 1518 6014 1951 1517 6015 1945 1518 6016 1950 1519 6017 1950 1519 6018 1945 1518 6019 1946 1520 6020 1950 1519 6021 1946 1520 6022 1949 1521 6023 1949 1521 6024 1946 1520 6025 1947 1522 6026 1949 1521 6027 1947 1522 6028 1948 1522 6029 1957 1523 6030 1958 1523 6031 1968 1523 6032 1968 1524 6033 1958 1524 6034 1959 1524 6035 1968 1525 6036 1959 1525 6037 1962 1525 6038 1962 1526 6039 1959 1526 6040 1961 1526 6041 1961 1527 6042 1959 1527 6043 1960 1527 6044 1968 1528 6045 1962 1528 6046 1967 1528 6047 1967 1529 6048 1962 1529 6049 1963 1529 6050 1967 1530 6051 1963 1530 6052 1966 1530 6053 1966 1531 6054 1963 1531 6055 1965 1531 6056 1965 1532 6057 1963 1532 6058 1964 1532 6059 1986 1533 6060 1969 1533 6061 1985 1534 6062 1985 1534 6063 1969 1533 6064 1970 1535 6065 1985 1534 6066 1970 1535 6067 1984 1536 6068 1984 1536 6069 1970 1535 6070 1971 1537 6071 1984 1536 6072 1971 1537 6073 1983 1538 6074 1983 1538 6075 1971 1537 6076 1972 1539 6077 1983 1538 6078 1972 1539 6079 1982 1540 6080 1982 1540 6081 1972 1539 6082 1973 1541 6083 1982 1540 6084 1973 1541 6085 1981 1542 6086 1981 1542 6087 1973 1541 6088 1974 1543 6089 1981 1542 6090 1974 1543 6091 1980 1544 6092 1980 1544 6093 1974 1543 6094 1975 1545 6095 1980 1544 6096 1975 1545 6097 1979 1546 6098 1979 1546 6099 1975 1545 6100 1976 1547 6101 1979 1546 6102 1976 1547 6103 1978 1548 6104 1978 1548 6105 1976 1547 6106 1977 1549 6107 1987 1550 6108 1988 1550 6109 1994 1551 6110 1994 1551 6111 1988 1550 6112 1989 1551 6113 1994 1551 6114 1989 1551 6115 1993 1552 6116 1993 1552 6117 1989 1551 6118 1990 1552 6119 1993 1552 6120 1990 1552 6121 1992 1553 6122 1992 1553 6123 1990 1552 6124 1991 1553 6125 1995 1554 6126 1996 1555 6127 2006 1556 6128 2006 1556 6129 1996 1555 6130 2007 1557 6131 2006 1556 6132 2007 1557 6133 2005 1558 6134 2005 1558 6135 2007 1557 6136 2003 1559 6137 2005 1558 6138 2003 1559 6139 2004 1560 6140 1996 1555 6141 1997 1561 6142 2007 1557 6143 2007 1557 6144 1997 1561 6145 1999 1562 6146 2007 1557 6147 1999 1562 6148 2000 1563 6149 1997 1561 6150 1998 1564 6151 1999 1562 6152 2001 1565 6153 2002 1566 6154 2000 1563 6155 2000 1563 6156 2002 1566 6157 2007 1557 6158 2002 1566 6159 2003 1559 6160 2007 1557 6161 2008 1567 6162 2009 1567 6163 2023 1567 6164 2023 76 6165 2009 76 6166 2020 76 6167 2023 1568 6168 2020 1568 6169 2022 1568 6170 2022 76 6171 2020 76 6172 2021 76 6173 2010 76 6174 2014 76 6175 2009 76 6176 2009 1569 6177 2014 1569 6178 2015 1569 6179 2009 76 6180 2015 76 6181 2020 76 6182 2020 1570 6183 2015 1570 6184 2019 1570 6185 2019 1571 6186 2015 1571 6187 2018 1571 6188 2018 1572 6189 2015 1572 6190 2017 1572 6191 2017 76 6192 2015 76 6193 2016 76 6194 2010 1573 6195 2011 1573 6196 2014 1573 6197 2014 1574 6198 2011 1574 6199 2012 1574 6200 2014 76 6201 2012 76 6202 2013 76 6203 2024 1575 6204 2025 1576 6205 2035 1577 6206 2035 1577 6207 2025 1576 6208 2036 1578 6209 2035 1577 6210 2036 1578 6211 2034 1579 6212 2034 1579 6213 2036 1578 6214 2032 1580 6215 2034 1579 6216 2032 1580 6217 2033 1581 6218 2025 1576 6219 2026 1582 6220 2036 1578 6221 2036 1578 6222 2026 1582 6223 2028 1583 6224 2036 1578 6225 2028 1583 6226 2029 1584 6227 2026 1582 6228 2027 1585 6229 2028 1583 6230 2030 1586 6231 2031 1587 6232 2029 1584 6233 2029 1584 6234 2031 1587 6235 2036 1578 6236 2031 1587 6237 2032 1580 6238 2036 1578 6239 2038 1588 6240 2039 1589 6241 2037 1590 6242 2037 1590 6243 2039 1589 6244 2040 1591 6245 2037 1590 6246 2040 1591 6247 2048 1592 6248 2048 1592 6249 2040 1591 6250 2041 1593 6251 2048 1592 6252 2041 1593 6253 2047 1594 6254 2047 1594 6255 2041 1593 6256 2042 1595 6257 2047 1594 6258 2042 1595 6259 2046 1596 6260 2046 1596 6261 2042 1595 6262 2043 1597 6263 2046 1596 6264 2043 1597 6265 2045 1598 6266 2045 1598 6267 2043 1597 6268 2044 1599 6269 2050 1600 6270 2051 1600 6271 2049 1600 6272 2049 1601 6273 2051 1601 6274 2060 1601 6275 2060 1602 6276 2051 1602 6277 2057 1602 6278 2060 1603 6279 2057 1603 6280 2058 1603 6281 2051 1604 6282 2052 1604 6283 2057 1604 6284 2057 1605 6285 2052 1605 6286 2056 1605 6287 2056 1606 6288 2052 1606 6289 2053 1606 6290 2056 1607 6291 2053 1607 6292 2054 1607 6293 2054 1608 6294 2055 1608 6295 2056 1608 6296 2058 1609 6297 2059 1609 6298 2060 1609 6299 2062 1610 6300 2070 1611 6301 2061 1612 6302 2061 1612 6303 2070 1611 6304 2071 1613 6305 2061 1612 6306 2071 1613 6307 2072 1614 6308 2070 1611 6309 2062 1610 6310 2069 1615 6311 2069 1615 6312 2062 1610 6313 2063 1616 6314 2069 1615 6315 2063 1616 6316 2068 1617 6317 2068 1617 6318 2063 1616 6319 2064 1618 6320 2068 1617 6321 2064 1618 6322 2067 1619 6323 2067 1619 6324 2064 1618 6325 2065 1620 6326 2067 1619 6327 2065 1620 6328 2066 1621 6329 2073 1622 6330 2074 1622 6331 2080 1623 6332 2080 1623 6333 2074 1622 6334 2075 1623 6335 2080 1623 6336 2075 1623 6337 2076 1624 6338 2077 1625 6339 2078 1625 6340 2076 1624 6341 2076 1624 6342 2078 1625 6343 2079 1624 6344 2076 1624 6345 2079 1624 6346 2080 1623 6347 2081 1626 6348 2082 1627 6349 2098 1626 6350 2098 1626 6351 2082 1627 6352 2097 1628 6353 2097 1628 6354 2082 1627 6355 2083 1629 6356 2097 1628 6357 2083 1629 6358 2096 1630 6359 2096 1630 6360 2083 1629 6361 2084 1631 6362 2096 1630 6363 2084 1631 6364 2095 1632 6365 2095 1632 6366 2084 1631 6367 2085 1633 6368 2095 1632 6369 2085 1633 6370 2094 1634 6371 2094 1634 6372 2085 1633 6373 2086 1635 6374 2094 1634 6375 2086 1635 6376 2093 1636 6377 2093 1636 6378 2086 1635 6379 2087 1637 6380 2093 1636 6381 2087 1637 6382 2092 1638 6383 2092 1638 6384 2087 1637 6385 2088 1639 6386 2092 1638 6387 2088 1639 6388 2091 1640 6389 2091 1640 6390 2088 1639 6391 2089 1641 6392 2091 1640 6393 2089 1641 6394 2090 1641 6395 2099 1642 6396 2100 1642 6397 2110 1642 6398 2110 1643 6399 2100 1643 6400 2101 1643 6401 2110 1644 6402 2101 1644 6403 2104 1644 6404 2104 1645 6405 2101 1645 6406 2103 1645 6407 2103 1646 6408 2101 1646 6409 2102 1646 6410 2110 1647 6411 2104 1647 6412 2109 1647 6413 2109 1648 6414 2104 1648 6415 2105 1648 6416 2109 1649 6417 2105 1649 6418 2108 1649 6419 2108 1650 6420 2105 1650 6421 2107 1650 6422 2107 1651 6423 2105 1651 6424 2106 1651 6425 2128 1652 6426 2111 1652 6427 2127 1653 6428 2127 1653 6429 2111 1652 6430 2112 1654 6431 2127 1653 6432 2112 1654 6433 2126 1655 6434 2126 1655 6435 2112 1654 6436 2113 1656 6437 2126 1655 6438 2113 1656 6439 2125 1657 6440 2125 1657 6441 2113 1656 6442 2114 1658 6443 2125 1657 6444 2114 1658 6445 2124 1659 6446 2124 1659 6447 2114 1658 6448 2115 1660 6449 2124 1659 6450 2115 1660 6451 2123 1661 6452 2123 1661 6453 2115 1660 6454 2116 1662 6455 2123 1661 6456 2116 1662 6457 2122 1663 6458 2122 1663 6459 2116 1662 6460 2117 1664 6461 2122 1663 6462 2117 1664 6463 2121 1665 6464 2121 1665 6465 2117 1664 6466 2118 1666 6467 2121 1665 6468 2118 1666 6469 2120 1667 6470 2120 1667 6471 2118 1666 6472 2119 1667 6473 2129 1668 6474 2130 1668 6475 2136 1669 6476 2136 1669 6477 2130 1668 6478 2131 1669 6479 2136 1669 6480 2131 1669 6481 2135 1670 6482 2135 1670 6483 2131 1669 6484 2132 1670 6485 2135 1670 6486 2132 1670 6487 2134 1671 6488 2134 1671 6489 2132 1670 6490 2133 1671 6491 2137 1672 6492 2138 1672 6493 2152 1672 6494 2152 1673 6495 2138 1673 6496 2151 1673 6497 2151 76 6498 2138 76 6499 2149 76 6500 2151 1674 6501 2149 1674 6502 2150 1674 6503 2149 76 6504 2138 76 6505 2143 76 6506 2143 1675 6507 2138 1675 6508 2139 1675 6509 2143 1676 6510 2139 1676 6511 2140 1676 6512 2140 1572 6513 2141 1572 6514 2143 1572 6515 2143 1677 6516 2141 1677 6517 2142 1677 6518 2143 1678 6519 2144 1678 6520 2149 1678 6521 2149 76 6522 2144 76 6523 2148 76 6524 2148 1573 6525 2144 1573 6526 2147 1573 6527 2147 1679 6528 2144 1679 6529 2146 1679 6530 2146 76 6531 2144 76 6532 2145 76 6533 2153 1680 6534 2154 1681 6535 2164 1682 6536 2164 1682 6537 2154 1681 6538 2165 1683 6539 2164 1682 6540 2165 1683 6541 2163 1684 6542 2163 1684 6543 2165 1683 6544 2161 1685 6545 2163 1684 6546 2161 1685 6547 2162 1686 6548 2154 1681 6549 2155 1687 6550 2165 1683 6551 2165 1683 6552 2155 1687 6553 2157 1688 6554 2165 1683 6555 2157 1688 6556 2158 1689 6557 2155 1687 6558 2156 1690 6559 2157 1688 6560 2159 1691 6561 2160 1692 6562 2158 1689 6563 2158 1689 6564 2160 1692 6565 2165 1683 6566 2160 1692 6567 2161 1685 6568 2165 1683 6569 2166 1693 6570 2167 1694 6571 2177 1695 6572 2177 1695 6573 2167 1694 6574 2178 1696 6575 2177 1695 6576 2178 1696 6577 2176 1697 6578 2176 1697 6579 2178 1696 6580 2174 1698 6581 2176 1697 6582 2174 1698 6583 2175 1699 6584 2167 1694 6585 2168 1700 6586 2178 1696 6587 2178 1696 6588 2168 1700 6589 2170 1701 6590 2178 1696 6591 2170 1701 6592 2171 1702 6593 2168 1700 6594 2169 1703 6595 2170 1701 6596 2172 1704 6597 2173 1705 6598 2171 1702 6599 2171 1702 6600 2173 1705 6601 2178 1696 6602 2173 1705 6603 2174 1698 6604 2178 1696 6605 2180 1706 6606 2181 1707 6607 2179 1708 6608 2179 1708 6609 2181 1707 6610 2182 1709 6611 2179 1708 6612 2182 1709 6613 2190 1710 6614 2190 1710 6615 2182 1709 6616 2183 1711 6617 2190 1710 6618 2183 1711 6619 2189 1712 6620 2189 1712 6621 2183 1711 6622 2184 1713 6623 2189 1712 6624 2184 1713 6625 2188 1714 6626 2188 1714 6627 2184 1713 6628 2185 1715 6629 2188 1714 6630 2185 1715 6631 2187 1716 6632 2187 1716 6633 2185 1715 6634 2186 1717 6635 2192 1718 6636 2193 1718 6637 2191 1718 6638 2191 1719 6639 2193 1719 6640 2202 1719 6641 2202 1720 6642 2193 1720 6643 2199 1720 6644 2202 1721 6645 2199 1721 6646 2200 1721 6647 2193 1722 6648 2194 1722 6649 2199 1722 6650 2199 1723 6651 2194 1723 6652 2198 1723 6653 2198 1724 6654 2194 1724 6655 2195 1724 6656 2198 1725 6657 2195 1725 6658 2196 1725 6659 2196 1726 6660 2197 1726 6661 2198 1726 6662 2200 1727 6663 2201 1727 6664 2202 1727 6665 2204 1728 6666 2212 1729 6667 2203 1730 6668 2203 1730 6669 2212 1729 6670 2213 1731 6671 2203 1730 6672 2213 1731 6673 2214 1732 6674 2212 1729 6675 2204 1728 6676 2211 1733 6677 2211 1733 6678 2204 1728 6679 2205 1734 6680 2211 1733 6681 2205 1734 6682 2210 1735 6683 2210 1735 6684 2205 1734 6685 2206 1736 6686 2210 1735 6687 2206 1736 6688 2209 1737 6689 2209 1737 6690 2206 1736 6691 2207 1738 6692 2209 1737 6693 2207 1738 6694 2208 1739 6695 2215 1740 6696 2216 1740 6697 2222 1741 6698 2222 1741 6699 2216 1740 6700 2217 1741 6701 2222 1741 6702 2217 1741 6703 2218 1742 6704 2219 1743 6705 2220 1743 6706 2218 1742 6707 2218 1742 6708 2220 1743 6709 2221 1742 6710 2218 1742 6711 2221 1742 6712 2222 1741 6713 2223 1744 6714 2224 1745 6715 2240 1744 6716 2240 1744 6717 2224 1745 6718 2239 1746 6719 2239 1746 6720 2224 1745 6721 2225 1747 6722 2239 1746 6723 2225 1747 6724 2238 1748 6725 2238 1748 6726 2225 1747 6727 2226 1749 6728 2238 1748 6729 2226 1749 6730 2237 1750 6731 2237 1750 6732 2226 1749 6733 2227 1751 6734 2237 1750 6735 2227 1751 6736 2236 1752 6737 2236 1752 6738 2227 1751 6739 2228 1753 6740 2236 1752 6741 2228 1753 6742 2235 1754 6743 2235 1754 6744 2228 1753 6745 2229 1755 6746 2235 1754 6747 2229 1755 6748 2234 1756 6749 2234 1756 6750 2229 1755 6751 2230 1757 6752 2234 1756 6753 2230 1757 6754 2233 1758 6755 2233 1758 6756 2230 1757 6757 2231 1759 6758 2233 1758 6759 2231 1759 6760 2232 1759 6761 2241 1760 6762 2242 1760 6763 2252 1760 6764 2252 1761 6765 2242 1761 6766 2243 1761 6767 2252 1762 6768 2243 1762 6769 2246 1762 6770 2246 1763 6771 2243 1763 6772 2245 1763 6773 2245 1764 6774 2243 1764 6775 2244 1764 6776 2252 1765 6777 2246 1765 6778 2251 1765 6779 2251 1766 6780 2246 1766 6781 2247 1766 6782 2251 1767 6783 2247 1767 6784 2250 1767 6785 2250 1768 6786 2247 1768 6787 2249 1768 6788 2249 1769 6789 2247 1769 6790 2248 1769 6791 2270 1770 6792 2253 1770 6793 2269 1771 6794 2269 1771 6795 2253 1770 6796 2254 1772 6797 2269 1771 6798 2254 1772 6799 2268 1773 6800 2268 1773 6801 2254 1772 6802 2255 1774 6803 2268 1773 6804 2255 1774 6805 2267 1775 6806 2267 1775 6807 2255 1774 6808 2256 1776 6809 2267 1775 6810 2256 1776 6811 2266 1777 6812 2266 1777 6813 2256 1776 6814 2257 1778 6815 2266 1777 6816 2257 1778 6817 2265 1779 6818 2265 1779 6819 2257 1778 6820 2258 1780 6821 2265 1779 6822 2258 1780 6823 2264 1781 6824 2264 1781 6825 2258 1780 6826 2259 1782 6827 2264 1781 6828 2259 1782 6829 2263 1783 6830 2263 1783 6831 2259 1782 6832 2260 1784 6833 2263 1783 6834 2260 1784 6835 2262 1785 6836 2262 1785 6837 2260 1784 6838 2261 1785 6839 2271 1786 6840 2272 1786 6841 2278 1787 6842 2278 1787 6843 2272 1786 6844 2273 1787 6845 2278 1787 6846 2273 1787 6847 2277 1788 6848 2277 1788 6849 2273 1787 6850 2274 1788 6851 2277 1788 6852 2274 1788 6853 2276 1789 6854 2276 1789 6855 2274 1788 6856 2275 1789 6857 2279 1790 6858 2280 1791 6859 2290 1792 6860 2290 1792 6861 2280 1791 6862 2291 1793 6863 2290 1792 6864 2291 1793 6865 2289 1794 6866 2289 1794 6867 2291 1793 6868 2287 1795 6869 2289 1794 6870 2287 1795 6871 2288 1796 6872 2280 1791 6873 2281 1797 6874 2291 1793 6875 2291 1793 6876 2281 1797 6877 2283 1798 6878 2291 1793 6879 2283 1798 6880 2284 1799 6881 2281 1797 6882 2282 1800 6883 2283 1798 6884 2285 1801 6885 2286 1802 6886 2284 1799 6887 2284 1799 6888 2286 1802 6889 2291 1793 6890 2286 1802 6891 2287 1795 6892 2291 1793 6893 2292 1803 6894 2293 1804 6895 2303 1805 6896 2303 1805 6897 2293 1804 6898 2304 1806 6899 2303 1805 6900 2304 1806 6901 2302 1807 6902 2302 1807 6903 2304 1806 6904 2300 1808 6905 2302 1807 6906 2300 1808 6907 2301 1809 6908 2293 1804 6909 2294 1810 6910 2304 1806 6911 2304 1806 6912 2294 1810 6913 2296 1811 6914 2304 1806 6915 2296 1811 6916 2297 1812 6917 2294 1810 6918 2295 1813 6919 2296 1811 6920 2298 1814 6921 2299 1815 6922 2297 1812 6923 2297 1812 6924 2299 1815 6925 2304 1806 6926 2299 1815 6927 2300 1808 6928 2304 1806 6929 2305 76 6930 2306 76 6931 2320 76 6932 2320 1438 6933 2306 1438 6934 2317 1438 6935 2320 76 6936 2317 76 6937 2319 76 6938 2319 76 6939 2317 76 6940 2318 76 6941 2307 76 6942 2311 76 6943 2306 76 6944 2306 76 6945 2311 76 6946 2312 76 6947 2306 76 6948 2312 76 6949 2317 76 6950 2317 76 6951 2312 76 6952 2316 76 6953 2316 1816 6954 2312 1816 6955 2315 1816 6956 2315 76 6957 2312 76 6958 2314 76 6959 2314 76 6960 2312 76 6961 2313 76 6962 2307 1439 6963 2308 1439 6964 2311 1439 6965 2311 1440 6966 2308 1440 6967 2309 1440 6968 2311 76 6969 2309 76 6970 2310 76 6971 2322 1817 6972 2323 1818 6973 2321 1819 6974 2321 1819 6975 2323 1818 6976 2324 1820 6977 2321 1819 6978 2324 1820 6979 2332 1821 6980 2332 1821 6981 2324 1820 6982 2325 1822 6983 2332 1821 6984 2325 1822 6985 2331 1823 6986 2331 1823 6987 2325 1822 6988 2326 1824 6989 2331 1823 6990 2326 1824 6991 2330 1825 6992 2330 1825 6993 2326 1824 6994 2327 1826 6995 2330 1825 6996 2327 1826 6997 2329 1827 6998 2329 1827 6999 2327 1826 7000 2328 1828 7001 2334 1829 7002 2335 1829 7003 2333 1829 7004 2333 1830 7005 2335 1830 7006 2344 1830 7007 2344 1831 7008 2335 1831 7009 2341 1831 7010 2344 1832 7011 2341 1832 7012 2342 1832 7013 2335 1833 7014 2336 1833 7015 2341 1833 7016 2341 1834 7017 2336 1834 7018 2340 1834 7019 2340 1835 7020 2336 1835 7021 2337 1835 7022 2340 1836 7023 2337 1836 7024 2338 1836 7025 2338 1837 7026 2339 1837 7027 2340 1837 7028 2342 1838 7029 2343 1838 7030 2344 1838 7031 2346 1839 7032 2354 1840 7033 2345 1841 7034 2345 1841 7035 2354 1840 7036 2355 1842 7037 2345 1841 7038 2355 1842 7039 2356 1843 7040 2354 1840 7041 2346 1839 7042 2353 1844 7043 2353 1844 7044 2346 1839 7045 2347 1845 7046 2353 1844 7047 2347 1845 7048 2352 1846 7049 2352 1846 7050 2347 1845 7051 2348 1847 7052 2352 1846 7053 2348 1847 7054 2351 1848 7055 2351 1848 7056 2348 1847 7057 2349 1849 7058 2351 1848 7059 2349 1849 7060 2350 1850 7061 2357 1851 7062 2358 1851 7063 2364 1852 7064 2364 1852 7065 2358 1851 7066 2359 1852 7067 2364 1852 7068 2359 1852 7069 2360 1853 7070 2361 1854 7071 2362 1854 7072 2360 1853 7073 2360 1853 7074 2362 1854 7075 2363 1853 7076 2360 1853 7077 2363 1853 7078 2364 1852 7079 2365 1855 7080 2366 1856 7081 2382 1855 7082 2382 1855 7083 2366 1856 7084 2381 1857 7085 2381 1857 7086 2366 1856 7087 2367 1858 7088 2381 1857 7089 2367 1858 7090 2380 1859 7091 2380 1859 7092 2367 1858 7093 2368 1860 7094 2380 1859 7095 2368 1860 7096 2379 1861 7097 2379 1861 7098 2368 1860 7099 2369 1862 7100 2379 1861 7101 2369 1862 7102 2378 1863 7103 2378 1863 7104 2369 1862 7105 2370 1864 7106 2378 1863 7107 2370 1864 7108 2377 1865 7109 2377 1865 7110 2370 1864 7111 2371 1866 7112 2377 1865 7113 2371 1866 7114 2376 1867 7115 2376 1867 7116 2371 1866 7117 2372 1868 7118 2376 1867 7119 2372 1868 7120 2375 1869 7121 2375 1869 7122 2372 1868 7123 2373 1870 7124 2375 1869 7125 2373 1870 7126 2374 1870 7127 2383 1871 7128 2384 1871 7129 2394 1871 7130 2394 1872 7131 2384 1872 7132 2385 1872 7133 2394 1873 7134 2385 1873 7135 2388 1873 7136 2388 1874 7137 2385 1874 7138 2387 1874 7139 2387 1875 7140 2385 1875 7141 2386 1875 7142 2394 1876 7143 2388 1876 7144 2393 1876 7145 2393 1877 7146 2388 1877 7147 2389 1877 7148 2393 1878 7149 2389 1878 7150 2392 1878 7151 2392 1879 7152 2389 1879 7153 2391 1879 7154 2391 1880 7155 2389 1880 7156 2390 1880 7157 2412 1881 7158 2395 1881 7159 2411 1882 7160 2411 1882 7161 2395 1881 7162 2396 1883 7163 2411 1882 7164 2396 1883 7165 2410 1884 7166 2410 1884 7167 2396 1883 7168 2397 1885 7169 2410 1884 7170 2397 1885 7171 2409 1886 7172 2409 1886 7173 2397 1885 7174 2398 1887 7175 2409 1886 7176 2398 1887 7177 2408 1888 7178 2408 1888 7179 2398 1887 7180 2399 1889 7181 2408 1888 7182 2399 1889 7183 2407 1890 7184 2407 1890 7185 2399 1889 7186 2400 1891 7187 2407 1890 7188 2400 1891 7189 2406 1892 7190 2406 1892 7191 2400 1891 7192 2401 1893 7193 2406 1892 7194 2401 1893 7195 2405 1894 7196 2405 1894 7197 2401 1893 7198 2402 1895 7199 2405 1894 7200 2402 1895 7201 2404 1896 7202 2404 1896 7203 2402 1895 7204 2403 1896 7205 2413 1897 7206 2414 1897 7207 2420 1898 7208 2420 1898 7209 2414 1897 7210 2415 1898 7211 2420 1898 7212 2415 1898 7213 2419 1899 7214 2419 1899 7215 2415 1898 7216 2416 1899 7217 2419 1899 7218 2416 1899 7219 2418 1900 7220 2418 1900 7221 2416 1899 7222 2417 1900 7223 2421 1901 7224 2422 1902 7225 2432 1903 7226 2432 1903 7227 2422 1902 7228 2433 1904 7229 2432 1903 7230 2433 1904 7231 2431 1905 7232 2431 1905 7233 2433 1904 7234 2429 1906 7235 2431 1905 7236 2429 1906 7237 2430 1907 7238 2422 1902 7239 2423 1908 7240 2433 1904 7241 2433 1904 7242 2423 1908 7243 2425 1909 7244 2433 1904 7245 2425 1909 7246 2426 1910 7247 2423 1908 7248 2424 1911 7249 2425 1909 7250 2427 1912 7251 2428 1913 7252 2426 1910 7253 2426 1910 7254 2428 1913 7255 2433 1904 7256 2428 1913 7257 2429 1906 7258 2433 1904 7259 2434 1914 7260 2435 1914 7261 2449 1914 7262 2449 76 7263 2435 76 7264 2448 76 7265 2448 1267 7266 2435 1267 7267 2446 1267 7268 2448 76 7269 2446 76 7270 2447 76 7271 2446 76 7272 2435 76 7273 2440 76 7274 2440 76 7275 2435 76 7276 2436 76 7277 2440 76 7278 2436 76 7279 2437 76 7280 2437 76 7281 2438 76 7282 2440 76 7283 2440 76 7284 2438 76 7285 2439 76 7286 2440 76 7287 2441 76 7288 2446 76 7289 2446 76 7290 2441 76 7291 2445 76 7292 2445 1269 7293 2441 1269 7294 2444 1269 7295 2444 1270 7296 2441 1270 7297 2443 1270 7298 2443 76 7299 2441 76 7300 2442 76 7301 2450 1915 7302 2451 1916 7303 2461 1917 7304 2461 1917 7305 2451 1916 7306 2462 1918 7307 2461 1917 7308 2462 1918 7309 2460 1919 7310 2460 1919 7311 2462 1918 7312 2458 1920 7313 2460 1919 7314 2458 1920 7315 2459 1921 7316 2451 1916 7317 2452 1922 7318 2462 1918 7319 2462 1918 7320 2452 1922 7321 2454 1923 7322 2462 1918 7323 2454 1923 7324 2455 1924 7325 2452 1922 7326 2453 1925 7327 2454 1923 7328 2456 1926 7329 2457 1927 7330 2455 1924 7331 2455 1924 7332 2457 1927 7333 2462 1918 7334 2457 1927 7335 2458 1920 7336 2462 1918 7337 2464 1928 7338 2465 1929 7339 2463 1930 7340 2463 1930 7341 2465 1929 7342 2466 1931 7343 2463 1930 7344 2466 1931 7345 2474 1932 7346 2474 1932 7347 2466 1931 7348 2467 1933 7349 2474 1932 7350 2467 1933 7351 2473 1934 7352 2473 1934 7353 2467 1933 7354 2468 1935 7355 2473 1934 7356 2468 1935 7357 2472 1936 7358 2472 1936 7359 2468 1935 7360 2469 1937 7361 2472 1936 7362 2469 1937 7363 2471 1938 7364 2471 1938 7365 2469 1937 7366 2470 1939 7367 2476 1940 7368 2477 1940 7369 2475 1940 7370 2475 1941 7371 2477 1941 7372 2486 1941 7373 2486 1942 7374 2477 1942 7375 2483 1942 7376 2486 1943 7377 2483 1943 7378 2484 1943 7379 2477 1944 7380 2478 1944 7381 2483 1944 7382 2483 1945 7383 2478 1945 7384 2482 1945 7385 2482 1946 7386 2478 1946 7387 2479 1946 7388 2482 1947 7389 2479 1947 7390 2480 1947 7391 2480 1948 7392 2481 1948 7393 2482 1948 7394 2484 1949 7395 2485 1949 7396 2486 1949 7397 2488 1950 7398 2496 1951 7399 2487 1952 7400 2487 1952 7401 2496 1951 7402 2497 1953 7403 2487 1952 7404 2497 1953 7405 2498 1954 7406 2496 1951 7407 2488 1950 7408 2495 1955 7409 2495 1955 7410 2488 1950 7411 2489 1956 7412 2495 1955 7413 2489 1956 7414 2494 1957 7415 2494 1957 7416 2489 1956 7417 2490 1958 7418 2494 1957 7419 2490 1958 7420 2493 1959 7421 2493 1959 7422 2490 1958 7423 2491 1960 7424 2493 1959 7425 2491 1960 7426 2492 1961 7427 2499 1962 7428 2500 1962 7429 2506 1963 7430 2506 1963 7431 2500 1962 7432 2501 1964 7433 2506 1963 7434 2501 1964 7435 2502 1965 7436 2503 1966 7437 2504 1966 7438 2502 1965 7439 2502 1965 7440 2504 1966 7441 2505 1967 7442 2502 1965 7443 2505 1967 7444 2506 1963 7445 2507 1968 7446 2508 1969 7447 2524 1968 7448 2524 1968 7449 2508 1969 7450 2523 1970 7451 2523 1970 7452 2508 1969 7453 2509 1971 7454 2523 1970 7455 2509 1971 7456 2522 1972 7457 2522 1972 7458 2509 1971 7459 2510 1973 7460 2522 1972 7461 2510 1973 7462 2521 1974 7463 2521 1974 7464 2510 1973 7465 2511 1975 7466 2521 1974 7467 2511 1975 7468 2520 1976 7469 2520 1976 7470 2511 1975 7471 2512 1977 7472 2520 1976 7473 2512 1977 7474 2519 1978 7475 2519 1978 7476 2512 1977 7477 2513 1979 7478 2519 1978 7479 2513 1979 7480 2518 1980 7481 2518 1980 7482 2513 1979 7483 2514 1981 7484 2518 1980 7485 2514 1981 7486 2517 1982 7487 2517 1982 7488 2514 1981 7489 2515 1983 7490 2517 1982 7491 2515 1983 7492 2516 1983 7493 2525 1984 7494 2526 1984 7495 2536 1984 7496 2536 1985 7497 2526 1985 7498 2527 1985 7499 2536 1986 7500 2527 1986 7501 2530 1986 7502 2530 1987 7503 2527 1987 7504 2529 1987 7505 2529 1988 7506 2527 1988 7507 2528 1988 7508 2536 1989 7509 2530 1989 7510 2535 1989 7511 2535 1990 7512 2530 1990 7513 2531 1990 7514 2535 1991 7515 2531 1991 7516 2534 1991 7517 2534 1992 7518 2531 1992 7519 2533 1992 7520 2533 1993 7521 2531 1993 7522 2532 1993 7523 2554 1994 7524 2537 1994 7525 2553 1995 7526 2553 1995 7527 2537 1994 7528 2538 1996 7529 2553 1995 7530 2538 1996 7531 2552 1997 7532 2552 1997 7533 2538 1996 7534 2539 1998 7535 2552 1997 7536 2539 1998 7537 2551 1999 7538 2551 1999 7539 2539 1998 7540 2540 2000 7541 2551 1999 7542 2540 2000 7543 2550 2001 7544 2550 2001 7545 2540 2000 7546 2541 2002 7547 2550 2001 7548 2541 2002 7549 2549 2003 7550 2549 2003 7551 2541 2002 7552 2542 2004 7553 2549 2003 7554 2542 2004 7555 2548 2005 7556 2548 2005 7557 2542 2004 7558 2543 2006 7559 2548 2005 7560 2543 2006 7561 2547 2007 7562 2547 2007 7563 2543 2006 7564 2544 2008 7565 2547 2007 7566 2544 2008 7567 2546 2009 7568 2546 2009 7569 2544 2008 7570 2545 2010 7571 2555 2011 7572 2556 2011 7573 2562 2012 7574 2562 2012 7575 2556 2011 7576 2557 2012 7577 2562 2012 7578 2557 2012 7579 2561 2013 7580 2561 2013 7581 2557 2012 7582 2558 2013 7583 2561 2013 7584 2558 2013 7585 2560 2014 7586 2560 2014 7587 2558 2013 7588 2559 2014 7589 2563 2015 7590 2564 2016 7591 2574 2017 7592 2574 2017 7593 2564 2016 7594 2575 2018 7595 2574 2017 7596 2575 2018 7597 2573 2019 7598 2573 2019 7599 2575 2018 7600 2571 2020 7601 2573 2019 7602 2571 2020 7603 2572 2021 7604 2564 2016 7605 2565 2022 7606 2575 2018 7607 2575 2018 7608 2565 2022 7609 2567 2023 7610 2575 2018 7611 2567 2023 7612 2568 2024 7613 2565 2022 7614 2566 2025 7615 2567 2023 7616 2569 2026 7617 2570 2027 7618 2568 2024 7619 2568 2024 7620 2570 2027 7621 2575 2018 7622 2570 2027 7623 2571 2020 7624 2575 2018 7625 2576 610 7626 2577 610 7627 2591 610 7628 2591 2028 7629 2577 2028 7630 2590 2028 7631 2590 76 7632 2577 76 7633 2588 76 7634 2590 2029 7635 2588 2029 7636 2589 2029 7637 2588 76 7638 2577 76 7639 2582 76 7640 2582 2030 7641 2577 2030 7642 2578 2030 7643 2582 2031 7644 2578 2031 7645 2579 2031 7646 2579 616 7647 2580 616 7648 2582 616 7649 2582 2032 7650 2580 2032 7651 2581 2032 7652 2582 2033 7653 2583 2033 7654 2588 2033 7655 2588 76 7656 2583 76 7657 2587 76 7658 2587 617 7659 2583 617 7660 2586 617 7661 2586 2034 7662 2583 2034 7663 2585 2034 7664 2585 76 7665 2583 76 7666 2584 76 7667 2593 2035 7668 2720 2036 7669 2592 2037 7670 2592 2037 7671 2720 2036 7672 2725 2038 7673 2592 2037 7674 2725 2038 7675 2651 2039 7676 2651 2039 7677 2725 2038 7678 2894 2040 7679 2651 2039 7680 2894 2040 7681 2650 2041 7682 2650 2041 7683 2894 2040 7684 2891 2042 7685 2650 2041 7686 2891 2042 7687 2649 2043 7688 2649 2043 7689 2891 2042 7690 2888 2044 7691 2649 2043 7692 2888 2044 7693 2648 2045 7694 2648 2045 7695 2888 2044 7696 2885 2046 7697 2648 2045 7698 2885 2046 7699 2647 2047 7700 2647 2047 7701 2885 2046 7702 2882 2048 7703 2647 2047 7704 2882 2048 7705 2646 2049 7706 2646 2049 7707 2882 2048 7708 2879 2050 7709 2646 2049 7710 2879 2050 7711 2645 2051 7712 2645 2051 7713 2879 2050 7714 2876 2052 7715 2645 2051 7716 2876 2052 7717 2644 2053 7718 2644 2053 7719 2876 2052 7720 2873 2054 7721 2644 2053 7722 2873 2054 7723 2643 2055 7724 2643 2055 7725 2873 2054 7726 2870 2056 7727 2643 2055 7728 2870 2056 7729 2642 2057 7730 2642 2057 7731 2870 2056 7732 2867 2058 7733 2642 2057 7734 2867 2058 7735 2641 2059 7736 2641 2059 7737 2867 2058 7738 2864 2060 7739 2641 2059 7740 2864 2060 7741 2640 2061 7742 2640 2061 7743 2864 2060 7744 2861 2062 7745 2640 2061 7746 2861 2062 7747 2639 2063 7748 2639 2063 7749 2861 2062 7750 2858 2064 7751 2639 2063 7752 2858 2064 7753 2638 2065 7754 2638 2065 7755 2858 2064 7756 2855 2066 7757 2638 2065 7758 2855 2066 7759 2637 2067 7760 2637 2067 7761 2855 2066 7762 2852 2068 7763 2637 2067 7764 2852 2068 7765 2636 2069 7766 2636 2069 7767 2852 2068 7768 2849 2070 7769 2636 2069 7770 2849 2070 7771 2635 2071 7772 2635 2071 7773 2849 2070 7774 2846 2072 7775 2635 2071 7776 2846 2072 7777 2634 2073 7778 2634 2073 7779 2846 2072 7780 2843 2074 7781 2634 2073 7782 2843 2074 7783 2633 2075 7784 2633 2075 7785 2843 2074 7786 2840 2076 7787 2633 2075 7788 2840 2076 7789 2632 2077 7790 2632 2077 7791 2840 2076 7792 2837 2078 7793 2632 2077 7794 2837 2078 7795 2631 2079 7796 2631 2079 7797 2837 2078 7798 2834 2080 7799 2631 2079 7800 2834 2080 7801 2630 2081 7802 2630 2081 7803 2834 2080 7804 2831 2082 7805 2630 2081 7806 2831 2082 7807 2629 2083 7808 2629 2083 7809 2831 2082 7810 2828 2084 7811 2629 2083 7812 2828 2084 7813 2628 2085 7814 2628 2085 7815 2828 2084 7816 2825 2086 7817 2628 2085 7818 2825 2086 7819 2627 2087 7820 2627 2087 7821 2825 2086 7822 2822 2088 7823 2627 2087 7824 2822 2088 7825 2626 2089 7826 2626 2089 7827 2822 2088 7828 2819 2090 7829 2626 2089 7830 2819 2090 7831 2625 2091 7832 2625 2091 7833 2819 2090 7834 2816 2092 7835 2625 2091 7836 2816 2092 7837 2624 2093 7838 2624 2093 7839 2816 2092 7840 2813 2094 7841 2624 2093 7842 2813 2094 7843 2623 2095 7844 2623 2095 7845 2813 2094 7846 2810 2096 7847 2623 2095 7848 2810 2096 7849 2622 2097 7850 2622 2097 7851 2810 2096 7852 2715 2098 7853 2712 2099 7854 2714 2100 7855 2621 2101 7856 2621 2101 7857 2714 2100 7858 2807 2102 7859 2621 2101 7860 2807 2102 7861 2620 2103 7862 2620 2103 7863 2807 2102 7864 2804 2104 7865 2620 2103 7866 2804 2104 7867 2619 2105 7868 2619 2105 7869 2804 2104 7870 2801 2106 7871 2619 2105 7872 2801 2106 7873 2618 2107 7874 2618 2107 7875 2801 2106 7876 2798 2108 7877 2618 2107 7878 2798 2108 7879 2617 2109 7880 2617 2109 7881 2798 2108 7882 2795 2110 7883 2617 2109 7884 2795 2110 7885 2616 2111 7886 2616 2111 7887 2795 2110 7888 2792 2112 7889 2616 2111 7890 2792 2112 7891 2615 2113 7892 2615 2113 7893 2792 2112 7894 2789 2114 7895 2615 2113 7896 2789 2114 7897 2614 2115 7898 2614 2115 7899 2789 2114 7900 2786 2116 7901 2614 2115 7902 2786 2116 7903 2613 2117 7904 2613 2117 7905 2786 2116 7906 2783 2118 7907 2613 2117 7908 2783 2118 7909 2612 2119 7910 2612 2119 7911 2783 2118 7912 2780 2120 7913 2612 2119 7914 2780 2120 7915 2611 2121 7916 2611 2121 7917 2780 2120 7918 2777 2122 7919 2611 2121 7920 2777 2122 7921 2610 2123 7922 2610 2123 7923 2777 2122 7924 2774 2124 7925 2610 2123 7926 2774 2124 7927 2609 2125 7928 2609 2125 7929 2774 2124 7930 2771 2126 7931 2609 2125 7932 2771 2126 7933 2608 2127 7934 2608 2127 7935 2771 2126 7936 2768 2128 7937 2608 2127 7938 2768 2128 7939 2607 2129 7940 2607 2129 7941 2768 2128 7942 2765 2130 7943 2607 2129 7944 2765 2130 7945 2606 2131 7946 2606 2131 7947 2765 2130 7948 2762 2132 7949 2606 2131 7950 2762 2132 7951 2605 2133 7952 2605 2133 7953 2762 2132 7954 2759 2134 7955 2605 2133 7956 2759 2134 7957 2604 2135 7958 2604 2135 7959 2759 2134 7960 2756 2136 7961 2604 2135 7962 2756 2136 7963 2603 2137 7964 2603 2137 7965 2756 2136 7966 2753 2138 7967 2603 2137 7968 2753 2138 7969 2602 2139 7970 2602 2139 7971 2753 2138 7972 2750 2140 7973 2602 2139 7974 2750 2140 7975 2601 2141 7976 2601 2141 7977 2750 2140 7978 2747 2142 7979 2601 2141 7980 2747 2142 7981 2600 2143 7982 2600 2143 7983 2747 2142 7984 2744 2144 7985 2600 2143 7986 2744 2144 7987 2599 2145 7988 2599 2145 7989 2744 2144 7990 2741 2146 7991 2599 2145 7992 2741 2146 7993 2598 2147 7994 2598 2147 7995 2741 2146 7996 2738 2148 7997 2598 2147 7998 2738 2148 7999 2597 2149 8000 2597 2149 8001 2738 2148 8002 2735 2150 8003 2597 2149 8004 2735 2150 8005 2596 2151 8006 2596 2151 8007 2735 2150 8008 2732 2152 8009 2596 2151 8010 2732 2152 8011 2595 2153 8012 2595 2153 8013 2732 2152 8014 2729 2154 8015 2595 2153 8016 2729 2154 8017 2594 2155 8018 2594 2155 8019 2729 2154 8020 2726 2156 8021 2594 2155 8022 2726 2156 8023 2593 2035 8024 2593 2035 8025 2726 2156 8026 2720 2036 8027 2653 2157 8028 2896 2158 8029 2652 2159 8030 2652 2159 8031 2896 2158 8032 2723 2160 8033 2652 2159 8034 2723 2160 8035 2711 2161 8036 2711 2161 8037 2723 2160 8038 2722 2162 8039 2711 2161 8040 2722 2162 8041 2710 2163 8042 2710 2163 8043 2722 2162 8044 2728 2164 8045 2710 2163 8046 2728 2164 8047 2709 2165 8048 2709 2165 8049 2728 2164 8050 2731 2166 8051 2709 2165 8052 2731 2166 8053 2708 2167 8054 2708 2167 8055 2731 2166 8056 2734 2168 8057 2708 2167 8058 2734 2168 8059 2707 2169 8060 2707 2169 8061 2734 2168 8062 2737 2170 8063 2707 2169 8064 2737 2170 8065 2706 2171 8066 2706 2171 8067 2737 2170 8068 2740 2172 8069 2706 2171 8070 2740 2172 8071 2705 2173 8072 2705 2173 8073 2740 2172 8074 2743 2174 8075 2705 2173 8076 2743 2174 8077 2704 2175 8078 2704 2175 8079 2743 2174 8080 2746 2176 8081 2704 2175 8082 2746 2176 8083 2703 2177 8084 2703 2177 8085 2746 2176 8086 2749 2178 8087 2703 2177 8088 2749 2178 8089 2702 2179 8090 2702 2179 8091 2749 2178 8092 2752 2180 8093 2702 2179 8094 2752 2180 8095 2701 2181 8096 2701 2181 8097 2752 2180 8098 2755 2182 8099 2701 2181 8100 2755 2182 8101 2700 2183 8102 2700 2183 8103 2755 2182 8104 2758 2184 8105 2700 2183 8106 2758 2184 8107 2699 2185 8108 2699 2185 8109 2758 2184 8110 2761 2186 8111 2699 2185 8112 2761 2186 8113 2698 2187 8114 2698 2187 8115 2761 2186 8116 2764 2188 8117 2698 2187 8118 2764 2188 8119 2697 2189 8120 2697 2189 8121 2764 2188 8122 2767 2190 8123 2697 2189 8124 2767 2190 8125 2696 2191 8126 2696 2191 8127 2767 2190 8128 2770 2192 8129 2696 2191 8130 2770 2192 8131 2695 2193 8132 2695 2193 8133 2770 2192 8134 2773 2194 8135 2695 2193 8136 2773 2194 8137 2694 2195 8138 2694 2195 8139 2773 2194 8140 2776 2196 8141 2694 2195 8142 2776 2196 8143 2693 2197 8144 2693 2197 8145 2776 2196 8146 2779 2198 8147 2693 2197 8148 2779 2198 8149 2692 2199 8150 2692 2199 8151 2779 2198 8152 2782 2200 8153 2692 2199 8154 2782 2200 8155 2691 2201 8156 2691 2201 8157 2782 2200 8158 2785 2202 8159 2691 2201 8160 2785 2202 8161 2690 2203 8162 2690 2203 8163 2785 2202 8164 2788 2204 8165 2690 2203 8166 2788 2204 8167 2689 2205 8168 2689 2205 8169 2788 2204 8170 2791 2206 8171 2689 2205 8172 2791 2206 8173 2688 2207 8174 2688 2207 8175 2791 2206 8176 2794 2208 8177 2688 2207 8178 2794 2208 8179 2687 2209 8180 2687 2209 8181 2794 2208 8182 2797 2210 8183 2687 2209 8184 2797 2210 8185 2686 2211 8186 2686 2211 8187 2797 2210 8188 2800 2212 8189 2686 2211 8190 2800 2212 8191 2685 2213 8192 2685 2213 8193 2800 2212 8194 2803 2214 8195 2685 2213 8196 2803 2214 8197 2684 2215 8198 2684 2215 8199 2803 2214 8200 2806 2216 8201 2684 2215 8202 2806 2216 8203 2683 2217 8204 2683 2217 8205 2806 2216 8206 2809 2218 8207 2683 2217 8208 2809 2218 8209 2682 2219 8210 2682 2219 8211 2809 2218 8212 2718 2220 8213 2713 2221 8214 2719 2222 8215 2681 2223 8216 2681 2223 8217 2719 2222 8218 2812 2224 8219 2681 2223 8220 2812 2224 8221 2680 2225 8222 2680 2225 8223 2812 2224 8224 2815 2226 8225 2680 2225 8226 2815 2226 8227 2679 2227 8228 2679 2227 8229 2815 2226 8230 2818 2228 8231 2679 2227 8232 2818 2228 8233 2678 2229 8234 2678 2229 8235 2818 2228 8236 2821 2230 8237 2678 2229 8238 2821 2230 8239 2677 2231 8240 2677 2231 8241 2821 2230 8242 2824 2232 8243 2677 2231 8244 2824 2232 8245 2676 2233 8246 2676 2233 8247 2824 2232 8248 2827 2234 8249 2676 2233 8250 2827 2234 8251 2675 2235 8252 2675 2235 8253 2827 2234 8254 2830 2236 8255 2675 2235 8256 2830 2236 8257 2674 2237 8258 2674 2237 8259 2830 2236 8260 2833 2238 8261 2674 2237 8262 2833 2238 8263 2673 2239 8264 2673 2239 8265 2833 2238 8266 2836 2240 8267 2673 2239 8268 2836 2240 8269 2672 2241 8270 2672 2241 8271 2836 2240 8272 2839 2242 8273 2672 2241 8274 2839 2242 8275 2671 2243 8276 2671 2243 8277 2839 2242 8278 2842 2244 8279 2671 2243 8280 2842 2244 8281 2670 2245 8282 2670 2245 8283 2842 2244 8284 2845 2246 8285 2670 2245 8286 2845 2246 8287 2669 2247 8288 2669 2247 8289 2845 2246 8290 2848 2248 8291 2669 2247 8292 2848 2248 8293 2668 2249 8294 2668 2249 8295 2848 2248 8296 2851 2250 8297 2668 2249 8298 2851 2250 8299 2667 2251 8300 2667 2251 8301 2851 2250 8302 2854 2252 8303 2667 2251 8304 2854 2252 8305 2666 2253 8306 2666 2253 8307 2854 2252 8308 2857 2254 8309 2666 2253 8310 2857 2254 8311 2665 2255 8312 2665 2255 8313 2857 2254 8314 2860 2256 8315 2665 2255 8316 2860 2256 8317 2664 2257 8318 2664 2257 8319 2860 2256 8320 2863 2258 8321 2664 2257 8322 2863 2258 8323 2663 2259 8324 2663 2259 8325 2863 2258 8326 2866 2260 8327 2663 2259 8328 2866 2260 8329 2662 2261 8330 2662 2261 8331 2866 2260 8332 2869 2262 8333 2662 2261 8334 2869 2262 8335 2661 2263 8336 2661 2263 8337 2869 2262 8338 2872 2264 8339 2661 2263 8340 2872 2264 8341 2660 2265 8342 2660 2265 8343 2872 2264 8344 2875 2266 8345 2660 2265 8346 2875 2266 8347 2659 2267 8348 2659 2267 8349 2875 2266 8350 2878 2268 8351 2659 2267 8352 2878 2268 8353 2658 2269 8354 2658 2269 8355 2878 2268 8356 2881 2270 8357 2658 2269 8358 2881 2270 8359 2657 2271 8360 2657 2271 8361 2881 2270 8362 2884 2272 8363 2657 2271 8364 2884 2272 8365 2656 2273 8366 2656 2273 8367 2884 2272 8368 2887 2274 8369 2656 2273 8370 2887 2274 8371 2655 2275 8372 2655 2275 8373 2887 2274 8374 2890 2276 8375 2655 2275 8376 2890 2276 8377 2654 2277 8378 2654 2277 8379 2890 2276 8380 2893 2278 8381 2654 2277 8382 2893 2278 8383 2653 2157 8384 2653 2157 8385 2893 2278 8386 2896 2158 8387 2714 2100 8388 2716 2279 8389 2807 2102 8390 2807 2102 8391 2716 2279 8392 2808 2280 8393 2807 2102 8394 2808 2280 8395 2804 2104 8396 2804 2104 8397 2808 2280 8398 2805 2281 8399 2804 2104 8400 2805 2281 8401 2801 2106 8402 2801 2106 8403 2805 2281 8404 2802 2282 8405 2801 2106 8406 2802 2282 8407 2798 2108 8408 2798 2108 8409 2802 2282 8410 2799 2283 8411 2798 2108 8412 2799 2283 8413 2795 2110 8414 2795 2110 8415 2799 2283 8416 2796 2284 8417 2795 2110 8418 2796 2284 8419 2792 2112 8420 2792 2112 8421 2796 2284 8422 2793 2285 8423 2792 2112 8424 2793 2285 8425 2789 2114 8426 2789 2114 8427 2793 2285 8428 2790 2286 8429 2789 2114 8430 2790 2286 8431 2786 2116 8432 2786 2116 8433 2790 2286 8434 2787 2287 8435 2786 2116 8436 2787 2287 8437 2783 2118 8438 2783 2118 8439 2787 2287 8440 2784 2288 8441 2783 2118 8442 2784 2288 8443 2780 2120 8444 2780 2120 8445 2784 2288 8446 2781 2289 8447 2780 2120 8448 2781 2289 8449 2777 2122 8450 2777 2122 8451 2781 2289 8452 2778 2290 8453 2777 2122 8454 2778 2290 8455 2774 2124 8456 2774 2124 8457 2778 2290 8458 2775 2291 8459 2774 2124 8460 2775 2291 8461 2771 2126 8462 2771 2126 8463 2775 2291 8464 2772 2292 8465 2771 2126 8466 2772 2292 8467 2768 2128 8468 2768 2128 8469 2772 2292 8470 2769 2293 8471 2768 2128 8472 2769 2293 8473 2765 2130 8474 2765 2130 8475 2769 2293 8476 2766 2294 8477 2765 2130 8478 2766 2294 8479 2762 2132 8480 2762 2132 8481 2766 2294 8482 2763 2295 8483 2762 2132 8484 2763 2295 8485 2759 2134 8486 2759 2134 8487 2763 2295 8488 2760 2296 8489 2759 2134 8490 2760 2296 8491 2756 2136 8492 2756 2136 8493 2760 2296 8494 2757 2297 8495 2756 2136 8496 2757 2297 8497 2753 2138 8498 2753 2138 8499 2757 2297 8500 2754 2298 8501 2753 2138 8502 2754 2298 8503 2750 2140 8504 2750 2140 8505 2754 2298 8506 2751 2299 8507 2750 2140 8508 2751 2299 8509 2747 2142 8510 2747 2142 8511 2751 2299 8512 2748 2300 8513 2747 2142 8514 2748 2300 8515 2744 2144 8516 2744 2144 8517 2748 2300 8518 2745 2301 8519 2744 2144 8520 2745 2301 8521 2741 2146 8522 2741 2146 8523 2745 2301 8524 2742 2302 8525 2741 2146 8526 2742 2302 8527 2738 2148 8528 2738 2148 8529 2742 2302 8530 2739 2303 8531 2738 2148 8532 2739 2303 8533 2735 2150 8534 2735 2150 8535 2739 2303 8536 2736 2304 8537 2735 2150 8538 2736 2304 8539 2732 2152 8540 2732 2152 8541 2736 2304 8542 2733 2305 8543 2732 2152 8544 2733 2305 8545 2729 2154 8546 2729 2154 8547 2733 2305 8548 2730 2306 8549 2729 2154 8550 2730 2306 8551 2726 2156 8552 2726 2156 8553 2730 2306 8554 2727 2307 8555 2726 2156 8556 2727 2307 8557 2720 2036 8558 2720 2036 8559 2727 2307 8560 2721 2308 8561 2720 2036 8562 2721 2308 8563 2725 2038 8564 2725 2038 8565 2721 2308 8566 2724 2309 8567 2725 2038 8568 2724 2309 8569 2894 2040 8570 2894 2040 8571 2724 2309 8572 2895 2310 8573 2894 2040 8574 2895 2310 8575 2891 2042 8576 2891 2042 8577 2895 2310 8578 2892 2311 8579 2891 2042 8580 2892 2311 8581 2888 2044 8582 2888 2044 8583 2892 2311 8584 2889 2312 8585 2888 2044 8586 2889 2312 8587 2885 2046 8588 2885 2046 8589 2889 2312 8590 2886 2313 8591 2885 2046 8592 2886 2313 8593 2882 2048 8594 2882 2048 8595 2886 2313 8596 2883 2314 8597 2882 2048 8598 2883 2314 8599 2879 2050 8600 2879 2050 8601 2883 2314 8602 2880 2315 8603 2879 2050 8604 2880 2315 8605 2876 2052 8606 2876 2052 8607 2880 2315 8608 2877 2316 8609 2876 2052 8610 2877 2316 8611 2873 2054 8612 2873 2054 8613 2877 2316 8614 2874 2317 8615 2873 2054 8616 2874 2317 8617 2870 2056 8618 2870 2056 8619 2874 2317 8620 2871 2318 8621 2870 2056 8622 2871 2318 8623 2867 2058 8624 2867 2058 8625 2871 2318 8626 2868 2319 8627 2867 2058 8628 2868 2319 8629 2864 2060 8630 2864 2060 8631 2868 2319 8632 2865 2320 8633 2864 2060 8634 2865 2320 8635 2861 2062 8636 2861 2062 8637 2865 2320 8638 2862 2321 8639 2861 2062 8640 2862 2321 8641 2858 2064 8642 2858 2064 8643 2862 2321 8644 2859 2322 8645 2858 2064 8646 2859 2322 8647 2855 2066 8648 2855 2066 8649 2859 2322 8650 2856 2323 8651 2855 2066 8652 2856 2323 8653 2852 2068 8654 2852 2068 8655 2856 2323 8656 2853 2324 8657 2852 2068 8658 2853 2324 8659 2849 2070 8660 2849 2070 8661 2853 2324 8662 2850 2325 8663 2849 2070 8664 2850 2325 8665 2846 2072 8666 2846 2072 8667 2850 2325 8668 2847 2326 8669 2846 2072 8670 2847 2326 8671 2843 2074 8672 2843 2074 8673 2847 2326 8674 2844 2327 8675 2843 2074 8676 2844 2327 8677 2840 2076 8678 2840 2076 8679 2844 2327 8680 2841 2328 8681 2840 2076 8682 2841 2328 8683 2837 2078 8684 2837 2078 8685 2841 2328 8686 2838 2329 8687 2837 2078 8688 2838 2329 8689 2834 2080 8690 2834 2080 8691 2838 2329 8692 2835 2330 8693 2834 2080 8694 2835 2330 8695 2831 2082 8696 2831 2082 8697 2835 2330 8698 2832 2331 8699 2831 2082 8700 2832 2331 8701 2828 2084 8702 2828 2084 8703 2832 2331 8704 2829 2332 8705 2828 2084 8706 2829 2332 8707 2825 2086 8708 2825 2086 8709 2829 2332 8710 2826 2333 8711 2825 2086 8712 2826 2333 8713 2822 2088 8714 2822 2088 8715 2826 2333 8716 2823 2334 8717 2822 2088 8718 2823 2334 8719 2819 2090 8720 2819 2090 8721 2823 2334 8722 2820 2335 8723 2819 2090 8724 2820 2335 8725 2816 2092 8726 2816 2092 8727 2820 2335 8728 2817 2336 8729 2816 2092 8730 2817 2336 8731 2813 2094 8732 2813 2094 8733 2817 2336 8734 2814 2337 8735 2813 2094 8736 2814 2337 8737 2810 2096 8738 2810 2096 8739 2814 2337 8740 2811 2338 8741 2810 2096 8742 2811 2338 8743 2715 2098 8744 2715 2098 8745 2811 2338 8746 2717 2339 8747 2716 2279 8748 2718 2220 8749 2808 2280 8750 2808 2280 8751 2718 2220 8752 2809 2218 8753 2808 2280 8754 2809 2218 8755 2805 2281 8756 2805 2281 8757 2809 2218 8758 2806 2216 8759 2805 2281 8760 2806 2216 8761 2802 2282 8762 2802 2282 8763 2806 2216 8764 2803 2214 8765 2802 2282 8766 2803 2214 8767 2799 2283 8768 2799 2283 8769 2803 2214 8770 2800 2212 8771 2799 2283 8772 2800 2212 8773 2796 2284 8774 2796 2284 8775 2800 2212 8776 2797 2210 8777 2796 2284 8778 2797 2210 8779 2793 2285 8780 2793 2285 8781 2797 2210 8782 2794 2208 8783 2793 2285 8784 2794 2208 8785 2790 2286 8786 2790 2286 8787 2794 2208 8788 2791 2206 8789 2790 2286 8790 2791 2206 8791 2787 2287 8792 2787 2287 8793 2791 2206 8794 2788 2204 8795 2787 2287 8796 2788 2204 8797 2784 2288 8798 2784 2288 8799 2788 2204 8800 2785 2202 8801 2784 2288 8802 2785 2202 8803 2781 2289 8804 2781 2289 8805 2785 2202 8806 2782 2200 8807 2781 2289 8808 2782 2200 8809 2778 2290 8810 2778 2290 8811 2782 2200 8812 2779 2198 8813 2778 2290 8814 2779 2198 8815 2775 2291 8816 2775 2291 8817 2779 2198 8818 2776 2196 8819 2775 2291 8820 2776 2196 8821 2772 2292 8822 2772 2292 8823 2776 2196 8824 2773 2194 8825 2772 2292 8826 2773 2194 8827 2769 2293 8828 2769 2293 8829 2773 2194 8830 2770 2192 8831 2769 2293 8832 2770 2192 8833 2766 2294 8834 2766 2294 8835 2770 2192 8836 2767 2190 8837 2766 2294 8838 2767 2190 8839 2763 2295 8840 2763 2295 8841 2767 2190 8842 2764 2188 8843 2763 2295 8844 2764 2188 8845 2760 2296 8846 2760 2296 8847 2764 2188 8848 2761 2186 8849 2760 2296 8850 2761 2186 8851 2757 2297 8852 2757 2297 8853 2761 2186 8854 2758 2184 8855 2757 2297 8856 2758 2184 8857 2754 2298 8858 2754 2298 8859 2758 2184 8860 2755 2182 8861 2754 2298 8862 2755 2182 8863 2751 2299 8864 2751 2299 8865 2755 2182 8866 2752 2180 8867 2751 2299 8868 2752 2180 8869 2748 2300 8870 2748 2300 8871 2752 2180 8872 2749 2178 8873 2748 2300 8874 2749 2178 8875 2745 2301 8876 2745 2301 8877 2749 2178 8878 2746 2176 8879 2745 2301 8880 2746 2176 8881 2742 2302 8882 2742 2302 8883 2746 2176 8884 2743 2174 8885 2742 2302 8886 2743 2174 8887 2739 2303 8888 2739 2303 8889 2743 2174 8890 2740 2172 8891 2739 2303 8892 2740 2172 8893 2736 2304 8894 2736 2304 8895 2740 2172 8896 2737 2170 8897 2736 2304 8898 2737 2170 8899 2733 2305 8900 2733 2305 8901 2737 2170 8902 2734 2168 8903 2733 2305 8904 2734 2168 8905 2730 2306 8906 2730 2306 8907 2734 2168 8908 2731 2166 8909 2730 2306 8910 2731 2166 8911 2727 2307 8912 2727 2307 8913 2731 2166 8914 2728 2164 8915 2727 2307 8916 2728 2164 8917 2721 2308 8918 2721 2308 8919 2728 2164 8920 2722 2162 8921 2721 2308 8922 2722 2162 8923 2724 2309 8924 2724 2309 8925 2722 2162 8926 2723 2160 8927 2724 2309 8928 2723 2160 8929 2895 2310 8930 2895 2310 8931 2723 2160 8932 2896 2158 8933 2895 2310 8934 2896 2158 8935 2892 2311 8936 2892 2311 8937 2896 2158 8938 2893 2278 8939 2892 2311 8940 2893 2278 8941 2889 2312 8942 2889 2312 8943 2893 2278 8944 2890 2276 8945 2889 2312 8946 2890 2276 8947 2886 2313 8948 2886 2313 8949 2890 2276 8950 2887 2274 8951 2886 2313 8952 2887 2274 8953 2883 2314 8954 2883 2314 8955 2887 2274 8956 2884 2272 8957 2883 2314 8958 2884 2272 8959 2880 2315 8960 2880 2315 8961 2884 2272 8962 2881 2270 8963 2880 2315 8964 2881 2270 8965 2877 2316 8966 2877 2316 8967 2881 2270 8968 2878 2268 8969 2877 2316 8970 2878 2268 8971 2874 2317 8972 2874 2317 8973 2878 2268 8974 2875 2266 8975 2874 2317 8976 2875 2266 8977 2871 2318 8978 2871 2318 8979 2875 2266 8980 2872 2264 8981 2871 2318 8982 2872 2264 8983 2868 2319 8984 2868 2319 8985 2872 2264 8986 2869 2262 8987 2868 2319 8988 2869 2262 8989 2865 2320 8990 2865 2320 8991 2869 2262 8992 2866 2260 8993 2865 2320 8994 2866 2260 8995 2862 2321 8996 2862 2321 8997 2866 2260 8998 2863 2258 8999 2862 2321 9000 2863 2258 9001 2859 2322 9002 2859 2322 9003 2863 2258 9004 2860 2256 9005 2859 2322 9006 2860 2256 9007 2856 2323 9008 2856 2323 9009 2860 2256 9010 2857 2254 9011 2856 2323 9012 2857 2254 9013 2853 2324 9014 2853 2324 9015 2857 2254 9016 2854 2252 9017 2853 2324 9018 2854 2252 9019 2850 2325 9020 2850 2325 9021 2854 2252 9022 2851 2250 9023 2850 2325 9024 2851 2250 9025 2847 2326 9026 2847 2326 9027 2851 2250 9028 2848 2248 9029 2847 2326 9030 2848 2248 9031 2844 2327 9032 2844 2327 9033 2848 2248 9034 2845 2246 9035 2844 2327 9036 2845 2246 9037 2841 2328 9038 2841 2328 9039 2845 2246 9040 2842 2244 9041 2841 2328 9042 2842 2244 9043 2838 2329 9044 2838 2329 9045 2842 2244 9046 2839 2242 9047 2838 2329 9048 2839 2242 9049 2835 2330 9050 2835 2330 9051 2839 2242 9052 2836 2240 9053 2835 2330 9054 2836 2240 9055 2832 2331 9056 2832 2331 9057 2836 2240 9058 2833 2238 9059 2832 2331 9060 2833 2238 9061 2829 2332 9062 2829 2332 9063 2833 2238 9064 2830 2236 9065 2829 2332 9066 2830 2236 9067 2826 2333 9068 2826 2333 9069 2830 2236 9070 2827 2234 9071 2826 2333 9072 2827 2234 9073 2823 2334 9074 2823 2334 9075 2827 2234 9076 2824 2232 9077 2823 2334 9078 2824 2232 9079 2820 2335 9080 2820 2335 9081 2824 2232 9082 2821 2230 9083 2820 2335 9084 2821 2230 9085 2817 2336 9086 2817 2336 9087 2821 2230 9088 2818 2228 9089 2817 2336 9090 2818 2228 9091 2814 2337 9092 2814 2337 9093 2818 2228 9094 2815 2226 9095 2814 2337 9096 2815 2226 9097 2811 2338 9098 2811 2338 9099 2815 2226 9100 2812 2224 9101 2811 2338 9102 2812 2224 9103 2717 2339 9104 2717 2339 9105 2812 2224 9106 2719 2222 9107 2898 222 9108 2906 222 9109 2897 222 9110 2897 222 9111 2906 222 9112 2907 222 9113 2897 222 9114 2907 222 9115 2916 222 9116 2916 222 9117 2907 222 9118 2908 222 9119 2916 222 9120 2908 222 9121 2915 222 9122 2915 222 9123 2908 222 9124 2909 222 9125 2915 222 9126 2909 222 9127 2914 222 9128 2914 222 9129 2909 222 9130 2910 222 9131 2914 222 9132 2910 222 9133 2913 222 9134 2913 222 9135 2910 222 9136 2911 222 9137 2913 222 9138 2911 222 9139 2912 222 9140 2906 222 9141 2898 222 9142 2905 222 9143 2905 222 9144 2898 222 9145 2899 222 9146 2905 222 9147 2899 222 9148 2904 222 9149 2904 222 9150 2899 222 9151 2900 222 9152 2904 222 9153 2900 222 9154 2903 222 9155 2903 222 9156 2900 222 9157 2901 222 9158 2903 222 9159 2901 222 9160 2902 222 9161 2918 169 9162 2937 41 9163 2917 41 9164 2917 41 9165 2937 41 9166 2938 220 9167 2917 41 9168 2938 220 9169 2936 220 9170 2936 220 9171 2938 220 9172 2939 217 9173 2936 220 9174 2939 217 9175 2935 217 9176 2935 217 9177 2939 217 9178 2940 214 9179 2935 217 9180 2940 214 9181 2934 214 9182 2934 214 9183 2940 214 9184 2941 48 9185 2934 214 9186 2941 48 9187 2933 48 9188 2933 48 9189 2941 48 9190 2942 209 9191 2933 48 9192 2942 209 9193 2932 209 9194 2932 209 9195 2942 209 9196 2943 206 9197 2932 209 9198 2943 206 9199 2931 206 9200 2931 206 9201 2943 206 9202 2944 203 9203 2931 206 9204 2944 203 9205 2930 203 9206 2930 203 9207 2944 203 9208 2945 55 9209 2930 203 9210 2945 55 9211 2929 55 9212 2929 55 9213 2945 55 9214 2946 198 9215 2929 55 9216 2946 198 9217 2928 198 9218 2928 198 9219 2946 198 9220 2927 2340 9221 2927 2340 9222 2946 198 9223 2958 2340 9224 2957 2341 9225 2947 2341 9226 2926 191 9227 2926 191 9228 2947 2341 9229 2948 191 9230 2926 191 9231 2948 191 9232 2949 63 9233 2937 41 9234 2918 169 9235 2956 169 9236 2956 169 9237 2918 169 9238 2919 172 9239 2956 169 9240 2919 172 9241 2955 172 9242 2955 172 9243 2919 172 9244 2920 175 9245 2955 172 9246 2920 175 9247 2954 175 9248 2954 175 9249 2920 175 9250 2921 70 9251 2954 175 9252 2921 70 9253 2953 70 9254 2953 70 9255 2921 70 9256 2922 180 9257 2953 70 9258 2922 180 9259 2952 180 9260 2952 180 9261 2922 180 9262 2923 183 9263 2952 180 9264 2923 183 9265 2951 183 9266 2951 183 9267 2923 183 9268 2924 186 9269 2951 183 9270 2924 186 9271 2950 186 9272 2950 186 9273 2924 186 9274 2925 63 9275 2950 186 9276 2925 63 9277 2949 63 9278 2949 63 9279 2925 63 9280 2926 191 9281 2960 2342 9282 3070 2342 9283 2959 59 9284 2959 59 9285 3070 2342 9286 3015 59 9287 2959 59 9288 3015 59 9289 3014 2343 9290 3014 2343 9291 3015 59 9292 3016 2343 9293 3014 2343 9294 3016 2343 9295 3013 2344 9296 3013 2344 9297 3016 2343 9298 3017 2344 9299 3013 2344 9300 3017 2344 9301 3012 2345 9302 3012 2345 9303 3017 2344 9304 3018 2345 9305 3012 2345 9306 3018 2345 9307 3011 62 9308 3011 62 9309 3018 2345 9310 3019 62 9311 3011 62 9312 3019 62 9313 3010 2346 9314 3010 2346 9315 3019 62 9316 3020 2346 9317 3010 2346 9318 3020 2346 9319 3009 2347 9320 3009 2347 9321 3020 2346 9322 3021 2347 9323 3009 2347 9324 3021 2347 9325 3008 2348 9326 3008 2348 9327 3021 2347 9328 3022 2348 9329 3008 2348 9330 3022 2348 9331 3007 2349 9332 3007 2349 9333 3022 2348 9334 3023 2349 9335 3007 2349 9336 3023 2349 9337 3006 2350 9338 3006 2350 9339 3023 2349 9340 3024 2350 9341 3006 2350 9342 3024 2350 9343 3005 2351 9344 3005 2351 9345 3024 2350 9346 3025 2351 9347 3005 2351 9348 3025 2351 9349 3004 2352 9350 3004 2352 9351 3025 2351 9352 3026 2352 9353 3004 2352 9354 3026 2352 9355 3003 67 9356 3003 67 9357 3026 2352 9358 3027 67 9359 3003 67 9360 3027 67 9361 3002 2353 9362 3002 2353 9363 3027 67 9364 3028 2353 9365 3002 2353 9366 3028 2353 9367 3001 180 9368 3001 180 9369 3028 2353 9370 3029 180 9371 3001 180 9372 3029 180 9373 3000 2354 9374 3000 2354 9375 3029 180 9376 3030 2354 9377 3000 2354 9378 3030 2354 9379 2999 2355 9380 2999 2355 9381 3030 2354 9382 3031 2355 9383 2999 2355 9384 3031 2355 9385 2998 2356 9386 2998 2356 9387 3031 2355 9388 3032 2356 9389 2998 2356 9390 3032 2356 9391 2997 2357 9392 2997 2357 9393 3032 2356 9394 3033 2357 9395 2997 2357 9396 3033 2357 9397 2996 2358 9398 2996 2358 9399 3033 2357 9400 3034 2358 9401 2996 2358 9402 3034 2358 9403 2995 72 9404 2995 72 9405 3034 2358 9406 3035 72 9407 2995 72 9408 3035 72 9409 2994 2359 9410 2994 2359 9411 3035 72 9412 3036 2359 9413 2994 2359 9414 3036 2359 9415 2993 2360 9416 2993 2360 9417 3036 2359 9418 3037 2360 9419 2993 2360 9420 3037 2360 9421 2992 2361 9422 2992 2361 9423 3037 2360 9424 3038 2361 9425 2992 2361 9426 3038 2361 9427 2991 2362 9428 2991 2362 9429 3038 2361 9430 3039 2362 9431 2991 2362 9432 3039 2362 9433 2990 2363 9434 2990 2363 9435 3039 2362 9436 3040 2363 9437 2990 2363 9438 3040 2363 9439 2989 2364 9440 2989 2364 9441 3040 2363 9442 3041 2364 9443 2989 2364 9444 3041 2364 9445 2988 2365 9446 2988 2365 9447 3041 2364 9448 3042 2365 9449 2988 2365 9450 3042 2365 9451 2987 2366 9452 2987 2366 9453 3042 2365 9454 3072 2366 9455 3071 2367 9456 3043 2367 9457 2986 2368 9458 2986 2368 9459 3043 2367 9460 3044 2368 9461 2986 2368 9462 3044 2368 9463 2985 2369 9464 2985 2369 9465 3044 2368 9466 3045 2369 9467 2985 2369 9468 3045 2369 9469 2984 2370 9470 2984 2370 9471 3045 2369 9472 3046 2370 9473 2984 2370 9474 3046 2370 9475 2983 2371 9476 2983 2371 9477 3046 2370 9478 3047 2371 9479 2983 2371 9480 3047 2371 9481 2982 2372 9482 2982 2372 9483 3047 2371 9484 3048 2372 9485 2982 2372 9486 3048 2372 9487 2981 2373 9488 2981 2373 9489 3048 2372 9490 3049 2373 9491 2981 2373 9492 3049 2373 9493 2980 2374 9494 2980 2374 9495 3049 2373 9496 3050 2374 9497 2980 2374 9498 3050 2374 9499 2979 46 9500 2979 46 9501 3050 2374 9502 3051 46 9503 2979 46 9504 3051 46 9505 2978 2375 9506 2978 2375 9507 3051 46 9508 3052 2375 9509 2978 2375 9510 3052 2375 9511 2977 2376 9512 2977 2376 9513 3052 2375 9514 3053 2376 9515 2977 2376 9516 3053 2376 9517 2976 2377 9518 2976 2377 9519 3053 2376 9520 3054 2377 9521 2976 2377 9522 3054 2377 9523 2975 2378 9524 2975 2378 9525 3054 2377 9526 3055 2378 9527 2975 2378 9528 3055 2378 9529 2974 2379 9530 2974 2379 9531 3055 2378 9532 3056 2379 9533 2974 2379 9534 3056 2379 9535 2973 209 9536 2973 209 9537 3056 2379 9538 3057 209 9539 2973 209 9540 3057 209 9541 2972 2380 9542 2972 2380 9543 3057 209 9544 3058 2380 9545 2972 2380 9546 3058 2380 9547 2971 51 9548 2971 51 9549 3058 2380 9550 3059 51 9551 2971 51 9552 3059 51 9553 2970 2381 9554 2970 2381 9555 3059 51 9556 3060 2381 9557 2970 2381 9558 3060 2381 9559 2969 2382 9560 2969 2382 9561 3060 2381 9562 3061 2382 9563 2969 2382 9564 3061 2382 9565 2968 2383 9566 2968 2383 9567 3061 2382 9568 3062 2383 9569 2968 2383 9570 3062 2383 9571 2967 2384 9572 2967 2384 9573 3062 2383 9574 3063 2384 9575 2967 2384 9576 3063 2384 9577 2966 2385 9578 2966 2385 9579 3063 2384 9580 3064 2385 9581 2966 2385 9582 3064 2385 9583 2965 2386 9584 2965 2386 9585 3064 2385 9586 3065 2386 9587 2965 2386 9588 3065 2386 9589 2964 2387 9590 2964 2387 9591 3065 2386 9592 3066 2387 9593 2964 2387 9594 3066 2387 9595 2963 56 9596 2963 56 9597 3066 2387 9598 3067 56 9599 2963 56 9600 3067 56 9601 2962 2388 9602 2962 2388 9603 3067 56 9604 3068 2388 9605 2962 2388 9606 3068 2388 9607 2961 2389 9608 2961 2389 9609 3068 2388 9610 3069 2389 9611 2961 2389 9612 3069 2389 9613 2960 2342 9614 2960 2342 9615 3069 2389 9616 3070 2342 9617</p>
        </triangles>
      </mesh>
    </geometry>
    <geometry id="Body1-mesh" name="Body1">
      <mesh>
        <source id="Body1-mesh-positions">
          <float_array id="Body1-mesh-positions-array" count="720">-2.95 1.2875 0 -2.93384 1.2875 0.308359 -2.885535 1.2875 0.6133395 -2.805617 1.2875 0.9116001 -2.694959 1.2875 1.199873 -2.554775 1.2875 1.475 -2.3866 1.2875 1.733966 -2.192277 1.2875 1.973935 -1.973935 1.2875 2.192277 -1.733966 1.2875 2.3866 -1.475 1.2875 2.554775 -1.199873 1.2875 2.694959 -0.9116001 1.2875 2.805617 -0.6133395 1.2875 2.885535 -0.308359 1.2875 2.93384 0 1.2875 2.95 0.308359 1.2875 2.93384 0.6133395 1.2875 2.885535 0.9116001 1.2875 2.805617 1.199873 1.2875 2.694959 1.475 1.2875 2.554775 1.733966 1.2875 2.3866 1.973935 1.2875 2.192277 2.192277 1.2875 1.973935 2.3866 1.2875 1.733966 2.554775 1.2875 1.475 2.694959 1.2875 1.199873 2.805617 1.2875 0.9116001 2.885535 1.2875 0.6133395 2.93384 1.2875 0.308359 2.95 1.2875 0 2.93384 1.2875 -0.308359 2.885535 1.2875 -0.6133395 2.805617 1.2875 -0.9116001 2.694959 1.2875 -1.199873 2.554775 1.2875 -1.475 2.3866 1.2875 -1.733966 2.192277 1.2875 -1.973935 1.973935 1.2875 -2.192277 1.733966 1.2875 -2.3866 1.475 1.2875 -2.554775 1.199873 1.2875 -2.694959 0.9116001 1.2875 -2.805617 0.6133395 1.2875 -2.885535 0.308359 1.2875 -2.93384 0 1.2875 -2.95 -0.308359 1.2875 -2.93384 -0.6133395 1.2875 -2.885535 -0.9116001 1.2875 -2.805617 -1.199873 1.2875 -2.694959 -1.475 1.2875 -2.554775 -1.733966 1.2875 -2.3866 -1.973935 1.2875 -2.192277 -2.192277 1.2875 -1.973935 -2.3866 1.2875 -1.733966 -2.554775 1.2875 -1.475 -2.694959 1.2875 -1.199873 -2.805617 1.2875 -0.9116001 -2.885535 1.2875 -0.6133395 -2.93384 1.2875 -0.308359 -2.9375 1.3 0 -2.921408 1.3 -0.3070524 -2.873309 1.3 -0.6107406 -2.793729 1.3 -0.9077374 -2.68354 1.3 -1.194789 -2.54395 1.3 -1.46875 -2.376487 1.3 -1.726619 -2.182988 1.3 -1.965571 -1.965571 1.3 -2.182988 -1.726619 1.3 -2.376487 -1.46875 1.3 -2.54395 -1.194789 1.3 -2.68354 -0.9077374 1.3 -2.793729 -0.6107406 1.3 -2.873309 -0.3070524 1.3 -2.921408 0 1.3 -2.9375 0.3070524 1.3 -2.921408 0.6107406 1.3 -2.873309 0.9077374 1.3 -2.793729 1.194789 1.3 -2.68354 1.46875 1.3 -2.54395 1.726619 1.3 -2.376487 1.965571 1.3 -2.182988 2.182988 1.3 -1.965571 2.376487 1.3 -1.726619 2.54395 1.3 -1.46875 2.68354 1.3 -1.194789 2.793729 1.3 -0.9077374 2.873309 1.3 -0.6107406 2.921408 1.3 -0.3070524 2.9375 1.3 0 2.921408 1.3 0.3070524 2.873309 1.3 0.6107406 2.793729 1.3 0.9077374 2.68354 1.3 1.194789 2.54395 1.3 1.46875 2.376487 1.3 1.726619 2.182988 1.3 1.965571 1.965571 1.3 2.182988 1.726619 1.3 2.376487 1.46875 1.3 2.54395 1.194789 1.3 2.68354 0.9077374 1.3 2.793729 0.6107406 1.3 2.873309 0.3070524 1.3 2.921408 0 1.3 2.9375 -0.3070524 1.3 2.921408 -0.6107406 1.3 2.873309 -0.9077374 1.3 2.793729 -1.194789 1.3 2.68354 -1.46875 1.3 2.54395 -1.726619 1.3 2.376487 -1.965571 1.3 2.182988 -2.182988 1.3 1.965571 -2.376487 1.3 1.726619 -2.54395 1.3 1.46875 -2.68354 1.3 1.194789 -2.793729 1.3 0.9077374 -2.873309 1.3 0.6107406 -2.921408 1.3 0.3070524 -2.95 1.2875 0 -2.9375 1.3 0 -2.8 1.3 0 -2.783586 1.3 -0.3027333 -2.734538 1.3 -0.6019172 -2.653429 1.3 -0.8940443 -2.541211 1.3 -1.175689 -2.3992 1.3 -1.443551 -2.229061 1.3 -1.694488 -2.032787 1.3 -1.925558 -1.812682 1.3 -2.134054 -1.571324 1.3 -2.317529 -1.311544 1.3 -2.473834 -1.036387 1.3 -2.601135 -0.7490794 1.3 -2.69794 -0.4529896 1.3 -2.763114 -0.1515889 1.3 -2.795894 0.1515889 1.3 -2.795894 0.4529896 1.3 -2.763114 0.7490794 1.3 -2.69794 1.036387 1.3 -2.601135 1.311544 1.3 -2.473834 1.571324 1.3 -2.317529 1.812682 1.3 -2.134054 2.032787 1.3 -1.925558 2.229061 1.3 -1.694488 2.3992 1.3 -1.443551 2.541211 1.3 -1.175689 2.653429 1.3 -0.8940443 2.734538 1.3 -0.6019172 2.783586 1.3 -0.3027333 2.8 1.3 0 2.783586 1.3 0.3027333 2.734538 1.3 0.6019172 2.653429 1.3 0.8940443 2.541211 1.3 1.175689 2.3992 1.3 1.443551 2.229061 1.3 1.694488 2.032787 1.3 1.925558 1.812682 1.3 2.134054 1.571324 1.3 2.317529 1.311544 1.3 2.473834 1.036387 1.3 2.601135 0.7490794 1.3 2.69794 0.4529896 1.3 2.763114 0.1515889 1.3 2.795894 -0.1515889 1.3 2.795894 -0.4529896 1.3 2.763114 -0.7490794 1.3 2.69794 -1.036387 1.3 2.601135 -1.311544 1.3 2.473834 -1.571324 1.3 2.317529 -1.812682 1.3 2.134054 -2.032787 1.3 1.925558 -2.229061 1.3 1.694488 -2.3992 1.3 1.443551 -2.541211 1.3 1.175689 -2.653429 1.3 0.8940443 -2.734538 1.3 0.6019172 -2.783586 1.3 0.3027333 -2.9375 1.3 0 -2.921408 1.3 0.3070524 -2.873309 1.3 0.6107406 -2.793729 1.3 0.9077374 -2.68354 1.3 1.194789 -2.54395 1.3 1.46875 -2.376487 1.3 1.726619 -2.182988 1.3 1.965571 -1.965571 1.3 2.182988 -1.726619 1.3 2.376487 -1.46875 1.3 2.54395 -1.194789 1.3 2.68354 -0.9077374 1.3 2.793729 -0.6107406 1.3 2.873309 -0.3070524 1.3 2.921408 0 1.3 2.9375 0.3070524 1.3 2.921408 0.6107406 1.3 2.873309 0.9077374 1.3 2.793729 1.194789 1.3 2.68354 1.46875 1.3 2.54395 1.726619 1.3 2.376487 1.965571 1.3 2.182988 2.182988 1.3 1.965571 2.376487 1.3 1.726619 2.54395 1.3 1.46875 2.68354 1.3 1.194789 2.793729 1.3 0.9077374 2.873309 1.3 0.6107406 2.921408 1.3 0.3070524 2.9375 1.3 0 2.921408 1.3 -0.3070524 2.873309 1.3 -0.6107406 2.793729 1.3 -0.9077374 2.68354 1.3 -1.194789 2.54395 1.3 -1.46875 2.376487 1.3 -1.726619 2.182988 1.3 -1.965571 1.965571 1.3 -2.182988 1.726619 1.3 -2.376487 1.46875 1.3 -2.54395 1.194789 1.3 -2.68354 0.9077374 1.3 -2.793729 0.6107406 1.3 -2.873309 0.3070524 1.3 -2.921408 0 1.3 -2.9375 -0.3070524 1.3 -2.921408 -0.6107406 1.3 -2.873309 -0.9077374 1.3 -2.793729 -1.194789 1.3 -2.68354 -1.46875 1.3 -2.54395 -1.726619 1.3 -2.376487 -1.965571 1.3 -2.182988 -2.182988 1.3 -1.965571 -2.376487 1.3 -1.726619 -2.54395 1.3 -1.46875 -2.68354 1.3 -1.194789 -2.793729 1.3 -0.9077374 -2.873309 1.3 -0.6107406 -2.921408 1.3 -0.3070524</float_array>
          <technique_common>
            <accessor source="#Body1-mesh-positions-array" count="240" stride="3">
              <param name="X" type="float"/>
              <param name="Y" type="float"/>
              <param name="Z" type="float"/>
            </accessor>
          </technique_common>
        </source>
        <source id="Body1-mesh-normals">
          <float_array id="Body1-mesh-normals-array" count="312">-0.7032182 0.7071246 0.07388639 -0.7066069 0.7066374 0.03701955 -0.7066221 0.7066221 -0.03702032 -0.7032182 0.7071246 -0.07388639 -0.6916759 0.7070878 -0.1470085 -0.6725009 0.7071102 -0.2184903 -0.6459914 0.70709 -0.2876091 -0.6123769 0.7071098 -0.3535397 -0.572062 0.7071118 -0.4156178 -0.5254851 0.7071068 -0.4731441 -0.4731442 0.7071069 -0.5254852 -0.4156178 0.7071118 -0.572062 -0.3535397 0.7071098 -0.6123769 -0.2876148 0.7071039 -0.6459736 -0.2184858 0.7070956 -0.6725175 -0.1470085 0.7070878 -0.6916758 -0.07388639 0.7071246 -0.7032182 0 0.7071068 -0.7071068 0.07388639 0.7071246 -0.7032182 0.1470117 0.7070724 -0.6916907 0.2184858 0.7070956 -0.6725175 0.2876148 0.7071039 -0.6459736 0.3535397 0.7071098 -0.6123769 0.4156178 0.7071118 -0.572062 0.4731442 0.7071069 -0.5254852 0.5254851 0.7071068 -0.4731441 0.572062 0.7071118 -0.4156178 0.6123703 0.7071022 -0.3535664 0.6459736 0.7071039 -0.2876148 0.6725175 0.7070956 -0.2184858 0.6916759 0.7070878 -0.1470085 0.7032182 0.7071246 -0.07388639 0.7071068 0.7071068 0 0.7032182 0.7071246 0.07388639 0.6916759 0.7070878 0.1470085 0.6725009 0.7071102 0.2184903 0.6459914 0.70709 0.2876091 0.6123769 0.7071098 0.3535397 0.572062 0.7071118 0.4156178 0.5254851 0.7071068 0.4731441 0.4731442 0.7071069 0.5254852 0.4156178 0.7071118 0.572062 0.3535397 0.7071098 0.6123769 0.2876148 0.7071039 0.6459736 0.2184858 0.7070956 0.6725175 0.1470085 0.7070878 0.6916758 0.07388639 0.7071246 0.7032182 0 0.7071068 0.7071068 -0.07388639 0.7071246 0.7032182 -0.1470117 0.7070724 0.6916907 -0.2184858 0.7070956 0.6725175 -0.2876148 0.7071039 0.6459736 -0.3535397 0.7071098 0.6123769 -0.4156178 0.7071118 0.572062 -0.4731442 0.7071069 0.5254852 -0.5254851 0.7071068 0.4731441 -0.572062 0.7071118 0.4156178 -0.6123703 0.7071022 0.3535664 -0.6459736 0.7071039 0.2876148 -0.6725175 0.7070956 0.2184858 -0.6916759 0.7070878 0.1470085 0 1 0 0 1 0 0 1 0 0 1 3.54261e-7 0 1 -3.55205e-7 0 1 3.55494e-7 0 1 -3.5398e-7 0 1 1.7832e-7 0 1 2.90629e-7 0 1 7.03688e-7 0 1 0 0 1 -3.59539e-7 0 1 7.20633e-7 0 1 -1.39761e-6 0 1 7.22011e-7 0 1 1.39136e-6 0 1 1.39004e-6 0 1 1.3891e-6 0 1 -7.25955e-7 0 1 -1.38854e-6 0 1 7.20634e-7 0 1 -7.19079e-7 0 1 0 0 1 0 0 1 -3.54261e-7 0 1 3.55205e-7 0 1 -3.55494e-7 0 1 3.5398e-7 0 1 -1.7832e-7 0 1 -2.90629e-7 0 1 -7.03688e-7 0 1 0 0 1 3.59539e-7 0 1 -7.20633e-7 0 1 1.39761e-6 0 1 -7.22011e-7 0 1 -1.39136e-6 0 1 -1.39004e-6 0 1 -1.3891e-6 0 1 7.25955e-7 0 1 1.38854e-6 0 1 -7.20634e-7 0 1 7.19079e-7</float_array>
          <technique_common>
            <accessor source="#Body1-mesh-normals-array" count="104" stride="3">
              <param name="X" type="float"/>
              <param name="Y" type="float"/>
              <param name="Z" type="float"/>
            </accessor>
          </technique_common>
        </source>
        <source id="Body1-mesh-map-0">
          <float_array id="Body1-mesh-map-0-array" count="1428">0 0 0 0 0 0 0 0 0 0 0 0 0 0 0 0 0 0 0 0 0 0 0 0 0 0 0 0 0 0 0 0 0 0 0 0 0 0 0 0 0 0 0 0 0 0 0 0 0 0 0 0 0 0 0 0 0 0 0 0 0 0 0 0 0 0 0 0 0 0 0 0 0 0 0 0 0 0 0 0 0 0 0 0 0 0 0 0 0 0 0 0 0 0 0 0 0 0 0 0 0 0 0 0 0 0 0 0 0 0 0 0 0 0 0 0 0 0 0 0 0 0 0 0 0 0 0 0 0 0 0 0 0 0 0 0 0 0 0 0 0 0 0 0 0 0 0 0 0 0 0 0 0 0 0 0 0 0 0 0 0 0 0 0 0 0 0 0 0 0 0 0 0 0 0 0 0 0 0 0 0 0 0 0 0 0 0 0 0 0 0 0 0 0 0 0 0 0 0 0 0 0 0 0 0 0 0 0 0 0 0 0 0 0 0 0 0 0 0 0 0 0 0 0 0 0 0 0 0 0 0 0 0 0 0 0 0 0 0 0 0 0 0 0 0 0 0 0 0 0 0 0 0 0 0 0 0 0 0 0 0 0 0 0 0 0 0 0 0 0 0 0 0 0 0 0 0 0 0 0 0 0 0 0 0 0 0 0 0 0 0 0 0 0 0 0 0 0 0 0 0 0 0 0 0 0 0 0 0 0 0 0 0 0 0 0 0 0 0 0 0 0 0 0 0 0 0 0 0 0 0 0 0 0 0 0 0 0 0 0 0 0 0 0 0 0 0 0 0 0 0 0 0 0 0 0 0 0 0 0 0 0 0 0 0 0 0 0 0 0 0 0 0 0 0 0 0 0 0 0 0 0 0 0 0 0 0 0 0 0 0 0 0 0 0 0 0 0 0 0 0 0 0 0 0 0 0 0 0 0 0 0 0 0 0 0 0 0 0 0 0 0 0 0 0 0 0 0 0 0 0 0 0 0 0 0 0 0 0 0 0 0 0 0 0 0 0 0 0 0 0 0 0 0 0 0 0 0 0 0 0 0 0 0 0 0 0 0 0 0 0 0 0 0 0 0 0 0 0 0 0 0 0 0 0 0 0 0 0 0 0 0 0 0 0 0 0 0 0 0 0 0 0 0 0 0 0 0 0 0 0 0 0 0 0 0 0 0 0 0 0 0 0 0 0 0 0 0 0 0 0 0 0 0 0 0 0 0 0 0 0 0 0 0 0 0 0 0 0 0 0 0 0 0 0 0 0 0 0 0 0 0 0 0 0 0 0 0 0 0 0 0 0 0 0 0 0 0 0 0 0 0 0 0 0 0 0 0 0 0 0 0 0 0 0 0 0 0 0 0 0 0 0 0 0 0 0 0 0 0 0 0 0 0 0 0 0 0 0 0 0 0 0 0 0 0 0 0 0 0 0 0 0 0 0 0 0 0 0 0 0 0 0 0 0 0 0 0 0 0 0 0 0 0 0 0 0 0 0 0 0 0 0 0 0 0 0 0 0 0 0 0 0 0 0 0 0 0 0 0 0 0 0 0 0 0 0 0 0 0 0 0 0 0 0 0 0 0 0 0 0 0 0 0 0 0 0 0 0 0 0 0 0 0 0 0 0 0 0 0 0 0 0 0 0 0 0 0 0 0 0 0 0 0 0 0 0 0 0 0 0 0 0 0 0 0 0 0 0 0 0 0 0 0 0 0 0 0 0 0 0 0 0 0 0 0 0 0 0 0 0 0 0 0 0 0 0 0 0 0 0 0 0 0 0 0 0 0 0 0 0 0 0 0 0 0 0 0 0 0 0 0 0 0 0 0 0 0 0 0 0 0 0 0 0 0 0 0 0 0 0 0 0 0 0 0 0 0 0 0 0 0 0 0 0 0 0 0 0 0 0 0 0 0 0 0 0 0 0 0 0 0 0 0 0 0 0 0 0 0 0 0 0 0 0 0 0 0 0 0 0 0 0 0 0 0 0 0 0 0 0 0 0 0 0 0 0 0 0 0 0 0 0 0 0 0 0 0 0 0 0 0 0 0 0 0 0 0 0 0 0 0 0 0 0 0 0 0 0 0 0 0 0 0 0 0 0 0 0 0 0 0 0 0 0 0 0 0 0 0 0 0 0 0 0 0 0 0 0 0 0 0 0 0 0 0 0 0 0 0 0 0 0 0 0 0 0 0 0 0 0 0 0 0 0 0 0 0 0 0 0 0 0 0 0 0 0 0 0 0 0 0 0 0 0 0 0 0 0 0 0 0 0 0 0 0 0 0 0 0 0 0 0 0 0 0 0 0 0 0 0 0 0 0 0 0 0 0 0 0 0 0 0 0 0 0 0 0 0 0 0 0 0 0 0 0 0 0 0 0 0 0 0 0 0 0 0 0 0 0 0 0 0 0 0 0 0 0 0 0 0 0 0 0 0 0 0 0 0 0 0 0 0 0 0 0 0 0 0 0 0 0 0 0 0 0 0 0 0 0 0 0 0 0 0 0 0 0 0 0 0 0 0 0 0 0 0 0 0 0 0 0 0 0 0 0 0 0 0 0 0 0 0 0 0 0 0 0 0 0 0 0 0 0 0 0 0 0 0 0 0 0 0 0 0 0 0 0 0 0 0 0 0 0 0 0 0 0 0 0 0 0 0 0 0 0 0 0 0 0 0 0 0 0 0 0 0 0 0 0 0 0 0 0 0 0 0 0 0 0 0 0 0 0 0 0 0 0 0 0 0 0 0 0 0 0 0 0 0 0 0 0 0 0 0 0 0 0 0 0 0 0 0 0 0 0 0 0 0 0 0 0 0 0 0 0 0 0 0 0 0 0 0 0 0 0 0 0 0 0 0 0 0 0 0 0 0 0 0 0 0 0 0 0 0 0 0 0 0 0 0 0 0 0 0 0 0 0 0 0 0 0 0 0 0 0 0 0 0 0 0 0 0 0 0 0 0 0 0 0 0 0 0 0 0 0 0 0 0 0 0 0 0 0 0 0 0 0 0 0 0 0 0 0 0 0 0 0 0 0 0 0 0 0 0 0 0 0 0 0 0 0 0 0 0 0 0 0 0 0 0 0 0 0 0 0 0 0 0 0 0 0 0 0 0 0 0 0 0 0 0 0 0 0 0 0 0 0 0 0 0 0 0 0 0 0 0 0 0 0 0 0 0 0 0 0 0 0 0 0 0 0 0 0 0 0 0 0 0 0 0 0 0 0 0 0 0 0</float_array>
          <technique_common>
            <accessor source="#Body1-mesh-map-0-array" count="714" stride="2">
              <param name="S" type="float"/>
              <param name="T" type="float"/>
            </accessor>
          </technique_common>
        </source>
        <vertices id="Body1-mesh-vertices">
          <input semantic="POSITION" source="#Body1-mesh-positions"/>
        </vertices>
        <triangles material="Material_002-material" count="238">
          <input semantic="VERTEX" source="#Body1-mesh-vertices" offset="0"/>
          <input semantic="NORMAL" source="#Body1-mesh-normals" offset="1"/>
          <input semantic="TEXCOORD" source="#Body1-mesh-map-0" offset="2" set="0"/>
          <p>1 0 0 119 0 1 0 1 2 0 1 3 119 0 4 121 1 5 120 2 6 60 2 7 59 3 8 59 3 9 60 2 10 61 3 11 59 3 12 61 3 13 58 4 14 58 4 15 61 3 16 62 4 17 58 4 18 62 4 19 57 5 20 57 5 21 62 4 22 63 5 23 57 5 24 63 5 25 56 6 26 56 6 27 63 5 28 64 6 29 56 6 30 64 6 31 55 7 32 55 7 33 64 6 34 65 7 35 55 7 36 65 7 37 54 8 38 54 8 39 65 7 40 66 8 41 54 8 42 66 8 43 53 9 44 53 9 45 66 8 46 67 9 47 53 9 48 67 9 49 52 10 50 52 10 51 67 9 52 68 10 53 52 10 54 68 10 55 51 11 56 51 11 57 68 10 58 69 11 59 51 11 60 69 11 61 50 12 62 50 12 63 69 11 64 70 12 65 50 12 66 70 12 67 49 13 68 49 13 69 70 12 70 71 13 71 49 13 72 71 13 73 48 14 74 48 14 75 71 13 76 72 14 77 48 14 78 72 14 79 47 15 80 47 15 81 72 14 82 73 15 83 47 15 84 73 15 85 46 16 86 46 16 87 73 15 88 74 16 89 46 16 90 74 16 91 45 17 92 45 17 93 74 16 94 75 17 95 45 17 96 75 17 97 44 18 98 44 18 99 75 17 100 76 18 101 44 18 102 76 18 103 43 19 104 43 19 105 76 18 106 77 19 107 43 19 108 77 19 109 42 20 110 42 20 111 77 19 112 78 20 113 42 20 114 78 20 115 41 21 116 41 21 117 78 20 118 79 21 119 41 21 120 79 21 121 40 22 122 40 22 123 79 21 124 80 22 125 40 22 126 80 22 127 39 23 128 39 23 129 80 22 130 81 23 131 39 23 132 81 23 133 38 24 134 38 24 135 81 23 136 82 24 137 38 24 138 82 24 139 37 25 140 37 25 141 82 24 142 83 25 143 37 25 144 83 25 145 36 26 146 36 26 147 83 25 148 84 26 149 36 26 150 84 26 151 35 27 152 35 27 153 84 26 154 85 27 155 35 27 156 85 27 157 34 28 158 34 28 159 85 27 160 86 28 161 34 28 162 86 28 163 33 29 164 33 29 165 86 28 166 87 29 167 33 29 168 87 29 169 32 30 170 32 30 171 87 29 172 88 30 173 32 30 174 88 30 175 31 31 176 31 31 177 88 30 178 89 31 179 31 31 180 89 31 181 30 32 182 30 32 183 89 31 184 90 32 185 30 32 186 90 32 187 29 33 188 29 33 189 90 32 190 91 33 191 29 33 192 91 33 193 28 34 194 28 34 195 91 33 196 92 34 197 28 34 198 92 34 199 27 35 200 27 35 201 92 34 202 93 35 203 27 35 204 93 35 205 26 36 206 26 36 207 93 35 208 94 36 209 26 36 210 94 36 211 25 37 212 25 37 213 94 36 214 95 37 215 25 37 216 95 37 217 24 38 218 24 38 219 95 37 220 96 38 221 24 38 222 96 38 223 23 39 224 23 39 225 96 38 226 97 39 227 23 39 228 97 39 229 22 40 230 22 40 231 97 39 232 98 40 233 22 40 234 98 40 235 21 41 236 21 41 237 98 40 238 99 41 239 21 41 240 99 41 241 20 42 242 20 42 243 99 41 244 100 42 245 20 42 246 100 42 247 19 43 248 19 43 249 100 42 250 101 43 251 19 43 252 101 43 253 18 44 254 18 44 255 101 43 256 102 44 257 18 44 258 102 44 259 17 45 260 17 45 261 102 44 262 103 45 263 17 45 264 103 45 265 16 46 266 16 46 267 103 45 268 104 46 269 16 46 270 104 46 271 15 47 272 15 47 273 104 46 274 105 47 275 15 47 276 105 47 277 14 48 278 14 48 279 105 47 280 106 48 281 14 48 282 106 48 283 13 49 284 13 49 285 106 48 286 107 49 287 13 49 288 107 49 289 12 50 290 12 50 291 107 49 292 108 50 293 12 50 294 108 50 295 11 51 296 11 51 297 108 50 298 109 51 299 11 51 300 109 51 301 10 52 302 10 52 303 109 51 304 110 52 305 10 52 306 110 52 307 9 53 308 9 53 309 110 52 310 111 53 311 9 53 312 111 53 313 8 54 314 8 54 315 111 53 316 112 54 317 8 54 318 112 54 319 7 55 320 7 55 321 112 54 322 113 55 323 7 55 324 113 55 325 6 56 326 6 56 327 113 55 328 114 56 329 6 56 330 114 56 331 5 57 332 5 57 333 114 56 334 115 57 335 5 57 336 115 57 337 4 58 338 4 58 339 115 57 340 116 58 341 4 58 342 116 58 343 3 59 344 3 59 345 116 58 346 117 59 347 3 59 348 117 59 349 2 60 350 2 60 351 117 59 352 118 60 353 2 60 354 118 60 355 1 0 356 1 0 357 118 60 358 119 0 359 123 61 360 239 61 361 122 61 362 122 62 363 239 62 364 180 62 365 122 63 366 180 63 367 181 63 368 239 64 369 123 64 370 238 64 371 238 65 372 123 65 373 124 65 374 238 66 375 124 66 376 237 66 377 237 67 378 124 67 379 125 67 380 237 68 381 125 68 382 236 68 383 236 61 384 125 61 385 126 61 386 236 69 387 126 69 388 235 69 389 235 70 390 126 70 391 127 70 392 235 71 393 127 71 394 234 71 395 234 61 396 127 61 397 128 61 398 234 72 399 128 72 400 233 72 401 233 61 402 128 61 403 129 61 404 233 73 405 129 73 406 232 73 407 232 74 408 129 74 409 130 74 410 232 75 411 130 75 412 231 75 413 231 61 414 130 61 415 131 61 416 231 61 417 131 61 418 230 61 419 230 61 420 131 61 421 132 61 422 230 61 423 132 61 424 229 61 425 229 76 426 132 76 427 133 76 428 229 61 429 133 61 430 228 61 431 228 77 432 133 77 433 134 77 434 228 61 435 134 61 436 227 61 437 227 78 438 134 78 439 135 78 440 227 79 441 135 79 442 226 79 443 226 80 444 135 80 445 136 80 446 226 61 447 136 61 448 225 61 449 225 61 450 136 61 451 137 61 452 225 61 453 137 61 454 224 61 455 224 80 456 137 80 457 138 80 458 224 79 459 138 79 460 223 79 461 223 78 462 138 78 463 139 78 464 223 61 465 139 61 466 222 61 467 222 77 468 139 77 469 140 77 470 222 61 471 140 61 472 221 61 473 221 76 474 140 76 475 141 76 476 221 61 477 141 61 478 220 61 479 220 61 480 141 61 481 142 61 482 220 61 483 142 61 484 219 61 485 219 61 486 142 61 487 143 61 488 219 75 489 143 75 490 218 75 491 218 74 492 143 74 493 144 74 494 218 81 495 144 81 496 217 81 497 217 61 498 144 61 499 145 61 500 217 82 501 145 82 502 216 82 503 216 61 504 145 61 505 146 61 506 216 61 507 146 61 508 215 61 509 215 70 510 146 70 511 147 70 512 215 61 513 147 61 514 214 61 515 214 61 516 147 61 517 148 61 518 214 61 519 148 61 520 213 61 521 213 67 522 148 67 523 149 67 524 213 61 525 149 61 526 212 61 527 212 65 528 149 65 529 150 65 530 212 61 531 150 61 532 211 61 533 211 83 534 150 83 535 151 83 536 211 61 537 151 61 538 210 61 539 210 61 540 151 61 541 209 61 542 209 84 543 151 84 544 152 84 545 209 85 546 152 85 547 208 85 548 208 86 549 152 86 550 153 86 551 208 87 552 153 87 553 207 87 554 207 88 555 153 88 556 154 88 557 207 89 558 154 89 559 206 89 560 206 61 561 154 61 562 155 61 563 206 90 564 155 90 565 205 90 566 205 91 567 155 91 568 156 91 569 205 92 570 156 92 571 204 92 572 204 61 573 156 61 574 157 61 575 204 93 576 157 93 577 203 93 578 203 61 579 157 61 580 158 61 581 203 94 582 158 94 583 202 94 584 202 95 585 158 95 586 159 95 587 202 96 588 159 96 589 201 96 590 201 61 591 159 61 592 160 61 593 201 61 594 160 61 595 200 61 596 200 61 597 160 61 598 161 61 599 200 61 600 161 61 601 199 61 602 199 97 603 161 97 604 162 97 605 199 61 606 162 61 607 198 61 608 198 98 609 162 98 610 163 98 611 198 61 612 163 61 613 197 61 614 197 99 615 163 99 616 164 99 617 197 100 618 164 100 619 196 100 620 196 101 621 164 101 622 165 101 623 196 61 624 165 61 625 195 61 626 195 61 627 165 61 628 166 61 629 195 61 630 166 61 631 194 61 632 194 101 633 166 101 634 167 101 635 194 100 636 167 100 637 193 100 638 193 99 639 167 99 640 168 99 641 193 61 642 168 61 643 192 61 644 192 98 645 168 98 646 169 98 647 192 61 648 169 61 649 191 61 650 191 97 651 169 97 652 170 97 653 191 61 654 170 61 655 190 61 656 190 61 657 170 61 658 171 61 659 190 61 660 171 61 661 189 61 662 189 61 663 171 61 664 172 61 665 189 96 666 172 96 667 188 96 668 188 95 669 172 95 670 173 95 671 188 102 672 173 102 673 187 102 674 187 61 675 173 61 676 174 61 677 187 103 678 174 103 679 186 103 680 186 61 681 174 61 682 175 61 683 186 61 684 175 61 685 185 61 686 185 91 687 175 91 688 176 91 689 185 61 690 176 61 691 184 61 692 184 61 693 176 61 694 177 61 695 184 61 696 177 61 697 183 61 698 183 88 699 177 88 700 178 88 701 183 61 702 178 61 703 182 61 704 182 86 705 178 86 706 179 86 707 182 61 708 179 61 709 181 61 710 181 84 711 179 84 712 122 84 713</p>
        </triangles>
      </mesh>
    </geometry>
  </library_geometries>
  <library_visual_scenes>
    <visual_scene id="Scene" name="Scene">
      <node id="Light_002" name="Light.002" type="NODE">
        <matrix sid="transform">-0.2908646 -0.7711008 0.5663932 4.076245 0.9551712 -0.1998834 0.2183912 1.005454 -0.055189 0.6045247 0.7946723 5.903862 0 0 0 1</matrix>
        <instance_light url="#Light_002-light"/>
      </node>
      <node id="Camera_002" name="Camera.002" type="NODE">
        <matrix sid="transform">0.6859207 -0.3240135 0.6515582 7.358891 0.7276763 0.3054209 -0.6141704 -6.925791 -4.01133e-9 0.8953956 0.4452714 4.958309 0 0 0 1</matrix>
        <instance_camera url="#Camera_002-camera"/>
      </node>
      <node id="_010_sim_v4_file" name="_010_sim_v4_file" type="NODE">
        <matrix sid="transform">1 0 0 0 0 3.13916e-7 -1 0 0 1 3.13916e-7 0 0 0 0 1</matrix>
        <node id="MeshInstance" name="MeshInstance" type="NODE">
          <matrix sid="transform">1 0 0 0 0 1 0 0 0 0 1 0 0 0 0 1</matrix>
        </node>
        <node id="MeshInstance_1" name="MeshInstance_1" type="NODE">
          <matrix sid="transform">1 0 0 0 0 1 0 0 0 0 1 0 0 0 0 1</matrix>
        </node>
        <node id="MeshInstance_2" name="MeshInstance_2" type="NODE">
          <matrix sid="transform">0.9659258 0 0.258819 -2.89903e-16 0 1 0 0 -0.258819 0 0.9659258 2.72647e-16 0 0 0 1</matrix>
        </node>
      </node>
      <node id="BellHead" name="BellHead" type="NODE">
        <matrix sid="transform">1 0 0 0 0 3.13916e-7 -1 0 0 1 3.13916e-7 0 0 0 0 1</matrix>
        <node id="BellHead_001" name="BellHead.001" type="NODE">
          <matrix sid="transform">0.01 0 0 0 0 0.01 0 0 0 0 0.01 0 0 0 0 1</matrix>
          <instance_geometry url="#Body2-mesh" name="BellHead.001">
            <bind_material>
              <technique_common>
                <instance_material symbol="Material_001-material" target="#Material_001-material">
                  <bind_vertex_input semantic="Body2-mesh-map-0" input_semantic="TEXCOORD" input_set="0"/>
                </instance_material>
              </technique_common>
            </bind_material>
          </instance_geometry>
        </node>
      </node>
      <node id="BellSide" name="BellSide" type="NODE">
        <matrix sid="transform">1 0 0 0 0 3.13916e-7 -1 0 0 1 3.13916e-7 0 0 0 0 1</matrix>
        <node id="Bellside" name="Bellside" type="NODE">
          <matrix sid="transform">0.01 0 0 0 0 0.01 0 0 0 0 0.01 0 0 0 0 1</matrix>
          <instance_geometry url="#Body1-mesh" name="Bellside">
            <bind_material>
              <technique_common>
                <instance_material symbol="Material_002-material" target="#Material_002-material">
                  <bind_vertex_input semantic="Body1-mesh-map-0" input_semantic="TEXCOORD" input_set="0"/>
                </instance_material>
              </technique_common>
            </bind_material>
          </instance_geometry>
        </node>
      </node>
      <node id="Camera_001" name="Camera.001" type="NODE">
        <matrix sid="transform">0.6859207 -0.3240135 0.6515582 7.358891 0.7276763 0.3054209 -0.6141704 -6.925791 -4.01133e-9 0.8953956 0.4452714 4.958309 0 0 0 1</matrix>
        <instance_camera url="#Camera_001-camera"/>
      </node>
      <node id="Light_001" name="Light.001" type="NODE">
        <matrix sid="transform">-0.2908646 -0.7711008 0.5663932 4.076245 0.9551712 -0.1998834 0.2183911 1.005454 -0.05518897 0.6045246 0.7946723 5.903862 0 0 0 1</matrix>
        <instance_light url="#Light_001-light"/>
      </node>
      <node id="Camera" name="Camera" type="NODE">
        <matrix sid="transform">0.6859207 -0.3240135 0.6515582 7.358891 0.7276763 0.3054208 -0.6141704 -6.925791 0 0.8953956 0.4452714 4.958309 0 0 0 1</matrix>
        <instance_camera url="#Camera-camera"/>
      </node>
      <node id="Light" name="Light" type="NODE">
        <matrix sid="transform">-0.2908646 -0.7711008 0.5663932 4.076245 0.9551712 -0.1998834 0.2183912 1.005454 -0.05518906 0.6045247 0.7946723 5.903862 0 0 0 1</matrix>
        <instance_light url="#Light-light"/>
      </node>
    </visual_scene>
  </library_visual_scenes>
  <scene>
    <instance_visual_scene url="#Scene"/>
  </scene>
</COLLADA>