point,error_m
B,0.007880
C,0.028168
D,0.162109
A_return,0.164428
average,0.090646
