point,error_m
B,0.175944
C,0.209367
D,0.139391
A_return,0.116830
average,0.160383
